,Engine CC
0,1497.169492
1,1166.142857
2,1537.406593
3,1219.653846
4,1995.777778
5,1408.055556
6,1631.5
7,1998.5
8,1279.695652
9,1480.575
10,1196.0
11,1623.793103
12,1397.8
13,1596.92
14,2283.112903
15,1835.846154
16,1498.0
17,1424.666667
18,1723.0
19,1536.0
20,1743.44186
21,1292.352941
22,1796.6
23,
24,2083.523077
25,1364.0
26,1677.949153
27,2979.0
28,1873.261538
29,2598.818182
30,1472.826087
31,1205.192982
32,
33,2425.428571
34,2521.092437
35,1820.65625
36,1136.692308
37,1186.333333
38,1699.119048
39,1847.666667
40,1462.3625
41,1462.3625
42,1462.3625
43,1462.3625
44,1498.25
45,2261.193548
46,2261.193548
47,1963.666667
48,998.0
49,998.0
50,998.0
51,998.0
52,2790.454545
53,998.0
54,
55,1348.285714
56,1615.370787
57,1998.0
58,1470.909091
59,2151.647059
60,1718.571429
61,2095.185185
62,1028.923077
63,1180.545455
64,1855.0
65,
66,1482.5
67,1905.631579
68,2011.555556
69,1920.026316
70,1496.0
71,1095.777778
72,1515.282051
73,1698.64
74,1366.294118
75,1366.294118
76,1971.163636
77,1367.272727
78,1528.807692
79,1475.0
80,998.0
81,1448.6
82,2994.666667
83,999.0
84,1310.0
85,1460.795455
86,2043.820513
87,1424.857143
88,1774.8125
89,3041.0
90,2106.5
91,1928.714286
92,1452.0
93,996.0
94,1933.021739
95,1052.272727
96,2748.333333
97,1886.555556
98,2876.0
99,1634.2
100,2178.192308
101,1382.75
102,1387.621622
103,1997.0
104,1377.566265
105,1374.046512
106,1981.818182
107,2488.0
108,1797.4
109,2934.631579
110,2106.5
111,1650.205128
112,1969.0
113,1805.924528
114,1921.46789
115,2396.4
116,1663.928571
117,1545.428571
118,592.5625
119,1891.588235
120,1853.9
121,3005.4
122,2813.0
123,1757.6
124,2031.469388
125,1861.833333
126,1854.2
127,2242.636364
128,1241.857143
129,1969.0
130,1410.357143
131,1298.666667
132,1729.333333
133,2719.842105
134,2048.666667
135,2778.0
136,1994.0
137,999.0
138,1372.666667
139,850.2727273
140,3071.0
141,1090.4
142,1352.576923
143,1683.607843
144,935.625
145,1837.363636
146,1750.615385
147,5000.0
148,1774.778947
149,2093.021739
150,1479.0
151,1373.75
152,2222.710526
153,1926.0
154,1391.023256
155,1622.681818
156,1587.222222
157,1746.944444
158,1798.0
159,1197.0
160,1586.0
161,1755.75
162,2048.538462
163,1596.92
164,1534.392857
165,1995.0
166,1452.3
167,2967.0
168,1108.0
169,1592.0
170,1466.307692
171,1863.133333
172,2976.333333
173,1802.774194
174,1794.0
175,2998.0
176,1754.4
177,1986.766667
178,1336.666667
179,958.6
180,1709.538462
181,1523.741935
182,1740.0
183,3999.0
184,2238.631579
185,1599.0
186,1152.888889
187,6208.0
188,1406.0
189,2234.4
190,2323.9375
191,1272.4375
192,1144.8
193,2239.666667
194,1308.285714
195,1330.4
196,2174.037037
197,1624.769231
198,2084.37931
199,3295.0
200,2081.375
201,2979.0
202,1047.75
203,1353.363636
204,2085.055556
205,996.0
206,1914.714286
207,1183.25
208,868.3333333
209,1509.75
210,1597.0
211,1518.0
212,2697.368421
213,1817.315789
214,1773.7
215,1612.928571
216,2548.833333
217,2313.666667
218,2304.97561
219,1384.0
220,335.0
221,1498.0
222,679.0
223,1495.0
224,1791.230769
225,1753.0
226,2981.0
227,285.0
228,999.0
229,1523.333333
230,5577.8
231,2460.75
232,2588.6
233,1430.75
234,2208.090909
235,1288.5
236,2316.0
237,1324.357143
238,1552.0
239,2294.764706
240,1329.0
241,1984.0
242,2276.0
243,1506.5
244,160.0
245,2027.833333
246,1950.90625
247,898.0
248,2053.0
249,1294.142857
250,1998.0
251,3071.0
252,4123.5
253,2972.307692
254,1339.0
255,1332.0
256,1798.0
257,1407.333333
258,1642.04878
259,1982.756098
260,1642.333333
261,3498.0
262,1428.4
263,1997.0
264,2284.133333
265,2117.6
266,1775.777778
267,1972.8125
268,1938.0
269,1703.153846
270,1969.0
271,1615.333333
272,3764.333333
273,3344.75
274,2331.333333
275,1911.75
276,2526.5
277,1695.0
278,1405.0
279,1742.6
280,1730.0
281,2362.0
282,698.0
283,5341.0
284,1647.4
285,1706.333333
286,1925.25
287,1329.0
288,999.0
289,2967.0
290,1773.0
291,1039.5
292,1968.0
293,2696.5
294,1688.25
295,1998.0
296,2309.340426
297,2019.75
298,1836.5
299,5935.0
300,2247.333333
301,1995.0
302,3100.333333
303,4395.0
304,2126.8
305,1242.0
306,3740.0
307,1235.428571
308,2378.0
309,3199.0
310,1497.0
311,3377.444444
312,1833.0
313,1344.823529
314,2050.333333
315,1827.8
316,2315.0
317,1998.0
318,1977.166667
319,1424.727273
320,1997.142857
321,2336.52
322,2981.0
323,1304.0
324,1817.315789
325,2116.0
326,1864.8
327,1586.0
328,2679.285714
329,2734.5
330,1655.741935
331,2287.6
332,2309.0
333,899.0
334,2127.333333
335,1360.0
336,2093.021739
337,1741.0
338,1363.5
339,1832.888889
340,3196.555556
341,1262.157895
342,2344.0
343,1998.0
344,3498.0
345,1735.580645
346,2308.285714
347,2417.875
348,2245.6
349,3106.666667
350,2167.5
351,1594.0
352,1591.0
353,2953.588235
354,1809.714286
355,4857.0
356,1261.25
357,1284.8
358,3228.0
359,1781.0
360,2998.0
361,1836.875
362,1908.166667
363,1707.125
364,3307.25
365,1298.0
366,1343.0
367,0.0
368,1684.304348
369,2309.340426
370,2634.222222
371,3456.0
372,2614.0
373,1998.0
374,2254.0
375,1773.823529
376,2184.0
377,2521.092437
378,4089.923077
379,998.0
380,1906.181818
381,2118.940476
382,2326.358974
383,1360.0
384,3696.0
385,4493.5
386,1998.0
387,2393.0
388,3358.666667
389,3456.0
390,1721.5
391,4691.0
392,2458.909091
393,1998.0
394,3640.2
395,1431.333333
396,1980.634146
397,320.0
398,1549.8
399,5733.0
400,1962.058824
401,1574.428571
402,3799.0
403,1832.333333
404,1998.0
405,1642.875
406,2349.08
407,1698.75
408,2144.0
409,2244.0
410,1497.169492
411,1166.142857
412,1537.406593
413,1219.653846
414,1995.777778
415,1408.055556
416,1631.5
417,1998.5
418,1279.695652
419,1623.793103
420,1196.0
421,1480.575
422,1397.8
423,1596.92
424,1835.846154
425,2283.112903
426,1723.0
427,1743.44186
428,1536.0
429,1498.0
430,1424.666667
431,1677.949153
432,1292.352941
433,2083.523077
434,1364.0
435,1796.6
436,1873.261538
437,2979.0
438,2425.428571
439,1472.826087
440,2598.818182
441,1847.666667
442,1205.192982
443,1136.692308
444,1699.119048
445,2521.092437
446,1963.666667
447,2261.193548
448,1462.3625
449,1698.64
450,1186.333333
451,1920.026316
452,2151.647059
453,1366.294118
454,1820.65625
455,2790.454545
456,1998.0
457,998.0
458,1367.272727
459,1470.909091
460,1855.0
461,1718.571429
462,998.0
463,998.0
464,1615.370787
465,2095.185185
466,1348.285714
467,998.0
468,1180.545455
469,1905.631579
470,2011.555556
471,1971.163636
472,1028.923077
473,1482.5
474,1496.0
475,2043.820513
476,1095.777778
477,1515.282051
478,1933.021739
479,1475.0
480,1928.714286
481,1650.205128
482,1528.807692
483,1310.0
484,2106.5
485,2994.666667
486,3041.0
487,1424.857143
488,998.0
489,1774.8125
490,1452.0
491,2178.192308
492,1382.75
493,1448.6
494,2748.333333
495,2876.0
496,1374.046512
497,1460.795455
498,2934.631579
499,996.0
500,1805.924528
501,1886.555556
502,1994.0
503,1052.272727
504,1853.9
505,1921.46789
506,1387.621622
507,2106.5
508,1797.4
509,1634.2
510,1891.588235
511,1997.0
512,1969.0
513,1757.6
514,2031.469388
515,999.0
516,1861.833333
517,2488.0
518,2813.0
519,1729.333333
520,1981.818182
521,2396.4
522,1854.2
523,3005.4
524,1683.607843
525,935.625
526,2719.842105
527,1969.0
528,592.5625
529,2242.636364
530,1545.428571
531,1837.363636
532,1377.566265
533,1298.666667
534,1479.0
535,1663.928571
536,1090.4
537,1372.666667
538,850.2727273
539,2778.0
540,2048.666667
541,3071.0
542,1798.0
543,1373.75
544,1108.0
545,1774.778947
546,2093.021739
547,2222.710526
548,1746.944444
549,1391.023256
550,1197.0
551,1466.307692
552,1622.681818
553,1802.774194
554,1755.75
555,1587.222222
556,1794.0
557,1750.615385
558,1995.0
559,1410.357143
560,1754.4
561,1596.92
562,1986.766667
563,1534.392857
564,1586.0
565,2967.0
566,2238.631579
567,2998.0
568,2081.375
569,1352.576923
570,1336.666667
571,1709.538462
572,1518.0
573,1599.0
574,3999.0
575,2239.666667
576,1406.0
577,1523.741935
578,1308.285714
579,2234.4
580,1740.0
581,1592.0
582,958.6
583,2976.333333
584,2323.9375
585,6208.0
586,1773.7
587,2084.37931
588,2048.538462
589,1152.888889
590,1791.230769
591,2697.368421
592,868.3333333
593,1624.769231
594,2548.833333
595,1353.363636
596,1863.133333
597,1817.315789
598,1926.0
599,335.0
600,1183.25
601,1597.0
602,1914.714286
603,1272.4375
604,1384.0
605,1612.928571
606,2174.037037
607,1452.3
608,1330.4
609,3295.0
610,996.0
611,2304.97561
612,1498.0
613,1753.0
614,2085.055556
615,999.0
616,1430.75
617,2979.0
618,1144.8
619,1506.5
620,2313.666667
621,1495.0
622,2208.090909
623,2294.764706
624,679.0
625,1950.90625
626,2316.0
627,1047.75
628,1982.756098
629,1523.333333
630,2981.0
631,1615.333333
632,5000.0
633,1703.153846
634,1241.857143
635,1324.357143
636,1509.75
637,2588.6
638,5577.8
639,2027.833333
640,2053.0
641,2972.307692
642,1984.0
643,160.0
644,285.0
645,2276.0
646,2284.133333
647,2460.75
648,4123.5
649,1428.4
650,1938.0
651,2117.6
652,1407.333333
653,3498.0
654,1997.0
655,5000.0
656,2526.5
657,1775.777778
658,2362.0
659,1405.0
660,3071.0
661,1773.0
662,1972.8125
663,1339.0
664,1552.0
665,1695.0
666,1911.75
667,3764.333333
668,2331.333333
669,1294.142857
670,1329.0
671,1730.0
672,1242.0
673,1742.6
674,1998.0
675,1998.0
676,1642.333333
677,1836.5
678,1995.0
679,698.0
680,2247.333333
681,2019.75
682,3344.75
683,5341.0
684,1798.0
685,2696.5
686,1329.0
687,2050.333333
688,899.0
689,2126.8
690,2336.52
691,1817.315789
692,3100.333333
693,1997.142857
694,5935.0
695,2315.0
696,1827.8
697,1741.0
698,1832.888889
699,1039.5
700,1833.0
701,3199.0
702,2127.333333
703,2378.0
704,2309.340426
705,4395.0
706,1344.823529
707,1655.741935
708,1968.0
709,1925.25
710,999.0
711,1363.5
712,1969.0
713,2116.0
714,3377.444444
715,1706.333333
716,1998.0
717,1836.875
718,1594.0
719,1642.04878
720,3740.0
721,2309.0
722,1497.0
723,2734.5
724,1864.8
725,2344.0
726,1908.166667
727,1586.0
728,2245.6
729,2679.285714
730,2981.0
731,1304.0
732,2287.6
733,2967.0
734,2953.588235
735,3498.0
736,0.0
737,1781.0
738,2417.875
739,2308.285714
740,2167.5
741,2998.0
742,3106.666667
743,3196.555556
744,2634.222222
745,2309.340426
746,2254.0
747,2326.358974
748,1360.0
749,3228.0
750,1261.25
751,1707.125
752,2521.092437
753,1343.0
754,2614.0
755,1298.0
756,998.0
757,1647.4
758,1809.714286
759,4857.0
760,2458.909091
761,1721.5
762,1735.580645
763,2184.0
764,2093.021739
765,1431.333333
766,2393.0
767,4089.923077
768,1688.25
769,1773.823529
770,3358.666667
771,1980.634146
772,1642.875
773,3456.0
774,2118.940476
775,3307.25
776,2244.0
777,4493.5
778,3696.0
779,1360.0
780,1324.0
781,2349.08
782,1549.8
783,1645.133333
784,1288.5
785,999.0
786,1541.5
787,1998.0
788,4691.0
789,1891.7
790,3640.2
791,5733.0
792,1574.428571
793,1998.0
794,1962.058824
795,2129.0
796,1936.6
797,3799.0
798,2144.0
799,2768.511628
800,1591.0
801,1593.111111
802,1932.153846
803,1424.727273
804,1497.169492
805,1166.142857
806,1537.406593
807,1219.653846
808,1995.777778
809,1631.5
810,1408.055556
811,1998.5
812,1279.695652
813,1623.793103
814,1196.0
815,1480.575
816,1397.8
817,1743.44186
818,1723.0
819,1835.846154
820,1596.92
821,2283.112903
822,1498.0
823,1536.0
824,1424.666667
825,1677.949153
826,1292.352941
827,2083.523077
828,1873.261538
829,2979.0
830,1847.666667
831,1364.0
832,2425.428571
833,1472.826087
834,2598.818182
835,1796.6
836,1698.64
837,1205.192982
838,1136.692308
839,1366.294118
840,1963.666667
841,1699.119048
842,1920.026316
843,2261.193548
844,1367.272727
845,2151.647059
846,2521.092437
847,1462.3625
848,1998.0
849,1650.205128
850,2043.820513
851,1855.0
852,1718.571429
853,2790.454545
854,1470.909091
855,2095.185185
856,1615.370787
857,1933.021739
858,998.0
859,998.0
860,1971.163636
861,1905.631579
862,1180.545455
863,2011.555556
864,998.0
865,1186.333333
866,1348.285714
867,1928.714286
868,1820.65625
869,1095.777778
870,1310.0
871,1028.923077
872,1496.0
873,1475.0
874,2106.5
875,1482.5
876,1994.0
877,998.0
878,3041.0
879,1424.857143
880,1515.282051
881,1528.807692
882,2994.666667
883,1774.8125
884,2178.192308
885,1382.75
886,1452.0
887,998.0
888,1853.9
889,1374.046512
890,2876.0
891,2934.631579
892,2748.333333
893,1805.924528
894,1921.46789
895,996.0
896,1891.588235
897,1757.6
898,1448.6
899,1683.607843
900,1861.833333
901,2031.469388
902,1729.333333
903,2813.0
904,935.625
905,1886.555556
906,1460.795455
907,2106.5
908,1479.0
909,1854.2
910,1797.4
911,1969.0
912,1837.363636
913,2719.842105
914,3005.4
915,1634.2
916,1387.621622
917,1969.0
918,1052.272727
919,1090.4
920,1997.0
921,1298.666667
922,2396.4
923,2242.636364
924,1798.0
925,1372.666667
926,850.2727273
927,592.5625
928,1108.0
929,1545.428571
930,2488.0
931,3071.0
932,2778.0
933,2048.666667
934,1981.818182
935,1373.75
936,2222.710526
937,1466.307692
938,1518.0
939,1746.944444
940,1802.774194
941,1197.0
942,1794.0
943,1774.778947
944,2081.375
945,1391.023256
946,1663.928571
947,2093.021739
948,1995.0
949,1755.75
950,1754.4
951,1791.230769
952,1986.766667
953,999.0
954,2998.0
955,1622.681818
956,2238.631579
957,2239.666667
958,1587.222222
959,1773.7
960,1596.92
961,1308.285714
962,1709.538462
963,1534.392857
964,1599.0
965,3999.0
966,1336.666667
967,2234.4
968,2967.0
969,1406.0
970,2084.37931
971,2697.368421
972,1586.0
973,1523.741935
974,2323.9375
975,6208.0
976,1750.615385
977,1506.5
978,1740.0
979,868.3333333
980,1430.75
981,2548.833333
982,335.0
983,958.6
984,1615.333333
985,1377.566265
986,1817.315789
987,1624.769231
988,1982.756098
989,2208.090909
990,2294.764706
991,1353.363636
992,1183.25
993,2976.333333
994,1384.0
995,1597.0
996,1950.90625
997,1753.0
998,1592.0
999,1703.153846
1000,1498.0
1001,1914.714286
1002,2316.0
1003,1152.888889
1004,1612.928571
1005,2304.97561
1006,1495.0
1007,2174.037037
1008,679.0
1009,2048.538462
1010,1410.357143
1011,2313.666667
1012,3295.0
1013,1272.4375
1014,2979.0
1015,2085.055556
1016,1330.4
1017,1863.133333
1018,996.0
1019,1523.333333
1020,1352.576923
1021,1324.357143
1022,2981.0
1023,1773.0
1024,2284.133333
1025,2972.307692
1026,5000.0
1027,2027.833333
1028,2053.0
1029,160.0
1030,2526.5
1031,1242.0
1032,2588.6
1033,1144.8
1034,1926.0
1035,1428.4
1036,2362.0
1037,2117.6
1038,5577.8
1039,1938.0
1040,1984.0
1041,1452.3
1042,4123.5
1043,1407.333333
1044,1997.0
1045,2276.0
1046,1405.0
1047,3498.0
1048,2247.333333
1049,1775.777778
1050,1995.0
1051,1047.75
1052,1836.5
1053,2460.75
1054,1972.8125
1055,1998.0
1056,5000.0
1057,2019.75
1058,3071.0
1059,1695.0
1060,285.0
1061,1730.0
1062,1911.75
1063,899.0
1064,1742.6
1065,2331.333333
1066,1509.75
1067,698.0
1068,1832.888889
1069,3764.333333
1070,2336.52
1071,1741.0
1072,2050.333333
1073,1817.315789
1074,1836.875
1075,1339.0
1076,1997.142857
1077,2696.5
1078,2127.333333
1079,1363.5
1080,1655.741935
1081,2315.0
1082,5341.0
1083,1827.8
1084,2126.8
1085,1594.0
1086,1908.166667
1087,3100.333333
1088,2116.0
1089,3344.75
1090,1833.0
1091,5935.0
1092,3199.0
1093,2344.0
1094,1329.0
1095,1294.142857
1096,1344.823529
1097,2378.0
1098,2309.0
1099,1642.333333
1100,1998.0
1101,2245.6
1102,2734.5
1103,4395.0
1104,1998.0
1105,2309.340426
1106,1864.8
1107,3740.0
1108,1968.0
1109,1552.0
1110,3377.444444
1111,2953.588235
1112,0.0
1113,1039.5
1114,1586.0
1115,1329.0
1116,2326.358974
1117,2634.222222
1118,2458.909091
1119,1781.0
1120,2679.285714
1121,2998.0
1122,2254.0
1123,3498.0
1124,1721.5
1125,2287.6
1126,2521.092437
1127,2309.340426
1128,2981.0
1129,1497.0
1130,998.0
1131,2167.5
1132,3106.666667
1133,2417.875
1134,1304.0
1135,1706.333333
1136,2308.285714
1137,1707.125
1138,3228.0
1139,2614.0
1140,1431.333333
1141,1343.0
1142,1925.25
1143,1298.0
1144,1798.0
1145,1642.875
1146,1645.133333
1147,1324.0
1148,3196.555556
1149,2393.0
1150,2244.0
1151,1998.0
1152,1980.634146
1153,4857.0
1154,1541.5
1155,3358.666667
1156,1809.714286
1157,1360.0
1158,2184.0
1159,1261.25
1160,1891.7
1161,2349.08
1162,1936.6
1163,4089.923077
1164,1549.8
1165,1969.0
1166,3456.0
1167,1932.153846
1168,4493.5
1169,1593.111111
1170,1498.0
1171,1594.0
1172,1773.823529
1173,2768.511628
1174,2967.0
1175,2129.0
1176,5733.0
1177,1574.428571
1178,1824.428571
1179,1735.580645
1180,3640.2
1181,2118.940476
1182,2457.555556
1183,2555.285714
1184,1962.058824
1185,3799.0
1186,4691.0
1187,1497.0
1188,3696.0
1189,2144.0
1190,1998.0
1191,4308.0
1192,4988.0
1193,1360.0
1194,1337.714286
1195,1289.0
1196,1497.169492
1197,1166.142857
1198,1537.406593
1199,1219.653846
1200,1998.5
1201,1995.777778
1202,1631.5
1203,1408.055556
1204,1279.695652
1205,1623.793103
1206,1196.0
1207,1480.575
1208,1397.8
1209,1743.44186
1210,1723.0
1211,1835.846154
1212,1596.92
1213,2283.112903
1214,1677.949153
1215,1498.0
1216,1424.666667
1217,1536.0
1218,1847.666667
1219,2083.523077
1220,1873.261538
1221,1698.64
1222,1292.352941
1223,2979.0
1224,2425.428571
1225,1366.294118
1226,1650.205128
1227,1920.026316
1228,1364.0
1229,2598.818182
1230,1367.272727
1231,1472.826087
1232,1205.192982
1233,1963.666667
1234,1699.119048
1235,2043.820513
1236,2261.193548
1237,2151.647059
1238,1136.692308
1239,1796.6
1240,1933.021739
1241,1855.0
1242,1998.0
1243,2521.092437
1244,1718.571429
1245,1994.0
1246,2790.454545
1247,1470.909091
1248,1462.3625
1249,1971.163636
1250,2095.185185
1251,1615.370787
1252,1928.714286
1253,1180.545455
1254,1310.0
1255,2011.555556
1256,998.0
1257,1905.631579
1258,998.0
1259,2106.5
1260,1475.0
1261,998.0
1262,1095.777778
1263,3041.0
1264,1424.857143
1265,1348.285714
1266,1028.923077
1267,1496.0
1268,1774.8125
1269,1820.65625
1270,1853.9
1271,2994.666667
1272,2178.192308
1273,1186.333333
1274,1528.807692
1275,1382.75
1276,1921.46789
1277,2934.631579
1278,1515.282051
1279,1452.0
1280,1482.5
1281,1374.046512
1282,1683.607843
1283,1805.924528
1284,2876.0
1285,998.0
1286,1757.6
1287,998.0
1288,2748.333333
1289,1891.588235
1290,1861.833333
1291,1479.0
1292,2031.469388
1293,1729.333333
1294,935.625
1295,2813.0
1296,996.0
1297,1854.2
1298,1837.363636
1299,2719.842105
1300,3005.4
1301,1798.0
1302,1969.0
1303,1969.0
1304,1090.4
1305,1108.0
1306,1797.4
1307,2106.5
1308,1460.795455
1309,1886.555556
1310,1518.0
1311,1372.666667
1312,1791.230769
1313,1634.2
1314,1298.666667
1315,3071.0
1316,850.2727273
1317,2242.636364
1318,2081.375
1319,2396.4
1320,1373.75
1321,1466.307692
1322,1794.0
1323,1387.621622
1324,592.5625
1325,2048.666667
1326,2778.0
1327,1448.6
1328,1802.774194
1329,1545.428571
1330,2222.710526
1331,1746.944444
1332,1197.0
1333,1773.7
1334,1997.0
1335,1052.272727
1336,1754.4
1337,1615.333333
1338,2239.666667
1339,1774.778947
1340,2998.0
1341,1391.023256
1342,1982.756098
1343,1986.766667
1344,1995.0
1345,1430.75
1346,1506.5
1347,1308.285714
1348,2238.631579
1349,2488.0
1350,1755.75
1351,2697.368421
1352,1703.153846
1353,2208.090909
1354,2294.764706
1355,2084.37931
1356,2234.4
1357,1599.0
1358,2093.021739
1359,3999.0
1360,1981.818182
1361,1587.222222
1362,1950.90625
1363,1406.0
1364,1709.538462
1365,868.3333333
1366,1596.92
1367,335.0
1368,1534.392857
1369,2548.833333
1370,1622.681818
1371,2323.9375
1372,2967.0
1373,2316.0
1374,6208.0
1375,1523.741935
1376,1817.315789
1377,1663.928571
1378,1624.769231
1379,1384.0
1380,1753.0
1381,1336.666667
1382,1183.25
1383,1586.0
1384,1353.363636
1385,1597.0
1386,1773.0
1387,1498.0
1388,1740.0
1389,1495.0
1390,1914.714286
1391,1242.0
1392,1750.615385
1393,958.6
1394,2976.333333
1395,2304.97561
1396,1592.0
1397,2284.133333
1398,1612.928571
1399,679.0
1400,1324.357143
1401,2972.307692
1402,1523.333333
1403,2174.037037
1404,1152.888889
1405,2979.0
1406,3295.0
1407,2526.5
1408,2313.666667
1409,2247.333333
1410,2362.0
1411,2085.055556
1412,2981.0
1413,2027.833333
1414,2053.0
1415,1272.4375
1416,5000.0
1417,2117.6
1418,1428.4
1419,1938.0
1420,160.0
1421,899.0
1422,1995.0
1423,1836.5
1424,1832.888889
1425,996.0
1426,1405.0
1427,2588.6
1428,5577.8
1429,1836.875
1430,1997.0
1431,1741.0
1432,2336.52
1433,1330.4
1434,4123.5
1435,2019.75
1436,1407.333333
1437,1984.0
1438,1998.0
1439,3498.0
1440,2048.538462
1441,1730.0
1442,2050.333333
1443,1817.315789
1444,1144.8
1445,1695.0
1446,1775.777778
1447,2127.333333
1448,1972.8125
1449,1363.5
1450,1997.142857
1451,1911.75
1452,3071.0
1453,1742.6
1454,1908.166667
1455,5000.0
1456,2276.0
1457,1655.741935
1458,698.0
1459,1863.133333
1460,1594.0
1461,1352.576923
1462,2315.0
1463,3764.333333
1464,2460.75
1465,2331.333333
1466,1827.8
1467,2696.5
1468,2116.0
1469,2344.0
1470,2126.8
1471,2245.6
1472,285.0
1473,1410.357143
1474,2458.909091
1475,999.0
1476,5341.0
1477,2309.0
1478,3100.333333
1479,1833.0
1480,1339.0
1481,3199.0
1482,5935.0
1483,1452.3
1484,1344.823529
1485,2326.358974
1486,2734.5
1487,2378.0
1488,0.0
1489,2634.222222
1490,1721.5
1491,4395.0
1492,2953.588235
1493,1864.8
1494,1998.0
1495,1781.0
1496,1645.133333
1497,1047.75
1498,1926.0
1499,3344.75
1500,2998.0
1501,3740.0
1502,2254.0
1503,1324.0
1504,2521.092437
1505,1998.0
1506,1586.0
1507,1642.875
1508,1431.333333
1509,2309.340426
1510,2244.0
1511,2309.340426
1512,998.0
1513,1329.0
1514,1541.5
1515,3377.444444
1516,3498.0
1517,1968.0
1518,1891.7
1519,2679.285714
1520,1509.75
1521,2393.0
1522,1980.634146
1523,3228.0
1524,1707.125
1525,2614.0
1526,2349.08
1527,1498.0
1528,3106.666667
1529,1343.0
1530,2167.5
1531,1936.6
1532,1298.0
1533,3358.666667
1534,2308.285714
1535,1932.153846
1536,2417.875
1537,1593.111111
1538,1594.0
1539,1824.428571
1540,1039.5
1541,1304.0
1542,2981.0
1543,3196.555556
1544,2287.6
1545,1294.142857
1546,1549.8
1547,2555.285714
1548,2184.0
1549,1337.714286
1550,4857.0
1551,1289.0
1552,2457.555556
1553,3456.0
1554,2768.511628
1555,1809.714286
1556,1642.333333
1557,1706.333333
1558,4089.923077
1559,4493.5
1560,1696.428571
1561,2129.0
1562,1497.0
1563,5733.0
1564,1998.0
1565,2328.333333
1566,1574.428571
1567,1360.0
1568,3640.2
1569,1962.058824
1570,1696.428571
1571,3799.0
1572,4988.0
1573,4308.0
1574,1773.823529
1575,2211.071429
1576,1998.0
1577,989.0
1578,1497.0
1579,1925.25
1580,4957.0
1581,2755.571429
1582,2118.940476
1583,1166.142857
1584,1497.169492
1585,1537.406593
1586,1219.653846
1587,1998.5
1588,1995.777778
1589,1631.5
1590,1408.055556
1591,1279.695652
1592,1623.793103
1593,1196.0
1594,1480.575
1595,1397.8
1596,1743.44186
1597,1723.0
1598,1596.92
1599,1835.846154
1600,2283.112903
1601,1677.949153
1602,1650.205128
1603,1698.64
1604,1711.571429
1605,1847.666667
1606,1366.294118
1607,1498.0
1608,1873.261538
1609,2083.523077
1610,1920.026316
1611,1424.666667
1612,2979.0
1613,2425.428571
1614,1367.272727
1615,1292.352941
1616,2043.820513
1617,1536.0
1618,2598.818182
1619,1994.0
1620,1364.0
1621,2151.647059
1622,1472.826087
1623,1933.021739
1624,1699.119048
1625,2261.193548
1626,1963.666667
1627,1205.192982
1628,1136.692308
1629,1855.0
1630,1796.6
1631,1998.0
1632,1718.571429
1633,2521.092437
1634,1928.714286
1635,2790.454545
1636,1498.25
1637,1971.163636
1638,1470.909091
1639,1310.0
1640,1615.370787
1641,2095.185185
1642,1180.545455
1643,2106.5
1644,1462.3625
1645,2011.555556
1646,1475.0
1647,3041.0
1648,1424.857143
1649,1905.631579
1650,1853.9
1651,998.0
1652,998.0
1653,1683.607843
1654,1921.46789
1655,1095.777778
1656,1774.8125
1657,998.0
1658,2934.631579
1659,1382.75
1660,1479.0
1661,2994.666667
1662,2178.192308
1663,1805.924528
1664,1757.6
1665,1861.833333
1666,1452.0
1667,1528.807692
1668,1891.588235
1669,2876.0
1670,1374.046512
1671,935.625
1672,1729.333333
1673,1028.923077
1674,2031.469388
1675,2748.333333
1676,1496.0
1677,2813.0
1678,1348.285714
1679,1515.282051
1680,998.0
1681,1837.363636
1682,1854.2
1683,1791.230769
1684,1820.65625
1685,1798.0
1686,1518.0
1687,2719.842105
1688,996.0
1689,1108.0
1690,1186.333333
1691,1969.0
1692,1090.4
1693,3005.4
1694,2081.375
1695,1482.5
1696,1615.333333
1697,1982.756098
1698,998.0
1699,1372.666667
1700,1794.0
1701,1430.75
1702,1466.307692
1703,3071.0
1704,1703.153846
1705,1773.7
1706,1969.0
1707,1373.75
1708,1506.5
1709,2106.5
1710,1802.774194
1711,1298.666667
1712,2396.4
1713,1634.2
1714,2222.710526
1715,2242.636364
1716,2239.666667
1717,1797.4
1718,850.2727273
1719,1746.944444
1720,1197.0
1721,1754.4
1722,2208.090909
1723,5000.0
1724,2294.764706
1725,2778.0
1726,2048.666667
1727,1308.285714
1728,2998.0
1729,1886.555556
1730,1950.90625
1731,1986.766667
1732,2697.368421
1733,1773.0
1734,2238.631579
1735,1995.0
1736,1391.023256
1737,2316.0
1738,868.3333333
1739,2084.37931
1740,1774.778947
1741,2234.4
1742,592.5625
1743,1545.428571
1744,1755.75
1745,1460.795455
1746,3999.0
1747,1242.0
1748,335.0
1749,1599.0
1750,1406.0
1751,2548.833333
1752,6208.0
1753,1709.538462
1754,1817.315789
1755,1387.621622
1756,2323.9375
1757,1534.392857
1758,1384.0
1759,1596.92
1760,1753.0
1761,1587.222222
1762,2284.133333
1763,1448.6
1764,1183.25
1765,2967.0
1766,1597.0
1767,1523.741935
1768,1624.769231
1769,1498.0
1770,1353.363636
1771,1622.681818
1772,1495.0
1773,2247.333333
1774,2093.021739
1775,2972.307692
1776,1997.0
1777,1052.272727
1778,1324.357143
1779,1832.888889
1780,1914.714286
1781,1586.0
1782,899.0
1783,1740.0
1784,679.0
1785,2526.5
1786,2304.97561
1787,1836.5
1788,1336.666667
1789,1523.333333
1790,1612.928571
1791,2362.0
1792,1836.875
1793,1592.0
1794,2979.0
1795,1995.0
1796,2488.0
1797,1981.818182
1798,2336.52
1799,1741.0
1800,2976.333333
1801,3295.0
1802,2174.037037
1803,1663.928571
1804,2027.833333
1805,2053.0
1806,2117.6
1807,1428.4
1808,1938.0
1809,2981.0
1810,160.0
1811,1817.315789
1812,2019.75
1813,2050.333333
1814,1405.0
1815,1997.0
1816,1998.0
1817,1730.0
1818,2127.333333
1819,1908.166667
1820,1750.615385
1821,1363.5
1822,2085.055556
1823,5577.8
1824,2313.666667
1825,1272.4375
1826,3498.0
1827,958.6
1828,1407.333333
1829,2588.6
1830,1655.741935
1831,1997.142857
1832,1984.0
1833,1152.888889
1834,1695.0
1835,4123.5
1836,1594.0
1837,2458.909091
1838,1742.6
1839,698.0
1840,1911.75
1841,1972.8125
1842,2315.0
1843,1645.133333
1844,3071.0
1845,2245.6
1846,1775.777778
1847,2116.0
1848,2326.358974
1849,2344.0
1850,1827.8
1851,1144.8
1852,2696.5
1853,1721.5
1854,2309.0
1855,3764.333333
1856,1324.0
1857,2126.8
1858,1330.4
1859,1998.0
1860,1642.875
1861,2734.5
1862,2331.333333
1863,2634.222222
1864,3100.333333
1865,2276.0
1866,1833.0
1867,0.0
1868,3199.0
1869,2244.0
1870,1864.8
1871,2998.0
1872,2048.538462
1873,1498.0
1874,2953.588235
1875,996.0
1876,5341.0
1877,1781.0
1878,1541.5
1879,1344.823529
1880,5935.0
1881,1891.7
1882,4395.0
1883,1431.333333
1884,2254.0
1885,2378.0
1886,2521.092437
1887,1998.0
1888,2460.75
1889,3740.0
1890,2349.08
1891,998.0
1892,1593.111111
1893,1980.634146
1894,2309.340426
1895,1824.428571
1896,1936.6
1897,1932.153846
1898,1586.0
1899,2393.0
1900,1594.0
1901,1337.714286
1902,1289.0
1903,3228.0
1904,3498.0
1905,2309.340426
1906,3344.75
1907,3358.666667
1908,2614.0
1909,3377.444444
1910,1707.125
1911,1343.0
1912,1298.0
1913,2555.285714
1914,285.0
1915,3106.666667
1916,1696.428571
1917,2679.285714
1918,1968.0
1919,1549.8
1920,2167.5
1921,2457.555556
1922,1339.0
1923,2328.333333
1924,2417.875
1925,1696.428571
1926,2768.511628
1927,2308.285714
1928,1446.125
1929,2211.071429
1930,1497.0
1931,3196.555556
1932,3456.0
1933,1764.0
1934,5733.0
1935,2129.0
1936,2345.1
1937,4493.5
1938,2755.571429
1939,4089.923077
1940,3640.2
1941,4857.0
1942,4988.0
1943,1574.428571
1944,4308.0
1945,1962.058824
1946,989.0
1947,1329.0
1948,4957.0
1949,2981.0
1950,2287.6
1951,1590.0
1952,1817.315789
1953,1304.0
1954,3800.5
1955,2376.75
1956,1996.684211
1957,1166.142857
1958,1497.169492
1959,1537.406593
1960,1219.653846
1961,1998.5
1962,1631.5
1963,1995.777778
1964,1279.695652
1965,1623.793103
1966,1408.055556
1967,1196.0
1968,1480.575
1969,1650.205128
1970,1743.44186
1971,1397.8
1972,1723.0
1973,1835.846154
1974,1596.92
1975,1698.64
1976,2283.112903
1977,1677.949153
1978,1366.294118
1979,1847.666667
1980,1920.026316
1981,1367.272727
1982,1711.571429
1983,1994.0
1984,2083.523077
1985,2043.820513
1986,1873.261538
1987,2979.0
1988,2425.428571
1989,1498.0
1990,1424.666667
1991,1292.352941
1992,1933.021739
1993,2598.818182
1994,2151.647059
1995,1364.0
1996,2261.193548
1997,1699.119048
1998,1205.192982
1999,1472.826087
2000,1536.0
2001,1963.666667
2002,1855.0
2003,1136.692308
2004,1718.571429
2005,1928.714286
2006,1998.0
2007,2521.092437
2008,1310.0
2009,1971.163636
2010,2790.454545
2011,1498.25
2012,1796.6
2013,2106.5
2014,1615.370787
2015,1470.909091
2016,1683.607843
2017,1180.545455
2018,2095.185185
2019,1475.0
2020,1853.9
2021,2011.555556
2022,3041.0
2023,1424.857143
2024,1479.0
2025,1921.46789
2026,1462.3625
2027,2934.631579
2028,1791.230769
2029,1861.833333
2030,1382.75
2031,1774.8125
2032,1757.6
2033,1905.631579
2034,935.625
2035,1891.588235
2036,1729.333333
2037,2994.666667
2038,1805.924528
2039,2813.0
2040,1518.0
2041,1452.0
2042,2031.469388
2043,2876.0
2044,998.0
2045,2178.192308
2046,2748.333333
2047,1374.046512
2048,1095.777778
2049,1798.0
2050,1982.756098
2051,1528.807692
2052,998.0
2053,998.0
2054,1837.363636
2055,1430.75
2056,1615.333333
2057,1854.2
2058,1703.153846
2059,1108.0
2060,2081.375
2061,2719.842105
2062,1090.4
2063,1028.923077
2064,1969.0
2065,998.0
2066,3005.4
2067,1794.0
2068,1506.5
2069,1773.0
2070,1773.7
2071,996.0
2072,1496.0
2073,2208.090909
2074,1372.666667
2075,1242.0
2076,2294.764706
2077,1373.75
2078,1466.307692
2079,1515.282051
2080,3071.0
2081,1950.90625
2082,1348.285714
2083,2239.666667
2084,1308.285714
2085,1802.774194
2086,1197.0
2087,1754.4
2088,2222.710526
2089,1969.0
2090,2316.0
2091,1746.944444
2092,2998.0
2093,2242.636364
2094,2396.4
2095,1298.666667
2096,2697.368421
2097,1820.65625
2098,5000.0
2099,868.3333333
2100,1634.2
2101,1986.766667
2102,2238.631579
2103,2048.666667
2104,2084.37931
2105,2234.4
2106,2778.0
2107,1995.0
2108,2284.133333
2109,2106.5
2110,335.0
2111,1832.888889
2112,3999.0
2113,1391.023256
2114,1797.4
2115,2247.333333
2116,1406.0
2117,2548.833333
2118,850.2727273
2119,899.0
2120,1599.0
2121,1755.75
2122,1384.0
2123,1836.5
2124,1817.315789
2125,1774.778947
2126,6208.0
2127,1886.555556
2128,1753.0
2129,1597.0
2130,1709.538462
2131,1498.0
2132,2323.9375
2133,2972.307692
2134,1534.392857
2135,1545.428571
2136,1836.875
2137,1183.25
2138,1324.357143
2139,1596.92
2140,1523.741935
2141,1624.769231
2142,1186.333333
2143,2526.5
2144,2336.52
2145,1741.0
2146,1587.222222
2147,1495.0
2148,2967.0
2149,592.5625
2150,1353.363636
2151,679.0
2152,1995.0
2153,2362.0
2154,1523.333333
2155,1482.5
2156,1622.681818
2157,1914.714286
2158,1817.315789
2159,1460.795455
2160,2304.97561
2161,2050.333333
2162,2979.0
2163,1908.166667
2164,1740.0
2165,1586.0
2166,1428.4
2167,2127.333333
2168,1645.133333
2169,2019.75
2170,1363.5
2171,3295.0
2172,2117.6
2173,1938.0
2174,2458.909091
2175,1592.0
2176,1612.928571
2177,2027.833333
2178,2053.0
2179,1655.741935
2180,1336.666667
2181,1730.0
2182,1405.0
2183,160.0
2184,2981.0
2185,1998.0
2186,2174.037037
2187,1448.6
2188,1997.142857
2189,2326.358974
2190,1997.0
2191,2976.333333
2192,1594.0
2193,5577.8
2194,3498.0
2195,1695.0
2196,2093.021739
2197,1407.333333
2198,1642.875
2199,1324.0
2200,2245.6
2201,1984.0
2202,1498.0
2203,698.0
2204,998.0
2205,1721.5
2206,1998.0
2207,2344.0
2208,2315.0
2209,2116.0
2210,1742.6
2211,2588.6
2212,1997.0
2213,2085.055556
2214,4123.5
2215,1272.4375
2216,1541.5
2217,1891.7
2218,2244.0
2219,1827.8
2220,1981.818182
2221,1911.75
2222,1972.8125
2223,1387.621622
2224,1593.111111
2225,2634.222222
2226,2309.0
2227,958.6
2228,2696.5
2229,2734.5
2230,0.0
2231,3071.0
2232,1824.428571
2233,2998.0
2234,1431.333333
2235,1775.777778
2236,1337.714286
2237,2521.092437
2238,2349.08
2239,1781.0
2240,2953.588235
2241,1864.8
2242,1833.0
2243,3100.333333
2244,3764.333333
2245,1289.0
2246,1932.153846
2247,3199.0
2248,2126.8
2249,1663.928571
2250,2254.0
2251,1936.6
2252,1980.634146
2253,1344.823529
2254,4395.0
2255,998.0
2256,1750.615385
2257,2331.333333
2258,1594.0
2259,5935.0
2260,2309.340426
2261,5341.0
2262,3740.0
2263,2393.0
2264,2313.666667
2265,2378.0
2266,1446.125
2267,1696.428571
2268,1998.0
2269,2488.0
2270,2276.0
2271,2555.285714
2272,1764.0
2273,3358.666667
2274,3228.0
2275,2614.0
2276,1707.125
2277,1343.0
2278,1696.428571
2279,1586.0
2280,2328.333333
2281,1549.8
2282,2211.071429
2283,2457.555556
2284,3498.0
2285,3377.444444
2286,1298.0
2287,1144.8
2288,2309.340426
2289,1497.0
2290,2768.511628
2291,2345.1
2292,1996.684211
2293,2460.75
2294,2755.571429
2295,2129.0
2296,5733.0
2297,989.0
2298,1968.0
2299,1817.315789
2300,4988.0
2301,2417.875
2302,3456.0
2303,2679.285714
2304,1974.0
2305,1590.0
2306,3640.2
2307,1574.428571
2308,3106.666667
2309,4957.0
2310,4308.0
2311,1962.058824
2312,1182.4
2313,3800.5
2314,3196.555556
2315,2376.75
2316,4493.5
2317,2995.0
2318,1325.0
2319,3586.0
2320,4089.923077
2321,1166.142857
2322,1497.169492
2323,1537.406593
2324,1219.653846
2325,1998.5
2326,1631.5
2327,1995.777778
2328,1279.695652
2329,1623.793103
2330,1408.055556
2331,1196.0
2332,1650.205128
2333,1480.575
2334,1698.64
2335,1743.44186
2336,1397.8
2337,1366.294118
2338,1723.0
2339,1835.846154
2340,1677.949153
2341,1596.92
2342,1994.0
2343,2283.112903
2344,1920.026316
2345,1847.666667
2346,1367.272727
2347,2043.820513
2348,2425.428571
2349,2979.0
2350,2083.523077
2351,1873.261538
2352,1933.021739
2353,1711.571429
2354,2151.647059
2355,2598.818182
2356,1292.352941
2357,1498.0
2358,1424.666667
2359,2261.193548
2360,1364.0
2361,1699.119048
2362,1205.192982
2363,1855.0
2364,1928.714286
2365,1963.666667
2366,1136.692308
2367,1718.571429
2368,1310.0
2369,1472.826087
2370,2521.092437
2371,1998.0
2372,1971.163636
2373,1683.607843
2374,2790.454545
2375,2106.5
2376,1498.25
2377,1479.0
2378,1791.230769
2379,1853.9
2380,1475.0
2381,1615.370787
2382,1921.46789
2383,1536.0
2384,1470.909091
2385,3041.0
2386,1180.545455
2387,2011.555556
2388,2095.185185
2389,1982.756098
2390,1861.833333
2391,1430.75
2392,1518.0
2393,1424.857143
2394,2934.631579
2395,1703.153846
2396,1757.6
2397,935.625
2398,2813.0
2399,1796.6
2400,1729.333333
2401,1891.588235
2402,1615.333333
2403,1382.75
2404,1805.924528
2405,1798.0
2406,1773.0
2407,1774.8125
2408,2031.469388
2409,1452.0
2410,2994.666667
2411,2876.0
2412,1108.0
2413,1837.363636
2414,2748.333333
2415,1242.0
2416,1905.631579
2417,1854.2
2418,2081.375
2419,1462.3625
2420,1374.046512
2421,1506.5
2422,1090.4
2423,1095.777778
2424,1794.0
2425,998.0
2426,1773.7
2427,2208.090909
2428,2178.192308
2429,2719.842105
2430,1950.90625
2431,1528.807692
2432,2294.764706
2433,1969.0
2434,3005.4
2435,996.0
2436,998.0
2437,998.0
2438,2316.0
2439,2239.666667
2440,1466.307692
2441,1372.666667
2442,1373.75
2443,1832.888889
2444,1308.285714
2445,998.0
2446,3071.0
2447,1836.5
2448,2284.133333
2449,1802.774194
2450,1754.4
2451,2247.333333
2452,2998.0
2453,2697.368421
2454,1197.0
2455,868.3333333
2456,2222.710526
2457,1746.944444
2458,899.0
2459,2242.636364
2460,5000.0
2461,1969.0
2462,2084.37931
2463,2234.4
2464,1028.923077
2465,1986.766667
2466,2238.631579
2467,1634.2
2468,335.0
2469,2396.4
2470,1995.0
2471,2048.666667
2472,1836.875
2473,2972.307692
2474,1406.0
2475,2548.833333
2476,1298.666667
2477,3999.0
2478,1384.0
2479,1391.023256
2480,2336.52
2481,2778.0
2482,1496.0
2483,1348.285714
2484,1817.315789
2485,1741.0
2486,1753.0
2487,1599.0
2488,1498.0
2489,1324.357143
2490,6208.0
2491,1645.133333
2492,1597.0
2493,2526.5
2494,1755.75
2495,2106.5
2496,1515.282051
2497,2323.9375
2498,1534.392857
2499,1995.0
2500,1709.538462
2501,1797.4
2502,1774.778947
2503,2458.909091
2504,2050.333333
2505,1817.315789
2506,2362.0
2507,850.2727273
2508,1495.0
2509,1523.741935
2510,1624.769231
2511,679.0
2512,1908.166667
2513,1596.92
2514,1183.25
2515,2326.358974
2516,1523.333333
2517,2127.333333
2518,1363.5
2519,2967.0
2520,1545.428571
2521,1820.65625
2522,1642.875
2523,1498.0
2524,2019.75
2525,1655.741935
2526,1428.4
2527,1353.363636
2528,1886.555556
2529,1938.0
2530,2304.97561
2531,1587.222222
2532,2117.6
2533,1730.0
2534,1324.0
2535,1593.111111
2536,1998.0
2537,1405.0
2538,2979.0
2539,3295.0
2540,1997.142857
2541,1914.714286
2542,160.0
2543,1891.7
2544,2027.833333
2545,2245.6
2546,1592.0
2547,2053.0
2548,1594.0
2549,2981.0
2550,1541.5
2551,1997.0
2552,1622.681818
2553,1998.0
2554,2244.0
2555,1337.714286
2556,1721.5
2557,1612.928571
2558,1695.0
2559,592.5625
2560,1824.428571
2561,2174.037037
2562,2116.0
2563,1407.333333
2564,1289.0
2565,2344.0
2566,3498.0
2567,1740.0
2568,1586.0
2569,698.0
2570,2521.092437
2571,2349.08
2572,5577.8
2573,1336.666667
2574,1984.0
2575,2634.222222
2576,2315.0
2577,1827.8
2578,1932.153846
2579,2976.333333
2580,2998.0
2581,2734.5
2582,1742.6
2583,2309.0
2584,1431.333333
2585,0.0
2586,1446.125
2587,1781.0
2588,1936.6
2589,2953.588235
2590,1864.8
2591,2696.5
2592,1980.634146
2593,2588.6
2594,1594.0
2595,4123.5
2596,1764.0
2597,1833.0
2598,2085.055556
2599,3764.333333
2600,2254.0
2601,1972.8125
2602,3100.333333
2603,998.0
2604,3199.0
2605,1911.75
2606,1460.795455
2607,1696.428571
2608,2126.8
2609,2393.0
2610,4395.0
2611,2309.340426
2612,3071.0
2613,1344.823529
2614,2555.285714
2615,1750.615385
2616,1272.4375
2617,1775.777778
2618,3740.0
2619,1996.684211
2620,2211.071429
2621,2093.021739
2622,1696.428571
2623,3358.666667
2624,5935.0
2625,2328.333333
2626,1998.0
2627,2331.333333
2628,5341.0
2629,2378.0
2630,3228.0
2631,2345.1
2632,2614.0
2633,1343.0
2634,2457.555556
2635,1707.125
2636,1549.8
2637,1448.6
2638,2755.571429
2639,2768.511628
2640,1497.0
2641,1974.0
2642,1817.315789
2643,1759.190476
2644,1182.4
2645,1298.0
2646,3498.0
2647,989.0
2648,5733.0
2649,2276.0
2650,4988.0
2651,2129.0
2652,2309.340426
2653,3377.444444
2654,1590.0
2655,4957.0
2656,1482.5
2657,1325.0
2658,1586.0
2659,1981.818182
2660,1574.428571
2661,2016.777778
2662,2995.0
2663,3800.5
2664,1747.0
2665,2181.2
2666,1387.621622
2667,2376.75
2668,3586.0
2669,3456.0
2670,1962.058824
2671,3640.2
2672,1998.0
2673,4308.0
2674,1166.142857
2675,1497.169492
2676,1998.5
2677,1537.406593
2678,1219.653846
2679,1631.5
2680,1279.695652
2681,1995.777778
2682,1650.205128
2683,1623.793103
2684,1408.055556
2685,1196.0
2686,1480.575
2687,1698.64
2688,1994.0
2689,1366.294118
2690,1743.44186
2691,1677.949153
2692,1835.846154
2693,1920.026316
2694,1596.92
2695,1397.8
2696,1723.0
2697,1367.272727
2698,2283.112903
2699,2043.820513
2700,1847.666667
2701,1933.021739
2702,2425.428571
2703,2979.0
2704,2083.523077
2705,1873.261538
2706,2151.647059
2707,2598.818182
2708,1711.571429
2709,1292.352941
2710,1424.666667
2711,2261.193548
2712,1498.0
2713,1205.192982
2714,1855.0
2715,1364.0
2716,1699.119048
2717,1928.714286
2718,1310.0
2719,1683.607843
2720,1791.230769
2721,1136.692308
2722,1718.571429
2723,1963.666667
2724,1430.75
2725,1479.0
2726,1971.163636
2727,2521.092437
2728,1982.756098
2729,2106.5
2730,2790.454545
2731,1853.9
2732,1703.153846
2733,1998.0
2734,1773.0
2735,1921.46789
2736,1518.0
2737,1475.0
2738,1498.25
2739,1615.333333
2740,1472.826087
2741,1861.833333
2742,1242.0
2743,1615.370787
2744,3041.0
2745,2813.0
2746,935.625
2747,1729.333333
2748,1757.6
2749,2934.631579
2750,1891.588235
2751,1798.0
2752,2011.555556
2753,1180.545455
2754,1470.909091
2755,2095.185185
2756,1424.857143
2757,1805.924528
2758,1108.0
2759,2031.469388
2760,1836.5
2761,1837.363636
2762,2081.375
2763,1452.0
2764,2208.090909
2765,1382.75
2766,1506.5
2767,1950.90625
2768,2876.0
2769,1832.888889
2770,1774.8125
2771,2994.666667
2772,1773.7
2773,1794.0
2774,2748.333333
2775,1854.2
2776,2294.764706
2777,1090.4
2778,2316.0
2779,1796.6
2780,996.0
2781,2247.333333
2782,1466.307692
2783,1374.046512
2784,2284.133333
2785,2719.842105
2786,899.0
2787,2239.666667
2788,1905.631579
2789,3005.4
2790,1969.0
2791,1308.285714
2792,1373.75
2793,1095.777778
2794,998.0
2795,868.3333333
2796,998.0
2797,1372.666667
2798,2998.0
2799,3071.0
2800,2697.368421
2801,1645.133333
2802,1754.4
2803,1802.774194
2804,1528.807692
2805,1197.0
2806,1462.3625
2807,1746.944444
2808,2336.52
2809,2178.192308
2810,2084.37931
2811,2222.710526
2812,1836.875
2813,2234.4
2814,2972.307692
2815,1741.0
2816,335.0
2817,1986.766667
2818,5000.0
2819,2238.631579
2820,2242.636364
2821,2326.358974
2822,1406.0
2823,2548.833333
2824,3999.0
2825,1384.0
2826,1995.0
2827,1969.0
2828,1634.2
2829,1817.315789
2830,1324.357143
2831,2458.909091
2832,2526.5
2833,1498.0
2834,1642.875
2835,2048.666667
2836,1391.023256
2837,998.0
2838,1593.111111
2839,1536.0
2840,1995.0
2841,1753.0
2842,1597.0
2843,1498.0
2844,6208.0
2845,2050.333333
2846,1298.666667
2847,1817.315789
2848,1599.0
2849,998.0
2850,1908.166667
2851,2127.333333
2852,2778.0
2853,1755.75
2854,2323.9375
2855,2396.4
2856,2362.0
2857,1534.392857
2858,1337.714286
2859,1496.0
2860,1891.7
2861,1363.5
2862,1709.538462
2863,1655.741935
2864,679.0
2865,1324.0
2866,1523.333333
2867,1495.0
2868,2106.5
2869,1541.5
2870,1523.741935
2871,2019.75
2872,1428.4
2873,1183.25
2874,1824.428571
2875,1289.0
2876,2245.6
2877,1938.0
2878,1028.923077
2879,2244.0
2880,1730.0
2881,2117.6
2882,1998.0
2883,1624.769231
2884,1998.0
2885,1405.0
2886,1596.92
2887,1997.142857
2888,1594.0
2889,2349.08
2890,1446.125
2891,2521.092437
2892,1721.5
2893,2967.0
2894,1797.4
2895,1348.285714
2896,1774.778947
2897,2304.97561
2898,850.2727273
2899,2979.0
2900,3295.0
2901,2981.0
2902,1695.0
2903,1997.0
2904,2027.833333
2905,1932.153846
2906,1592.0
2907,160.0
2908,2116.0
2909,2344.0
2910,1764.0
2911,2634.222222
2912,2053.0
2913,1587.222222
2914,1353.363636
2915,1431.333333
2916,2998.0
2917,698.0
2918,1936.6
2919,1545.428571
2920,2734.5
2921,1914.714286
2922,1781.0
2923,1980.634146
2924,1827.8
2925,2309.0
2926,0.0
2927,3498.0
2928,1594.0
2929,1996.684211
2930,1864.8
2931,2315.0
2932,2953.588235
2933,2174.037037
2934,1612.928571
2935,998.0
2936,1696.428571
2937,1984.0
2938,5577.8
2939,2696.5
2940,1622.681818
2941,1833.0
2942,2254.0
2943,1742.6
2944,592.5625
2945,1750.615385
2946,2211.071429
2947,2393.0
2948,2555.285714
2949,1407.333333
2950,3764.333333
2951,2309.340426
2952,3100.333333
2953,2345.1
2954,1696.428571
2955,3199.0
2956,4395.0
2957,2126.8
2958,1344.823529
2959,2328.333333
2960,2588.6
2961,3358.666667
2962,1886.555556
2963,1974.0
2964,1972.8125
2965,1759.190476
2966,3228.0
2967,2755.571429
2968,1336.666667
2969,2614.0
2970,2457.555556
2971,1343.0
2972,2085.055556
2973,1549.8
2974,1775.777778
2975,4123.5
2976,1182.4
2977,1707.125
2978,1497.0
2979,1740.0
2980,2331.333333
2981,1998.0
2982,2378.0
2983,5935.0
2984,2768.511628
2985,2976.333333
2986,1586.0
2987,1817.315789
2988,3071.0
2989,2181.2
2990,2016.777778
2991,1911.75
2992,989.0
2993,3740.0
2994,1325.0
2995,4988.0
2996,5733.0
2997,5341.0
2998,1590.0
2999,4957.0
3000,2129.0
3001,1747.0
3002,3498.0
3003,1574.428571
3004,1298.0
3005,1463.857143
3006,3800.5
3007,2995.0
3008,2367.181818
3009,1977.259259
3010,3586.0
3011,2376.75
3012,2652.375
3013,1998.0
3014,2309.340426
3015,1166.142857
3016,1998.5
3017,1497.169492
3018,1537.406593
3019,1219.653846
3020,1650.205128
3021,1279.695652
3022,1995.777778
3023,1631.5
3024,1408.055556
3025,1623.793103
3026,1196.0
3027,1480.575
3028,1994.0
3029,1698.64
3030,1366.294118
3031,1743.44186
3032,1677.949153
3033,1920.026316
3034,1835.846154
3035,1367.272727
3036,2043.820513
3037,1596.92
3038,1397.8
3039,1847.666667
3040,1933.021739
3041,2283.112903
3042,1723.0
3043,2979.0
3044,2425.428571
3045,2151.647059
3046,2083.523077
3047,1873.261538
3048,2598.818182
3049,1430.75
3050,1711.571429
3051,1292.352941
3052,1791.230769
3053,2261.193548
3054,1205.192982
3055,1683.607843
3056,1855.0
3057,1773.0
3058,1982.756098
3059,1928.714286
3060,1424.666667
3061,1703.153846
3062,1699.119048
3063,1310.0
3064,1364.0
3065,1479.0
3066,1498.0
3067,1242.0
3068,1718.571429
3069,1136.692308
3070,1853.9
3071,1971.163636
3072,1836.5
3073,1518.0
3074,2106.5
3075,1615.333333
3076,1963.666667
3077,2521.092437
3078,2790.454545
3079,1921.46789
3080,1861.833333
3081,1475.0
3082,1998.0
3083,2813.0
3084,935.625
3085,1832.888889
3086,1498.25
3087,1729.333333
3088,1798.0
3089,3041.0
3090,1757.6
3091,1950.90625
3092,1891.588235
3093,1615.370787
3094,2208.090909
3095,2934.631579
3096,2011.555556
3097,1108.0
3098,1180.545455
3099,1506.5
3100,2247.333333
3101,1645.133333
3102,1794.0
3103,1773.7
3104,2081.375
3105,2294.764706
3106,1805.924528
3107,2316.0
3108,2031.469388
3109,2284.133333
3110,1472.826087
3111,1424.857143
3112,899.0
3113,1466.307692
3114,1470.909091
3115,1452.0
3116,1837.363636
3117,1090.4
3118,1854.2
3119,2876.0
3120,2748.333333
3121,2994.666667
3122,2095.185185
3123,1774.8125
3124,1382.75
3125,868.3333333
3126,1308.285714
3127,996.0
3128,1593.111111
3129,2239.666667
3130,2326.358974
3131,1373.75
3132,2336.52
3133,1374.046512
3134,2998.0
3135,2719.842105
3136,3005.4
3137,1642.875
3138,2697.368421
3139,1372.666667
3140,1836.875
3141,1754.4
3142,2972.307692
3143,1969.0
3144,1095.777778
3145,1741.0
3146,998.0
3147,3071.0
3148,2084.37931
3149,1802.774194
3150,2234.4
3151,1337.714286
3152,1746.944444
3153,1498.0
3154,1197.0
3155,2458.909091
3156,2222.710526
3157,335.0
3158,1891.7
3159,1905.631579
3160,1384.0
3161,1324.357143
3162,1986.766667
3163,2050.333333
3164,3999.0
3165,1796.6
3166,1406.0
3167,2238.631579
3168,998.0
3169,2526.5
3170,5000.0
3171,1995.0
3172,1817.315789
3173,2548.833333
3174,1995.0
3175,1498.0
3176,1817.315789
3177,1528.807692
3178,2127.333333
3179,2242.636364
3180,1908.166667
3181,1753.0
3182,1634.2
3183,1289.0
3184,6208.0
3185,1597.0
3186,1391.023256
3187,1324.0
3188,1446.125
3189,1969.0
3190,1824.428571
3191,1541.5
3192,1363.5
3193,2362.0
3194,1655.741935
3195,1599.0
3196,1462.3625
3197,2244.0
3198,2178.192308
3199,2521.092437
3200,2245.6
3201,2349.08
3202,2323.9375
3203,1755.75
3204,2048.666667
3205,1534.392857
3206,1998.0
3207,1428.4
3208,2778.0
3209,1709.538462
3210,1523.333333
3211,2019.75
3212,1495.0
3213,1764.0
3214,1996.684211
3215,1938.0
3216,679.0
3217,1721.5
3218,1496.0
3219,1730.0
3220,1997.142857
3221,1998.0
3222,1298.666667
3223,1594.0
3224,2396.4
3225,2117.6
3226,1523.741935
3227,1932.153846
3228,1183.25
3229,2634.222222
3230,1405.0
3231,2116.0
3232,2344.0
3233,1936.6
3234,1431.333333
3235,1980.634146
3236,1695.0
3237,2304.97561
3238,2734.5
3239,2998.0
3240,1781.0
3241,1864.8
3242,1997.0
3243,1594.0
3244,2981.0
3245,2106.5
3246,998.0
3247,0.0
3248,3295.0
3249,1587.222222
3250,2309.0
3251,2953.588235
3252,2979.0
3253,2027.833333
3254,1696.428571
3255,1596.92
3256,2211.071429
3257,2053.0
3258,1750.615385
3259,1827.8
3260,1592.0
3261,698.0
3262,2967.0
3263,1624.769231
3264,1797.4
3265,2345.1
3266,2696.5
3267,1759.190476
3268,2315.0
3269,1984.0
3270,2555.285714
3271,1974.0
3272,2254.0
3273,3498.0
3274,160.0
3275,1833.0
3276,2393.0
3277,1696.428571
3278,2309.340426
3279,2328.333333
3280,3358.666667
3281,1774.778947
3282,2174.037037
3283,998.0
3284,1914.714286
3285,850.2727273
3286,3764.333333
3287,5577.8
3288,1182.4
3289,4395.0
3290,2755.571429
3291,3100.333333
3292,1353.363636
3293,1549.8
3294,2181.2
3295,3228.0
3296,2457.555556
3297,2126.8
3298,1344.823529
3299,592.5625
3300,2614.0
3301,2016.777778
3302,1343.0
3303,3199.0
3304,1497.0
3305,1817.315789
3306,1977.259259
3307,1463.857143
3308,1325.0
3309,1742.6
3310,2085.055556
3311,1707.125
3312,998.0
3313,2768.511628
3314,1972.8125
3315,2367.181818
3316,989.0
3317,4988.0
3318,1590.0
3319,1612.928571
3320,4957.0
3321,2652.375
3322,5733.0
3323,1998.0
3324,1477.0
3325,2234.26087
3326,1747.0
3327,2331.333333
3328,5935.0
3329,2129.0
3330,903.0
3331,2995.0
3332,1998.0
3333,1028.923077
3334,1574.428571
3335,1335.0
3336,3586.0
3337,3800.5
3338,2144.0
3339,2588.6
3340,1622.681818
3341,2376.75
3342,1545.428571
3343,1590.0
3344,1372.4
3345,1166.142857
3346,1650.205128
3347,1998.5
3348,1537.406593
3349,1219.653846
3350,1497.169492
3351,1279.695652
3352,1995.777778
3353,1408.055556
3354,1623.793103
3355,1631.5
3356,1994.0
3357,1698.64
3358,1480.575
3359,1196.0
3360,1366.294118
3361,1920.026316
3362,1677.949153
3363,1367.272727
3364,1743.44186
3365,2043.820513
3366,1835.846154
3367,1933.021739
3368,1596.92
3369,1847.666667
3370,1397.8
3371,2979.0
3372,2283.112903
3373,2425.428571
3374,2151.647059
3375,1723.0
3376,1430.75
3377,2083.523077
3378,1773.0
3379,1791.230769
3380,1873.261538
3381,2598.818182
3382,1836.5
3383,1683.607843
3384,1982.756098
3385,1703.153846
3386,1242.0
3387,1205.192982
3388,1292.352941
3389,2261.193548
3390,1855.0
3391,1310.0
3392,1479.0
3393,1711.571429
3394,1699.119048
3395,1928.714286
3396,1615.333333
3397,1518.0
3398,1718.571429
3399,1424.666667
3400,1832.888889
3401,1853.9
3402,1971.163636
3403,2106.5
3404,1364.0
3405,1921.46789
3406,2521.092437
3407,2813.0
3408,1136.692308
3409,1645.133333
3410,2790.454545
3411,1861.833333
3412,1963.666667
3413,1950.90625
3414,935.625
3415,1498.0
3416,1593.111111
3417,1475.0
3418,2247.333333
3419,2208.090909
3420,1798.0
3421,1108.0
3422,1757.6
3423,1998.0
3424,2326.358974
3425,2284.133333
3426,1506.5
3427,1729.333333
3428,2316.0
3429,3041.0
3430,899.0
3431,2294.764706
3432,1642.875
3433,1794.0
3434,1180.545455
3435,1773.7
3436,2934.631579
3437,1891.588235
3438,2011.555556
3439,1466.307692
3440,1615.370787
3441,1498.25
3442,2081.375
3443,2336.52
3444,868.3333333
3445,2031.469388
3446,1337.714286
3447,1805.924528
3448,1308.285714
3449,1090.4
3450,1854.2
3451,1452.0
3452,2876.0
3453,1837.363636
3454,2998.0
3455,1891.7
3456,1470.909091
3457,2239.666667
3458,1373.75
3459,2972.307692
3460,1741.0
3461,2748.333333
3462,1836.875
3463,1498.0
3464,1374.046512
3465,1424.857143
3466,2697.368421
3467,2994.666667
3468,3005.4
3469,2458.909091
3470,1472.826087
3471,996.0
3472,2719.842105
3473,2084.37931
3474,1372.666667
3475,1774.8125
3476,2234.4
3477,2095.185185
3478,1446.125
3479,1095.777778
3480,1754.4
3481,2050.333333
3482,1289.0
3483,3071.0
3484,998.0
3485,1324.357143
3486,1382.75
3487,2222.710526
3488,1746.944444
3489,1802.774194
3490,1384.0
3491,2127.333333
3492,1969.0
3493,1817.315789
3494,1995.0
3495,1824.428571
3496,2526.5
3497,1324.0
3498,1197.0
3499,335.0
3500,1541.5
3501,3999.0
3502,5000.0
3503,1986.766667
3504,1498.0
3505,1908.166667
3506,1996.684211
3507,1406.0
3508,2238.631579
3509,2349.08
3510,1817.315789
3511,2521.092437
3512,1995.0
3513,1363.5
3514,1753.0
3515,2245.6
3516,2362.0
3517,1655.741935
3518,6208.0
3519,2244.0
3520,2548.833333
3521,1391.023256
3522,2242.636364
3523,1764.0
3524,1998.0
3525,1634.2
3526,1428.4
3527,1597.0
3528,1721.5
3529,2323.9375
3530,1932.153846
3531,1938.0
3532,1599.0
3533,2019.75
3534,1998.0
3535,1594.0
3536,1997.142857
3537,1755.75
3538,1730.0
3539,1969.0
3540,1587.222222
3541,1534.392857
3542,1495.0
3543,1523.333333
3544,1905.631579
3545,2634.222222
3546,1528.807692
3547,1980.634146
3548,1936.6
3549,1431.333333
3550,2778.0
3551,2116.0
3552,1709.538462
3553,1864.8
3554,2117.6
3555,998.0
3556,1750.615385
3557,2734.5
3558,2998.0
3559,1781.0
3560,2344.0
3561,998.0
3562,1759.190476
3563,2211.071429
3564,1594.0
3565,679.0
3566,2048.666667
3567,1523.741935
3568,2345.1
3569,1183.25
3570,1696.428571
3571,1974.0
3572,0.0
3573,2309.0
3574,2953.588235
3575,1496.0
3576,2304.97561
3577,1997.0
3578,2981.0
3579,1695.0
3580,2555.285714
3581,2696.5
3582,1796.6
3583,1827.8
3584,1405.0
3585,1984.0
3586,2396.4
3587,2254.0
3588,1182.4
3589,1696.428571
3590,3358.666667
3591,2053.0
3592,2328.333333
3593,2027.833333
3594,2178.192308
3595,2979.0
3596,3295.0
3597,2309.340426
3598,2181.2
3599,2393.0
3600,1833.0
3601,1977.259259
3602,698.0
3603,2315.0
3604,1592.0
3605,1549.8
3606,1463.857143
3607,2755.571429
3608,1596.92
3609,2016.777778
3610,1477.0
3611,4395.0
3612,2367.181818
3613,2967.0
3614,3228.0
3615,3764.333333
3616,2457.555556
3617,1325.0
3618,3498.0
3619,2234.26087
3620,2614.0
3621,2652.375
3622,1343.0
3623,1497.0
3624,1797.4
3625,1817.315789
3626,903.0
3627,2174.037037
3628,1372.4
3629,2126.8
3630,4957.0
3631,4988.0
3632,989.0
3633,3100.333333
3634,1335.0
3635,1590.0
3636,2106.5
3637,5733.0
3638,5577.8
3639,1707.125
3640,1624.769231
3641,1747.0
3642,1298.666667
3643,2995.0
3644,2768.511628
3645,1998.0
3646,3199.0
3647,1607.25
3648,2085.055556
3649,2144.0
3650,2129.0
3651,1574.428571
3652,3586.0
3653,1994.0
3654,3800.5
3655,1590.0
3656,4997.0
3657,1774.778947
3658,1166.142857
3659,1650.205128
3660,1998.5
3661,1537.406593
3662,1219.653846
3663,1279.695652
3664,1497.169492
3665,1994.0
3666,1995.777778
3667,1408.055556
3668,1623.793103
3669,1631.5
3670,1698.64
3671,1480.575
3672,1366.294118
3673,1196.0
3674,1920.026316
3675,1677.949153
3676,1367.272727
3677,2043.820513
3678,1933.021739
3679,1743.44186
3680,1835.846154
3681,1430.75
3682,1836.5
3683,1596.92
3684,1847.666667
3685,2979.0
3686,1773.0
3687,2425.428571
3688,2151.647059
3689,1397.8
3690,2283.112903
3691,1791.230769
3692,1703.153846
3693,1242.0
3694,1683.607843
3695,1982.756098
3696,2083.523077
3697,2598.818182
3698,1873.261538
3699,1723.0
3700,1593.111111
3701,1205.192982
3702,1479.0
3703,1832.888889
3704,1855.0
3705,1645.133333
3706,1310.0
3707,1615.333333
3708,2261.193548
3709,1518.0
3710,1292.352941
3711,1699.119048
3712,1718.571429
3713,2326.358974
3714,1950.90625
3715,1642.875
3716,2813.0
3717,2247.333333
3718,1928.714286
3719,1853.9
3720,2106.5
3721,1971.163636
3722,2521.092437
3723,2208.090909
3724,1921.46789
3725,1711.571429
3726,1861.833333
3727,1424.666667
3728,935.625
3729,1337.714286
3730,2284.133333
3731,1798.0
3732,2790.454545
3733,1136.692308
3734,1891.7
3735,1108.0
3736,2316.0
3737,899.0
3738,1475.0
3739,1963.666667
3740,1506.5
3741,1180.545455
3742,1364.0
3743,2294.764706
3744,2336.52
3745,1794.0
3746,1757.6
3747,1466.307692
3748,1773.7
3749,868.3333333
3750,3041.0
3751,1308.285714
3752,1891.588235
3753,2934.631579
3754,1729.333333
3755,1498.0
3756,1446.125
3757,2998.0
3758,1998.0
3759,2011.555556
3760,1741.0
3761,2081.375
3762,2972.307692
3763,1498.0
3764,2031.469388
3765,1854.2
3766,2239.666667
3767,1615.370787
3768,1090.4
3769,1836.875
3770,1374.046512
3771,1289.0
3772,2458.909091
3773,2876.0
3774,1373.75
3775,1805.924528
3776,1498.25
3777,1996.684211
3778,1452.0
3779,2697.368421
3780,2050.333333
3781,2084.37931
3782,2748.333333
3783,1837.363636
3784,2234.4
3785,3005.4
3786,1824.428571
3787,2127.333333
3788,1541.5
3789,1095.777778
3790,1324.357143
3791,1324.0
3792,1817.315789
3793,1470.909091
3794,2719.842105
3795,1372.666667
3796,2349.08
3797,1995.0
3798,3071.0
3799,2526.5
3800,2521.092437
3801,2994.666667
3802,2222.710526
3803,1746.944444
3804,1908.166667
3805,1384.0
3806,1754.4
3807,996.0
3808,2245.6
3809,1498.0
3810,1802.774194
3811,5000.0
3812,3999.0
3813,1764.0
3814,1363.5
3815,2244.0
3816,1655.741935
3817,2362.0
3818,1986.766667
3819,1774.8125
3820,1587.222222
3821,998.0
3822,1406.0
3823,2095.185185
3824,1197.0
3825,335.0
3826,1424.857143
3827,1995.0
3828,2238.631579
3829,1969.0
3830,1998.0
3831,1753.0
3832,1391.023256
3833,1817.315789
3834,6208.0
3835,1634.2
3836,1721.5
3837,1932.153846
3838,1428.4
3839,1759.190476
3840,1750.615385
3841,1980.634146
3842,1998.0
3843,2548.833333
3844,1864.8
3845,1431.333333
3846,1594.0
3847,2345.1
3848,1997.142857
3849,2242.636364
3850,998.0
3851,1936.6
3852,2634.222222
3853,2211.071429
3854,1730.0
3855,2019.75
3856,1974.0
3857,2323.9375
3858,1495.0
3859,1938.0
3860,2998.0
3861,2734.5
3862,1781.0
3863,2116.0
3864,1709.538462
3865,1594.0
3866,1534.392857
3867,2344.0
3868,1696.428571
3869,0.0
3870,1183.25
3871,1977.259259
3872,2309.0
3873,2953.588235
3874,1755.75
3875,1599.0
3876,1182.4
3877,2117.6
3878,1523.333333
3879,2555.285714
3880,1463.857143
3881,2181.2
3882,1597.0
3883,1477.0
3884,2696.5
3885,3358.666667
3886,2254.0
3887,1696.428571
3888,1523.741935
3889,2981.0
3890,1549.8
3891,1372.4
3892,2328.333333
3893,1984.0
3894,1827.8
3895,2304.97561
3896,1472.826087
3897,1997.0
3898,2234.26087
3899,2309.340426
3900,2367.181818
3901,2016.777778
3902,2778.0
3903,903.0
3904,2755.571429
3905,2652.375
3906,1833.0
3907,1969.0
3908,1325.0
3909,1335.0
3910,2393.0
3911,4395.0
3912,1382.75
3913,1596.92
3914,679.0
3915,1817.315789
3916,3228.0
3917,1497.0
3918,2048.666667
3919,2315.0
3920,1343.0
3921,2457.555556
3922,1607.25
3923,2053.0
3924,4957.0
3925,4988.0
3926,2979.0
3927,989.0
3928,1590.0
3929,2614.0
3930,5733.0
3931,1507.5
3932,2027.833333
3933,3764.333333
3934,1496.0
3935,1592.0
3936,2995.0
3937,1998.0
3938,1351.0
3939,1695.0
3940,1747.0
3941,2144.0
3942,3295.0
3943,1994.0
3944,1762.75
3945,2126.8
3946,1590.0
3947,1528.807692
3948,3980.0
3949,1707.125
3950,1574.428571
3951,1590.0
3952,4997.0
3953,3590.0
3954,3800.5
3955,1638.888889
3956,2174.037037
3957,1166.142857
3958,1650.205128
3959,1998.5
3960,1537.406593
3961,1279.695652
3962,1219.653846
3963,1994.0
3964,1408.055556
3965,1995.777778
3966,1497.169492
3967,1623.793103
3968,1698.64
3969,1366.294118
3970,1480.575
3971,1631.5
3972,1836.5
3973,1196.0
3974,1677.949153
3975,1367.272727
3976,1430.75
3977,1920.026316
3978,1933.021739
3979,1773.0
3980,2043.820513
3981,1835.846154
3982,2979.0
3983,1743.44186
3984,1791.230769
3985,2151.647059
3986,2425.428571
3987,1847.666667
3988,1596.92
3989,1242.0
3990,1593.111111
3991,1703.153846
3992,1982.756098
3993,1683.607843
3994,2283.112903
3995,1397.8
3996,1645.133333
3997,1832.888889
3998,2326.358974
3999,2598.818182
4000,2083.523077
4001,1642.875
4002,1479.0
4003,1205.192982
4004,1615.333333
4005,1518.0
4006,1873.261538
4007,1337.714286
4008,1310.0
4009,1950.90625
4010,2247.333333
4011,1855.0
4012,1891.7
4013,2261.193548
4014,2813.0
4015,2208.090909
4016,1718.571429
4017,2284.133333
4018,1699.119048
4019,935.625
4020,1292.352941
4021,1723.0
4022,1861.833333
4023,2521.092437
4024,2106.5
4025,1798.0
4026,899.0
4027,1921.46789
4028,2336.52
4029,2316.0
4030,1971.163636
4031,1180.545455
4032,1853.9
4033,1506.5
4034,2294.764706
4035,1928.714286
4036,2790.454545
4037,1424.666667
4038,1466.307692
4039,1446.125
4040,868.3333333
4041,1108.0
4042,1794.0
4043,1475.0
4044,1996.684211
4045,1136.692308
4046,1963.666667
4047,1308.285714
4048,1757.6
4049,1773.7
4050,1289.0
4051,1741.0
4052,1498.0
4053,2972.307692
4054,2998.0
4055,1095.777778
4056,1374.046512
4057,2458.909091
4058,1711.571429
4059,1836.875
4060,2239.666667
4061,2050.333333
4062,1824.428571
4063,3041.0
4064,1854.2
4065,1891.588235
4066,2934.631579
4067,2031.469388
4068,2084.37931
4069,2081.375
4070,2697.368421
4071,2127.333333
4072,1541.5
4073,1090.4
4074,2349.08
4075,2011.555556
4076,1373.75
4077,1324.0
4078,2234.4
4079,2876.0
4080,2521.092437
4081,1817.315789
4082,1324.357143
4083,2748.333333
4084,3005.4
4085,1615.370787
4086,1587.222222
4087,1998.0
4088,2245.6
4089,2526.5
4090,1995.0
4091,1908.166667
4092,1729.333333
4093,1452.0
4094,1764.0
4095,1805.924528
4096,2244.0
4097,1363.5
4098,1372.666667
4099,2222.710526
4100,1498.25
4101,3071.0
4102,2719.842105
4103,1746.944444
4104,1364.0
4105,1384.0
4106,1498.0
4107,1655.741935
4108,5000.0
4109,1759.190476
4110,1498.0
4111,1750.615385
4112,2362.0
4113,1998.0
4114,2345.1
4115,1721.5
4116,1932.153846
4117,3999.0
4118,1864.8
4119,996.0
4120,1974.0
4121,1802.774194
4122,2994.666667
4123,1980.634146
4124,998.0
4125,1977.259259
4126,1431.333333
4127,2211.071429
4128,1634.2
4129,1995.0
4130,1391.023256
4131,1986.766667
4132,1428.4
4133,1406.0
4134,1753.0
4135,2634.222222
4136,1936.6
4137,2238.631579
4138,1477.0
4139,1709.538462
4140,1998.0
4141,2998.0
4142,1197.0
4143,6208.0
4144,1997.142857
4145,2734.5
4146,1781.0
4147,1372.4
4148,1463.857143
4149,1594.0
4150,1730.0
4151,335.0
4152,2116.0
4153,1594.0
4154,1837.363636
4155,1182.4
4156,1817.315789
4157,1969.0
4158,2019.75
4159,1754.4
4160,2344.0
4161,1696.428571
4162,998.0
4163,1495.0
4164,2181.2
4165,1938.0
4166,0.0
4167,2953.588235
4168,2323.9375
4169,2555.285714
4170,2309.0
4171,1549.8
4172,2234.26087
4173,1774.8125
4174,1183.25
4175,903.0
4176,3358.666667
4177,2367.181818
4178,2696.5
4179,1696.428571
4180,2242.636364
4181,2254.0
4182,2328.333333
4183,2548.833333
4184,2652.375
4185,1335.0
4186,2016.777778
4187,1607.25
4188,1534.392857
4189,2117.6
4190,2095.185185
4191,2981.0
4192,1984.0
4193,2309.340426
4194,2755.571429
4195,1325.0
4196,1523.333333
4197,1507.5
4198,1997.0
4199,1755.75
4200,1827.8
4201,2304.97561
4202,4395.0
4203,1817.315789
4204,1599.0
4205,1497.0
4206,1343.0
4207,1470.909091
4208,1351.0
4209,1596.92
4210,1833.0
4211,1523.741935
4212,2979.0
4213,3228.0
4214,4957.0
4215,4988.0
4216,989.0
4217,1590.0
4218,2457.555556
4219,5733.0
4220,1762.75
4221,1998.0
4222,2995.0
4223,1590.0
4224,2393.0
4225,1994.0
4226,1747.0
4227,2144.0
4228,1206.0
4229,1520.952381
4230,652.0
4231,1638.888889
4232,3590.0
4233,1347.666667
4234,3980.0
4235,1590.0
4236,1568.0
4237,1597.0
4238,4997.0
4239,1424.857143
4240,3764.333333
4241,1985.0
4242,2315.0
4243,1166.142857
4244,1650.205128
4245,1998.5
4246,1994.0
4247,1537.406593
4248,1279.695652
4249,1219.653846
4250,1408.055556
4251,1995.777778
4252,1698.64
4253,1836.5
4254,1366.294118
4255,1623.793103
4256,1480.575
4257,1497.169492
4258,1430.75
4259,1773.0
4260,1631.5
4261,1677.949153
4262,1196.0
4263,1367.272727
4264,1920.026316
4265,1933.021739
4266,1593.111111
4267,1242.0
4268,1791.230769
4269,2043.820513
4270,2979.0
4271,1835.846154
4272,2151.647059
4273,1703.153846
4274,2425.428571
4275,2326.358974
4276,1982.756098
4277,1683.607843
4278,1596.92
4279,1642.875
4280,1847.666667
4281,1645.133333
4282,1743.44186
4283,1832.888889
4284,1337.714286
4285,2283.112903
4286,1891.7
4287,1397.8
4288,2598.818182
4289,1518.0
4290,2247.333333
4291,1950.90625
4292,1479.0
4293,1205.192982
4294,1615.333333
4295,1310.0
4296,2208.090909
4297,2083.523077
4298,2813.0
4299,2284.133333
4300,1855.0
4301,1873.261538
4302,2336.52
4303,1718.571429
4304,1446.125
4305,899.0
4306,1996.684211
4307,2261.193548
4308,2316.0
4309,1861.833333
4310,935.625
4311,1798.0
4312,868.3333333
4313,2521.092437
4314,2294.764706
4315,1095.777778
4316,1180.545455
4317,1466.307692
4318,2106.5
4319,1289.0
4320,1506.5
4321,1794.0
4322,1699.119048
4323,1921.46789
4324,1308.285714
4325,1971.163636
4326,1741.0
4327,2790.454545
4328,1498.0
4329,1108.0
4330,1424.666667
4331,2972.307692
4332,1475.0
4333,1292.352941
4334,1853.9
4335,1374.046512
4336,2998.0
4337,1757.6
4338,2458.909091
4339,1773.7
4340,2050.333333
4341,1824.428571
4342,1928.714286
4343,2349.08
4344,1963.666667
4345,1836.875
4346,2239.666667
4347,1587.222222
4348,1136.692308
4349,1541.5
4350,2521.092437
4351,2127.333333
4352,1324.0
4353,2084.37931
4354,2697.368421
4355,1817.315789
4356,1854.2
4357,2234.4
4358,1324.357143
4359,2245.6
4360,3041.0
4361,1891.588235
4362,1373.75
4363,1090.4
4364,1764.0
4365,1908.166667
4366,1750.615385
4367,2934.631579
4368,2081.375
4369,2748.333333
4370,2526.5
4371,3005.4
4372,2244.0
4373,2031.469388
4374,1759.190476
4375,1995.0
4376,1363.5
4377,1977.259259
4378,1723.0
4379,1477.0
4380,2876.0
4381,1864.8
4382,1655.741935
4383,2345.1
4384,2011.555556
4385,1372.4
4386,1974.0
4387,2222.710526
4388,998.0
4389,1463.857143
4390,2362.0
4391,1980.634146
4392,3071.0
4393,1932.153846
4394,5000.0
4395,1721.5
4396,1746.944444
4397,1384.0
4398,1498.0
4399,1372.666667
4400,1431.333333
4401,1998.0
4402,2211.071429
4403,1615.370787
4404,996.0
4405,1709.538462
4406,2719.842105
4407,2998.0
4408,1182.4
4409,2634.222222
4410,1936.6
4411,1634.2
4412,2734.5
4413,1452.0
4414,1781.0
4415,2234.26087
4416,3999.0
4417,2181.2
4418,2116.0
4419,1998.0
4420,1428.4
4421,1549.8
4422,1995.0
4423,1594.0
4424,1391.023256
4425,1997.142857
4426,1711.571429
4427,1594.0
4428,903.0
4429,1730.0
4430,6208.0
4431,2019.75
4432,1335.0
4433,1696.428571
4434,1986.766667
4435,1607.25
4436,2953.588235
4437,1998.0
4438,1753.0
4439,2344.0
4440,2555.285714
4441,2367.181818
4442,0.0
4443,2238.631579
4444,2309.0
4445,1495.0
4446,3358.666667
4447,2652.375
4448,1406.0
4449,1507.5
4450,2994.666667
4451,2328.333333
4452,1696.428571
4453,1805.924528
4454,1197.0
4455,2254.0
4456,2696.5
4457,1183.25
4458,2016.777778
4459,1802.774194
4460,1938.0
4461,1729.333333
4462,1498.25
4463,2323.9375
4464,1817.315789
4465,1325.0
4466,1351.0
4467,2755.571429
4468,2981.0
4469,1969.0
4470,2309.340426
4471,1762.75
4472,1817.315789
4473,1497.0
4474,4395.0
4475,1520.952381
4476,2979.0
4477,1343.0
4478,1984.0
4479,4957.0
4480,652.0
4481,1206.0
4482,1597.0
4483,2304.97561
4484,989.0
4485,1347.666667
4486,998.0
4487,2117.6
4488,4988.0
4489,1590.0
4490,1590.0
4491,1998.0
4492,1755.75
4493,1638.888889
4494,335.0
4495,5733.0
4496,1994.0
4497,1997.0
4498,3228.0
4499,1962.058824
4500,469.6
4501,2242.636364
4502,1568.0
4503,1827.8
4504,3590.0
4505,2995.0
4506,2144.0
4507,1985.0
4508,1518.678571
4509,1747.0
4510,1849.545455
4511,1596.92
4512,3980.0
4513,1808.384615
4514,1350.0
4515,1275.0
4516,1590.0
4517,2652.8
4518,2457.555556
4519,4997.0
4520,1166.142857
4521,1650.205128
4522,1994.0
4523,1537.406593
4524,1998.5
4525,1279.695652
4526,1836.5
4527,1408.055556
4528,1219.653846
4529,1995.777778
4530,1698.64
4531,1366.294118
4532,1430.75
4533,1480.575
4534,1623.793103
4535,1773.0
4536,1593.111111
4537,1677.949153
4538,1933.021739
4539,1242.0
4540,1920.026316
4541,2326.358974
4542,1791.230769
4543,1367.272727
4544,1497.169492
4545,1196.0
4546,2979.0
4547,1703.153846
4548,1642.875
4549,1631.5
4550,2151.647059
4551,1835.846154
4552,1683.607843
4553,1337.714286
4554,1645.133333
4555,2425.428571
4556,1982.756098
4557,2043.820513
4558,1832.888889
4559,1891.7
4560,1847.666667
4561,1596.92
4562,2247.333333
4563,1950.90625
4564,1518.0
4565,1205.192982
4566,2283.112903
4567,2208.090909
4568,2598.818182
4569,1479.0
4570,1996.684211
4571,2284.133333
4572,2813.0
4573,1310.0
4574,1446.125
4575,1615.333333
4576,1095.777778
4577,2336.52
4578,1743.44186
4579,899.0
4580,2316.0
4581,1718.571429
4582,868.3333333
4583,1397.8
4584,1289.0
4585,1855.0
4586,1798.0
4587,2294.764706
4588,2083.523077
4589,1861.833333
4590,2521.092437
4591,1180.545455
4592,2261.193548
4593,1873.261538
4594,1308.285714
4595,1794.0
4596,1506.5
4597,1741.0
4598,1498.0
4599,2972.307692
4600,1466.307692
4601,935.625
4602,2106.5
4603,1374.046512
4604,2349.08
4605,2050.333333
4606,1587.222222
4607,1921.46789
4608,1824.428571
4609,2998.0
4610,2458.909091
4611,2521.092437
4612,1475.0
4613,1699.119048
4614,1971.163636
4615,1541.5
4616,1424.666667
4617,2790.454545
4618,1773.7
4619,1324.0
4620,1757.6
4621,2127.333333
4622,1108.0
4623,2239.666667
4624,1477.0
4625,1750.615385
4626,2245.6
4627,1977.259259
4628,2084.37931
4629,1817.315789
4630,1372.4
4631,1836.875
4632,1324.357143
4633,2697.368421
4634,1864.8
4635,1759.190476
4636,1764.0
4637,1963.666667
4638,2234.4
4639,1854.2
4640,1908.166667
4641,2345.1
4642,2244.0
4643,1463.857143
4644,2526.5
4645,1928.714286
4646,1974.0
4647,1853.9
4648,1363.5
4649,3005.4
4650,1655.741935
4651,1136.692308
4652,3041.0
4653,1995.0
4654,1980.634146
4655,998.0
4656,2748.333333
4657,1090.4
4658,1932.153846
4659,2081.375
4660,1431.333333
4661,2934.631579
4662,1721.5
4663,2234.26087
4664,1292.352941
4665,1373.75
4666,1182.4
4667,1709.538462
4668,2031.469388
4669,2211.071429
4670,2998.0
4671,1335.0
4672,1891.588235
4673,1607.25
4674,1549.8
4675,2734.5
4676,2181.2
4677,2362.0
4678,996.0
4679,5000.0
4680,1384.0
4681,2876.0
4682,2222.710526
4683,2634.222222
4684,1781.0
4685,1936.6
4686,1746.944444
4687,903.0
4688,1998.0
4689,1507.5
4690,3071.0
4691,1498.0
4692,2116.0
4693,1594.0
4694,1634.2
4695,1998.0
4696,2367.181818
4697,3999.0
4698,1372.666667
4699,2011.555556
4700,2953.588235
4701,6208.0
4702,1428.4
4703,1997.142857
4704,2719.842105
4705,2652.375
4706,1696.428571
4707,2555.285714
4708,1730.0
4709,3358.666667
4710,2019.75
4711,1995.0
4712,2309.0
4713,2344.0
4714,0.0
4715,1351.0
4716,2328.333333
4717,1696.428571
4718,1762.75
4719,2016.777778
4720,1495.0
4721,2254.0
4722,1520.952381
4723,2696.5
4724,1391.023256
4725,1986.766667
4726,1594.0
4727,1325.0
4728,1452.0
4729,2755.571429
4730,1597.0
4731,1183.25
4732,652.0
4733,1206.0
4734,469.6
4735,1347.666667
4736,1962.058824
4737,2979.0
4738,1615.370787
4739,1849.545455
4740,1817.315789
4741,1497.0
4742,2309.340426
4743,1753.0
4744,1350.0
4745,1518.678571
4746,1638.888889
4747,1568.0
4748,1938.0
4749,2323.9375
4750,1985.0
4751,4957.0
4752,4395.0
4753,2981.0
4754,1998.0
4755,1590.0
4756,1994.0
4757,1343.0
4758,2238.631579
4759,989.0
4760,2304.97561
4761,3590.0
4762,1590.0
4763,4988.0
4764,1275.0
4765,1559.181818
4766,5733.0
4767,1808.384615
4768,2995.0
4769,2144.0
4770,2652.8
4771,2309.0
4772,3980.0
4773,1289.0
4774,1747.0
4775,2799.272727
4776,3228.0
4777,1590.0
4778,1668.333333
4779,1487.5
4780,1997.0
4781,1984.0
4782,1166.142857
4783,1650.205128
4784,1994.0
4785,1836.5
4786,1537.406593
4787,1279.695652
4788,1998.5
4789,1408.055556
4790,1219.653846
4791,1995.777778
4792,1430.75
4793,1698.64
4794,1366.294118
4795,1593.111111
4796,1773.0
4797,1480.575
4798,1677.949153
4799,2326.358974
4800,1623.793103
4801,1242.0
4802,1933.021739
4803,1791.230769
4804,1642.875
4805,1337.714286
4806,1703.153846
4807,1920.026316
4808,2979.0
4809,1645.133333
4810,1891.7
4811,1683.607843
4812,2151.647059
4813,1835.846154
4814,1367.272727
4815,1832.888889
4816,2425.428571
4817,1982.756098
4818,1196.0
4819,2247.333333
4820,2043.820513
4821,1950.90625
4822,1596.92
4823,1996.684211
4824,2208.090909
4825,1847.666667
4826,1095.777778
4827,1205.192982
4828,1518.0
4829,1497.169492
4830,1446.125
4831,2284.133333
4832,2813.0
4833,1631.5
4834,2598.818182
4835,2336.52
4836,1479.0
4837,1310.0
4838,2283.112903
4839,899.0
4840,1289.0
4841,1615.333333
4842,2316.0
4843,868.3333333
4844,1798.0
4845,2294.764706
4846,1861.833333
4847,1718.571429
4848,1308.285714
4849,2521.092437
4850,1587.222222
4851,2349.08
4852,1855.0
4853,2972.307692
4854,1498.0
4855,1180.545455
4856,1794.0
4857,2261.193548
4858,1741.0
4859,2050.333333
4860,1374.046512
4861,1477.0
4862,1743.44186
4863,1824.428571
4864,2521.092437
4865,2998.0
4866,1977.259259
4867,1466.307692
4868,1506.5
4869,2083.523077
4870,1750.615385
4871,1541.5
4872,1873.261538
4873,2458.909091
4874,1864.8
4875,1372.4
4876,2127.333333
4877,2106.5
4878,2245.6
4879,1921.46789
4880,1324.0
4881,935.625
4882,1817.315789
4883,1773.7
4884,2239.666667
4885,1463.857143
4886,2084.37931
4887,1475.0
4888,1757.6
4889,1759.190476
4890,1397.8
4891,1424.666667
4892,2345.1
4893,2790.454545
4894,1764.0
4895,1974.0
4896,1324.357143
4897,1971.163636
4898,2697.368421
4899,2244.0
4900,1908.166667
4901,2526.5
4902,1335.0
4903,1836.875
4904,1108.0
4905,1980.634146
4906,2234.26087
4907,1699.119048
4908,2234.4
4909,1607.25
4910,998.0
4911,3005.4
4912,1854.2
4913,1363.5
4914,1182.4
4915,1655.741935
4916,1507.5
4917,1431.333333
4918,1932.153846
4919,1709.538462
4920,1721.5
4921,2998.0
4922,1549.8
4923,2181.2
4924,1963.666667
4925,2211.071429
4926,2734.5
4927,1995.0
4928,1781.0
4929,903.0
4930,2634.222222
4931,3041.0
4932,2748.333333
4933,1936.6
4934,996.0
4935,2367.181818
4936,5000.0
4937,1520.952381
4938,1136.692308
4939,2116.0
4940,1384.0
4941,1762.75
4942,1090.4
4943,2222.710526
4944,1594.0
4945,3999.0
4946,2652.375
4947,1998.0
4948,2031.469388
4949,1351.0
4950,1746.944444
4951,2953.588235
4952,1998.0
4953,3358.666667
4954,2934.631579
4955,6208.0
4956,2081.375
4957,469.6
4958,2555.285714
4959,1634.2
4960,1597.0
4961,1696.428571
4962,2362.0
4963,2309.0
4964,1997.142857
4965,1849.545455
4966,2019.75
4967,1730.0
4968,3071.0
4969,2328.333333
4970,652.0
4971,1373.75
4972,1206.0
4973,2016.777778
4974,1962.058824
4975,1347.666667
4976,0.0
4977,1350.0
4978,2344.0
4979,1696.428571
4980,2696.5
4981,1995.0
4982,2254.0
4983,2719.842105
4984,1325.0
4985,2876.0
4986,1518.678571
4987,2755.571429
4988,1495.0
4989,1498.0
4990,1559.181818
4991,2979.0
4992,1985.0
4993,1638.888889
4994,1568.0
4995,1928.714286
4996,1372.666667
4997,1817.315789
4998,1994.0
4999,1275.0
5000,1289.0
5001,1428.4
5002,1497.0
5003,1998.0
5004,4957.0
5005,1891.588235
5006,1590.0
5007,2309.0
5008,1183.25
5009,1668.333333
5010,3590.0
5011,2652.8
5012,989.0
5013,2309.340426
5014,4395.0
5015,1808.384615
5016,2304.97561
5017,1487.5
5018,2144.0
5019,5733.0
5020,4988.0
5021,2995.0
5022,1997.0
5023,2799.272727
5024,1590.0
5025,1986.766667
5026,2981.0
5027,2011.555556
5028,3980.0
5029,1655.066667
5030,1590.0
5031,1452.0
5032,5993.0
5033,1046.0
5034,1418.428571
5035,1747.0
5036,1594.0
5037,932.6666667
5038,1603.117647
5039,1166.142857
5040,1650.205128
5041,1836.5
5042,1994.0
5043,1537.406593
5044,1279.695652
5045,1408.055556
5046,1998.5
5047,1430.75
5048,1593.111111
5049,1219.653846
5050,1995.777778
5051,1773.0
5052,1366.294118
5053,1698.64
5054,1480.575
5055,2326.358974
5056,1677.949153
5057,1242.0
5058,1642.875
5059,1337.714286
5060,1791.230769
5061,1891.7
5062,1933.021739
5063,1703.153846
5064,1645.133333
5065,1623.793103
5066,2979.0
5067,1683.607843
5068,1832.888889
5069,2151.647059
5070,1835.846154
5071,1920.026316
5072,2425.428571
5073,2247.333333
5074,1982.756098
5075,1996.684211
5076,1950.90625
5077,1095.777778
5078,1367.272727
5079,2208.090909
5080,1446.125
5081,2284.133333
5082,1205.192982
5083,2813.0
5084,1596.92
5085,1196.0
5086,2336.52
5087,2043.820513
5088,1518.0
5089,1847.666667
5090,1289.0
5091,899.0
5092,1310.0
5093,2316.0
5094,2598.818182
5095,868.3333333
5096,1479.0
5097,1587.222222
5098,1477.0
5099,2349.08
5100,1861.833333
5101,1798.0
5102,1615.333333
5103,2294.764706
5104,1308.285714
5105,2283.112903
5106,2972.307692
5107,1977.259259
5108,1864.8
5109,2521.092437
5110,1498.0
5111,2050.333333
5112,2521.092437
5113,1794.0
5114,1750.615385
5115,1741.0
5116,1824.428571
5117,1718.571429
5118,1180.545455
5119,1372.4
5120,1374.046512
5121,2261.193548
5122,2998.0
5123,1541.5
5124,2245.6
5125,2127.333333
5126,1855.0
5127,1463.857143
5128,1335.0
5129,2458.909091
5130,1475.0
5131,1324.0
5132,1817.315789
5133,1759.190476
5134,1466.307692
5135,2345.1
5136,1974.0
5137,2239.666667
5138,1607.25
5139,2084.37931
5140,2234.26087
5141,1764.0
5142,1507.5
5143,2106.5
5144,1980.634146
5145,1324.357143
5146,2244.0
5147,2526.5
5148,1773.7
5149,1757.6
5150,1908.166667
5151,1921.46789
5152,998.0
5153,2083.523077
5154,1743.44186
5155,1506.5
5156,1182.4
5157,2697.368421
5158,1520.952381
5159,1873.261538
5160,1424.666667
5161,1709.538462
5162,3005.4
5163,2181.2
5164,1932.153846
5165,2790.454545
5166,1549.8
5167,1431.333333
5168,2998.0
5169,935.625
5170,1721.5
5171,1762.75
5172,1363.5
5173,2734.5
5174,1854.2
5175,1655.741935
5176,903.0
5177,1631.5
5178,469.6
5179,1781.0
5180,2234.4
5181,2211.071429
5182,1971.163636
5183,2634.222222
5184,1849.545455
5185,1351.0
5186,2367.181818
5187,1995.0
5188,1350.0
5189,1597.0
5190,2652.375
5191,1836.875
5192,1936.6
5193,2116.0
5194,1594.0
5195,996.0
5196,2953.588235
5197,1347.666667
5198,652.0
5199,1206.0
5200,1962.058824
5201,1559.181818
5202,5000.0
5203,3999.0
5204,3358.666667
5205,1518.678571
5206,2748.333333
5207,1384.0
5208,6208.0
5209,2555.285714
5210,2222.710526
5211,2328.333333
5212,1108.0
5213,1746.944444
5214,1289.0
5215,1998.0
5216,1985.0
5217,1963.666667
5218,2309.0
5219,2016.777778
5220,1668.333333
5221,1325.0
5222,1997.142857
5223,1638.888889
5224,1998.0
5225,1090.4
5226,1275.0
5227,1568.0
5228,2979.0
5229,1696.428571
5230,1634.2
5231,2019.75
5232,3041.0
5233,1994.0
5234,2696.5
5235,1696.428571
5236,2755.571429
5237,1487.5
5238,2254.0
5239,2309.0
5240,1997.0
5241,0.0
5242,1730.0
5243,2031.469388
5244,1998.0
5245,3071.0
5246,2652.8
5247,1817.315789
5248,4957.0
5249,1497.0
5250,2081.375
5251,1699.119048
5252,2344.0
5253,1590.0
5254,3590.0
5255,1497.169492
5256,1808.384615
5257,1136.692308
5258,2799.272727
5259,1995.0
5260,1655.066667
5261,1046.0
5262,2144.0
5263,4395.0
5264,989.0
5265,1603.117647
5266,2304.97561
5267,5733.0
5268,2995.0
5269,1418.428571
5270,1495.0
5271,932.6666667
5272,4988.0
5273,3980.0
5274,2719.842105
5275,5993.0
5276,1590.0
5277,1590.0
5278,2969.0
5279,2309.340426
5280,1736.2
5281,1166.142857
5282,1650.205128
5283,1836.5
5284,1994.0
5285,1537.406593
5286,1279.695652
5287,1408.055556
5288,1593.111111
5289,1430.75
5290,1998.5
5291,1995.777778
5292,1219.653846
5293,1773.0
5294,2326.358974
5295,1366.294118
5296,1480.575
5297,1242.0
5298,1337.714286
5299,1698.64
5300,1642.875
5301,1677.949153
5302,1791.230769
5303,1891.7
5304,1645.133333
5305,1703.153846
5306,2979.0
5307,1933.021739
5308,1683.607843
5309,1832.888889
5310,2151.647059
5311,1835.846154
5312,2247.333333
5313,1996.684211
5314,1095.777778
5315,2425.428571
5316,1950.90625
5317,1982.756098
5318,1920.026316
5319,1446.125
5320,2208.090909
5321,1623.793103
5322,2284.133333
5323,1205.192982
5324,2813.0
5325,1289.0
5326,1477.0
5327,2336.52
5328,1587.222222
5329,899.0
5330,1596.92
5331,1310.0
5332,1864.8
5333,868.3333333
5334,2349.08
5335,2316.0
5336,1367.272727
5337,1977.259259
5338,1518.0
5339,1372.4
5340,2521.092437
5341,1750.615385
5342,1861.833333
5343,2972.307692
5344,1847.666667
5345,1798.0
5346,1335.0
5347,2050.333333
5348,2598.818182
5349,2294.764706
5350,1479.0
5351,1824.428571
5352,1794.0
5353,2521.092437
5354,1498.0
5355,2043.820513
5356,1308.285714
5357,1463.857143
5358,1374.046512
5359,1541.5
5360,1180.545455
5361,1196.0
5362,2245.6
5363,2998.0
5364,1615.333333
5365,1741.0
5366,2127.333333
5367,1607.25
5368,2283.112903
5369,1475.0
5370,1507.5
5371,2261.193548
5372,1974.0
5373,1718.571429
5374,1520.952381
5375,1759.190476
5376,2234.26087
5377,1324.0
5378,2345.1
5379,1817.315789
5380,2458.909091
5381,2239.666667
5382,1980.634146
5383,1855.0
5384,1762.75
5385,2084.37931
5386,1182.4
5387,469.6
5388,998.0
5389,1324.357143
5390,2526.5
5391,2244.0
5392,1849.545455
5393,2181.2
5394,1709.538462
5395,1350.0
5396,1466.307692
5397,1908.166667
5398,1549.8
5399,1932.153846
5400,2998.0
5401,1764.0
5402,2734.5
5403,1431.333333
5404,903.0
5405,1757.6
5406,3005.4
5407,2697.368421
5408,1559.181818
5409,1351.0
5410,1721.5
5411,1781.0
5412,1597.0
5413,1773.7
5414,1347.666667
5415,652.0
5416,1518.678571
5417,2367.181818
5418,2634.222222
5419,2106.5
5420,1962.058824
5421,1655.741935
5422,2211.071429
5423,1921.46789
5424,1206.0
5425,1668.333333
5426,1289.0
5427,1363.5
5428,2652.375
5429,2790.454545
5430,1854.2
5431,2953.588235
5432,3358.666667
5433,1985.0
5434,1487.5
5435,2116.0
5436,996.0
5437,1275.0
5438,1936.6
5439,1424.666667
5440,1594.0
5441,1995.0
5442,1997.0
5443,1638.888889
5444,1568.0
5445,3999.0
5446,2234.4
5447,1994.0
5448,2328.333333
5449,2309.0
5450,2979.0
5451,1325.0
5452,2555.285714
5453,6208.0
5454,5000.0
5455,2222.710526
5456,1046.0
5457,1998.0
5458,2309.0
5459,2652.8
5460,935.625
5461,1655.066667
5462,2016.777778
5463,1971.163636
5464,1634.2
5465,1603.117647
5466,4957.0
5467,1997.142857
5468,2696.5
5469,1497.0
5470,2799.272727
5471,3590.0
5472,1590.0
5473,1817.315789
5474,1696.428571
5475,2755.571429
5476,1696.428571
5477,1418.428571
5478,1808.384615
5479,1746.944444
5480,1998.0
5481,2019.75
5482,2254.0
5483,2748.333333
5484,2144.0
5485,932.6666667
5486,4395.0
5487,1736.2
5488,1836.875
5489,5733.0
5490,2304.97561
5491,1137.75
5492,2995.0
5493,2969.0
5494,1099.0
5495,2037.27381
5496,1527.0
5497,5993.0
5498,2849.25
5499,0.0
5500,1049.0
5501,2027.9
5502,3980.0
5503,2066.176471
5504,2161.625
5505,1506.5
5506,1166.142857
5507,1650.205128
5508,1836.5
5509,1994.0
5510,1537.406593
5511,1279.695652
5512,1593.111111
5513,1408.055556
5514,1430.75
5515,1995.777778
5516,2326.358974
5517,1773.0
5518,1998.5
5519,1219.653846
5520,1337.714286
5521,1642.875
5522,1242.0
5523,1677.949153
5524,1366.294118
5525,1480.575
5526,1891.7
5527,1791.230769
5528,1698.64
5529,1645.133333
5530,1703.153846
5531,1832.888889
5532,2979.0
5533,1683.607843
5534,2151.647059
5535,1835.846154
5536,2247.333333
5537,1933.021739
5538,1996.684211
5539,1095.777778
5540,1950.90625
5541,2425.428571
5542,1446.125
5543,2208.090909
5544,2284.133333
5545,1205.192982
5546,1477.0
5547,2813.0
5548,1864.8
5549,1289.0
5550,1587.222222
5551,1982.756098
5552,2336.52
5553,1920.026316
5554,2349.08
5555,1977.259259
5556,1335.0
5557,868.3333333
5558,1372.4
5559,1750.615385
5560,1310.0
5561,2521.092437
5562,2316.0
5563,899.0
5564,2972.307692
5565,1861.833333
5566,2050.333333
5567,1596.92
5568,1463.857143
5569,1798.0
5570,1824.428571
5571,1520.952381
5572,1794.0
5573,1507.5
5574,1607.25
5575,1541.5
5576,2245.6
5577,1374.046512
5578,2294.764706
5579,2998.0
5580,2521.092437
5581,1475.0
5582,1180.545455
5583,2598.818182
5584,2127.333333
5585,2234.26087
5586,1308.285714
5587,1974.0
5588,1518.0
5589,1623.793103
5590,1762.75
5591,1759.190476
5592,1741.0
5593,469.6
5594,1498.0
5595,1350.0
5596,1324.0
5597,1849.545455
5598,2345.1
5599,1817.315789
5600,1479.0
5601,1980.634146
5602,1182.4
5603,1847.666667
5604,2261.193548
5605,1718.571429
5606,2283.112903
5607,1559.181818
5608,2458.909091
5609,2084.37931
5610,998.0
5611,2239.666667
5612,2181.2
5613,1709.538462
5614,1324.357143
5615,1549.8
5616,2244.0
5617,1367.272727
5618,2526.5
5619,2998.0
5620,2734.5
5621,1518.678571
5622,903.0
5623,1668.333333
5624,1597.0
5625,1351.0
5626,1347.666667
5627,1932.153846
5628,2043.820513
5629,652.0
5630,1289.0
5631,1431.333333
5632,1908.166667
5633,1855.0
5634,1781.0
5635,1487.5
5636,3005.4
5637,1962.058824
5638,1206.0
5639,1275.0
5640,1615.333333
5641,2367.181818
5642,1997.0
5643,2697.368421
5644,1721.5
5645,1985.0
5646,2634.222222
5647,1764.0
5648,2652.375
5649,1757.6
5650,2953.588235
5651,2211.071429
5652,1655.741935
5653,1994.0
5654,1638.888889
5655,3358.666667
5656,1466.307692
5657,996.0
5658,2309.0
5659,1568.0
5660,1046.0
5661,2116.0
5662,2979.0
5663,1325.0
5664,1936.6
5665,2790.454545
5666,1603.117647
5667,1363.5
5668,1655.066667
5669,1998.0
5670,2328.333333
5671,2652.8
5672,3999.0
5673,1594.0
5674,1773.7
5675,2555.285714
5676,1736.2
5677,1418.428571
5678,6208.0
5679,2799.272727
5680,4957.0
5681,1854.2
5682,1137.75
5683,932.6666667
5684,3590.0
5685,2222.710526
5686,1099.0
5687,1590.0
5688,2309.0
5689,1808.384615
5690,1049.0
5691,1196.0
5692,2144.0
5693,1817.315789
5694,4395.0
5695,2849.25
5696,2066.176471
5697,1527.0
5698,2969.0
5699,1995.0
5700,2016.777778
5701,2696.5
5702,2254.0
5703,2755.571429
5704,5733.0
5705,1497.0
5706,1634.2
5707,2106.5
5708,2995.0
5709,2304.97561
5710,2027.9
5711,2214.5
5712,2161.625
5713,5000.0
5714,5993.0
5715,1696.428571
5716,1997.142857
5717,1921.46789
5718,1602.0
5719,3980.0
5720,1696.428571
5721,1650.205128
5722,1166.142857
5723,1836.5
5724,1994.0
5725,1537.406593
5726,1593.111111
5727,1279.695652
5728,1430.75
5729,1408.055556
5730,2326.358974
5731,1995.777778
5732,1773.0
5733,1337.714286
5734,1642.875
5735,1219.653846
5736,1242.0
5737,1677.949153
5738,1891.7
5739,1998.5
5740,1480.575
5741,1366.294118
5742,1645.133333
5743,1791.230769
5744,1683.607843
5745,1832.888889
5746,2151.647059
5747,1095.777778
5748,2979.0
5749,1703.153846
5750,1835.846154
5751,1996.684211
5752,2247.333333
5753,1698.64
5754,1933.021739
5755,1950.90625
5756,1446.125
5757,1477.0
5758,1864.8
5759,2284.133333
5760,2208.090909
5761,2425.428571
5762,1205.192982
5763,1289.0
5764,1587.222222
5765,1335.0
5766,2813.0
5767,1372.4
5768,1977.259259
5769,2349.08
5770,2336.52
5771,1750.615385
5772,868.3333333
5773,1520.952381
5774,2521.092437
5775,1982.756098
5776,2972.307692
5777,1861.833333
5778,1310.0
5779,1507.5
5780,1607.25
5781,2050.333333
5782,2316.0
5783,1463.857143
5784,1794.0
5785,1541.5
5786,1824.428571
5787,1920.026316
5788,2245.6
5789,1475.0
5790,899.0
5791,1350.0
5792,1798.0
5793,1762.75
5794,1374.046512
5795,2234.26087
5796,469.6
5797,1849.545455
5798,2998.0
5799,2127.333333
5800,1974.0
5801,1596.92
5802,1180.545455
5803,2521.092437
5804,1308.285714
5805,1759.190476
5806,2294.764706
5807,1559.181818
5808,1182.4
5809,1324.0
5810,2345.1
5811,1980.634146
5812,1817.315789
5813,1668.333333
5814,1741.0
5815,2598.818182
5816,1518.678571
5817,2181.2
5818,1487.5
5819,998.0
5820,1709.538462
5821,652.0
5822,1549.8
5823,1347.666667
5824,1289.0
5825,2084.37931
5826,1597.0
5827,1275.0
5828,1351.0
5829,903.0
5830,2734.5
5831,2998.0
5832,2239.666667
5833,1718.571429
5834,1324.357143
5835,1997.0
5836,1962.058824
5837,2458.909091
5838,1206.0
5839,1932.153846
5840,1985.0
5841,2261.193548
5842,2526.5
5843,1781.0
5844,2244.0
5845,1431.333333
5846,3005.4
5847,1518.0
5848,1994.0
5849,1479.0
5850,1908.166667
5851,1046.0
5852,2367.181818
5853,1638.888889
5854,2309.0
5855,996.0
5856,1721.5
5857,2652.375
5858,2953.588235
5859,1568.0
5860,2634.222222
5861,1603.117647
5862,2283.112903
5863,1498.0
5864,3358.666667
5865,2697.368421
5866,2979.0
5867,1736.2
5868,1655.066667
5869,2211.071429
5870,1325.0
5871,2116.0
5872,1998.0
5873,1137.75
5874,1099.0
5875,1757.6
5876,2652.8
5877,1049.0
5878,1418.428571
5879,932.6666667
5880,1655.741935
5881,1936.6
5882,2066.176471
5883,2799.272727
5884,4957.0
5885,2849.25
5886,3590.0
5887,2328.333333
5888,1590.0
5889,1527.0
5890,2555.285714
5891,1808.384615
5892,2790.454545
5893,2214.5
5894,2969.0
5895,1764.0
5896,2144.0
5897,4395.0
5898,3999.0
5899,2027.9
5900,1602.0
5901,2161.625
5902,1847.666667
5903,6208.0
5904,2309.0
5905,1817.315789
5906,5733.0
5907,1594.0
5908,2995.0
5909,2304.97561
5910,2222.710526
5911,1855.0
5912,5993.0
5913,1324.5
5914,2254.0
5915,1908.0
5916,2696.5
5917,2016.777778
5918,1650.205128
5919,1166.142857
5920,1836.5
5921,1994.0
5922,1593.111111
5923,1537.406593
5924,1279.695652
5925,1430.75
5926,1408.055556
5927,2326.358974
5928,1995.777778
5929,1337.714286
5930,1642.875
5931,1773.0
5932,1677.949153
5933,1891.7
5934,1242.0
5935,1219.653846
5936,1480.575
5937,1095.777778
5938,1645.133333
5939,1791.230769
5940,1683.607843
5941,2151.647059
5942,1366.294118
5943,1996.684211
5944,1835.846154
5945,2979.0
5946,2247.333333
5947,1832.888889
5948,1998.5
5949,1864.8
5950,1703.153846
5951,1950.90625
5952,1477.0
5953,1335.0
5954,1446.125
5955,2284.133333
5956,2208.090909
5957,1587.222222
5958,1933.021739
5959,1372.4
5960,1520.952381
5961,1698.64
5962,2813.0
5963,1205.192982
5964,1289.0
5965,1977.259259
5966,2349.08
5967,1750.615385
5968,2425.428571
5969,2521.092437
5970,1507.5
5971,1607.25
5972,868.3333333
5973,2336.52
5974,1350.0
5975,1861.833333
5976,2972.307692
5977,1463.857143
5978,2050.333333
5979,1849.545455
5980,1475.0
5981,1762.75
5982,469.6
5983,2245.6
5984,1310.0
5985,2234.26087
5986,1794.0
5987,1541.5
5988,2316.0
5989,1374.046512
5990,1824.428571
5991,2998.0
5992,1974.0
5993,1982.756098
5994,1308.285714
5995,1559.181818
5996,1798.0
5997,1668.333333
5998,2127.333333
5999,1487.5
6000,1518.678571
6001,1275.0
6002,1182.4
6003,1180.545455
6004,1980.634146
6005,1759.190476
6006,899.0
6007,2521.092437
6008,652.0
6009,1289.0
6010,1347.666667
6011,1997.0
6012,2345.1
6013,1324.0
6014,1597.0
6015,2181.2
6016,1817.315789
6017,1709.538462
6018,1549.8
6019,998.0
6020,1351.0
6021,2734.5
6022,903.0
6023,2294.764706
6024,2998.0
6025,1596.92
6026,1741.0
6027,1985.0
6028,1920.026316
6029,2084.37931
6030,1962.058824
6031,1206.0
6032,1994.0
6033,1046.0
6034,2598.818182
6035,2239.666667
6036,1718.571429
6037,1431.333333
6038,1603.117647
6039,2309.0
6040,1324.357143
6041,1638.888889
6042,3005.4
6043,1736.2
6044,996.0
6045,1137.75
6046,1781.0
6047,1049.0
6048,1099.0
6049,1568.0
6050,1932.153846
6051,2953.588235
6052,2458.909091
6053,2367.181818
6054,1655.066667
6055,2979.0
6056,2526.5
6057,1998.0
6058,3358.666667
6059,2652.375
6060,1721.5
6061,2066.176471
6062,932.6666667
6063,1325.0
6064,1908.166667
6065,1418.428571
6066,2652.8
6067,2634.222222
6068,2116.0
6069,2849.25
6070,2214.5
6071,1527.0
6072,2799.272727
6073,1324.5
6074,4957.0
6075,1602.0
6076,2244.0
6077,2211.071429
6078,3590.0
6079,2969.0
6080,1590.0
6081,2697.368421
6082,2027.9
6083,1908.0
6084,2144.0
6085,2161.625
6086,4395.0
6087,1198.0
6088,1808.384615
6089,1936.6
6090,2202.0
6091,1757.6
6092,2328.333333
6093,5993.0
6094,2995.0
6095,5733.0
6096,2555.285714
6097,2304.97561
6098,2261.193548
6099,2696.5
6100,2254.0
6101,1817.315789
