,Female
0,422731
1,631666
2,310604
3,312556
4,115843
5,299110
6,250614
7,"69,603"
8,253000
9,132958
10,269428
11,156607
12,214944
13,"69,373"
14,"59,936"
15,"48,599"
16,136875
17,"97,033"
18,108991
19,138839
20,"87,029"
21,"87,532"
22,"87,660"
23,
24,"59,369"
25,"98,254"
26,"67,184"
27,"21,302"
28,"29,728"
29,"24,029"
30,"62,467"
31,"73,895"
32,
33,"29,981"
34,"34,079"
35,"56,539"
36,"25,662"
37,102113
38,"68,928"
39,"44,706"
40,"42,130"
41,"42,130"
42,"42,130"
43,"42,130"
44,"87,974"
45,"54,005"
46,"54,005"
47,"27,948"
48,"73,891"
49,"66,147"
50,"63,346"
51,"63,346"
52,"15,146"
53,"64,725"
54,
55,"41,756"
56,"30,221"
57,"13,946"
58,"41,027"
59,"15,889"
60,"39,519"
61,"17,216"
62,"57,228"
63,"49,829"
64,"24,893"
65,
66,"36,010"
67,"32,724"
68,"37,950"
69,"16,346"
70,"51,314"
71,"42,772"
72,"30,032"
73,"26,596"
74,"35,920"
75,
76,"14,323"
77,"33,281"
78,"24,181"
79,"48,750"
80,"28,881"
81,"22,899"
82,"14,588"
83,"32,045"
84,"23,094"
85,"20,296"
86,"9,985"
87,"31,656"
88,"14,753"
89,"16,438"
90,"13,625"
91,"8,060"
92,"16,005"
93,"30,777"
94,"11,421"
95,"26,745"
96,"25,424"
97,"17,823"
98,"13,819"
99,"17,864"
100,"8,990"
101,"27,977"
102,"18,187"
103,"4,860"
104,"29,771"
105,"25,109"
106,"9,131"
107,"16,836"
108,"10,848"
109,"5,033"
110,"11,687"
111,"10,678"
112,"12,860"
113,"6,565"
114,"10,836"
115,"13,661"
116,"14,542"
117,"15,501"
118,"16,848"
119,"7,942"
120,"8,533"
121,"3,418"
122,"2,641"
123,"5,965"
124,"5,562"
125,"8,349"
126,"7,747"
127,"9,212"
128,"17,430"
129,"4,913"
130,"17,367"
131,"15,260"
132,"9,964"
133,"9,318"
134,"7,821"
135,"8,462"
136,"10,492"
137,"17,894"
138,"12,767"
139,"17,374"
140,"6,312"
141,"12,804"
142,"8,974"
143,"9,404"
144,"14,037"
145,"8,974"
146,"6,728"
147,"3,013"
148,"9,495"
149,"9,639"
150,"8,849"
151,"12,512"
152,"2,239"
153,"7,991"
154,"7,486"
155,"8,561"
156,"4,610"
157,"5,610"
158,"5,657"
159,"10,103"
160,"9,035"
161,"6,193"
162,"6,588"
163,"2,550"
164,"5,531"
165,"5,511"
166,"5,800"
167,"4,973"
168,"10,570"
169,"2,367"
170,"7,015"
171,"7,442"
172,"4,579"
173,"5,743"
174,"5,595"
175,"1,519"
176,"6,485"
177,"2,261"
178,"10,468"
179,"10,447"
180,"3,703"
181,"4,440"
182,"9,047"
183,"1,383"
184,"6,366"
185,"6,321"
186,"8,634"
187,"3,121"
188,"7,685"
189,"5,143"
190,"4,642"
191,"5,670"
192,"7,977"
193,"3,863"
194,"7,546"
195,"6,839"
196,"3,053"
197,"4,687"
198,"2,989"
199,"3,418"
200,"2,428"
201,"1,708"
202,"7,685"
203,"6,758"
204,"3,970"
205,"8,094"
206,"5,292"
207,"7,106"
208,"4,739"
209,"5,303"
210,"9,672"
211,"4,375"
212,"3,027"
213,"4,690"
214,"3,084"
215,"3,942"
216,"1,541"
217,"5,405"
218,"2,167"
219,"6,549"
220,"2,277"
221,"4,377"
222,"5,197"
223,"5,230"
224,"2,453"
225,"3,615"
226,749
227,"4,181"
228,"4,960"
229,"3,467"
230,"1,024"
231,"2,875"
232,"2,239"
233,"2,841"
234,"2,050"
235,"3,496"
236,"1,547"
237,"2,009"
238,"3,351"
239,"1,438"
240,"2,986"
241,"1,345"
242,"1,024"
243,"3,305"
244,"4,251"
245,"2,619"
246,"1,753"
247,"3,269"
248,"2,435"
249,"2,622"
250,"2,546"
251,"1,082"
252,767
253,"1,175"
254,"2,144"
255,"2,180"
256,"2,112"
257,"3,340"
258,919
259,"1,192"
260,"3,135"
261,800
262,"2,953"
263,"1,201"
264,"1,082"
265,"1,926"
266,"2,138"
267,989
268,"1,990"
269,"1,837"
270,"1,290"
271,"2,067"
272,692
273,"1,148"
274,"1,324"
275,"1,839"
276,"1,123"
277,"2,110"
278,"2,603"
279,"1,779"
280,462
281,933
282,"1,462"
283,359
284,742
285,"1,045"
286,659
287,"2,036"
288,"2,445"
289,401
290,747
291,"1,697"
292,867
293,"1,027"
294,"1,292"
295,"1,134"
296,722
297,"1,092"
298,405
299,305
300,670
301,"1,184"
302,805
303,201
304,663
305,"1,492"
306,278
307,"1,574"
308,"1,035"
309,"1,076"
310,"1,241"
311,857
312,"1,002"
313,"1,409"
314,809
315,743
316,406
317,789
318,414
319,"1,999"
320,716
321,400
322,349
323,991
324,832
325,530
326,259
327,"1,249"
328,362
329,246
330,735
331,754
332,665
333,"1,150"
334,449
335,907
336,"1,067"
337,711
338,816
339,751
340,252
341,967
342,364
343,422
344,655
345,622
346,716
347,536
348,354
349,552
350,486
351,595
352,881
353,350
354,346
355,155
356,"1,361"
357,421
358,170
359,196
360,188
361,418
362,505
363,579
364,230
365,"1,226"
366,"1,039"
367,288
368,"1,006"
369,324
370,305
371,376
372,536
373,217
374,436
375,282
376,533
377,121
378,121
379,813
380,461
381,148
382,156
383,639
384,195
385,95
386,482
387,184
388,138
389,430
390,520
391,77
392,152
393,403
394,95
395,597
396,143
397,248
398,112
399,83
400,271
401,350
402,51
403,160
404,259
405,240
406,168
407,363
408,62
409,200
410,421303
411,613290
412,306459
413,333284
414,119094
415,294044
416,280679
417,"77,687"
418,265423
419,172735
420,285378
421,136414
422,204802
423,"67,663"
424,"49,082"
425,"59,717"
426,115895
427,"94,976"
428,134494
429,126002
430,"88,601"
431,"72,304"
432,"81,667"
433,"58,632"
434,"91,658"
435,"73,966"
436,"30,960"
437,"21,127"
438,"30,553"
439,"60,801"
440,"22,490"
441,"51,064"
442,"69,142"
443,"24,815"
444,"67,384"
445,"26,437"
446,"29,702"
447,"55,047"
448,"37,730"
449,"36,173"
450,"75,332"
451,"20,063"
452,"17,449"
453,"47,268"
454,"39,048"
455,"14,437"
456,"14,705"
457,"63,323"
458,"44,016"
459,"40,070"
460,"26,340"
461,"41,218"
462,"56,780"
463,"56,621"
464,"27,912"
465,"17,006"
466,"36,158"
467,"49,889"
468,"46,305"
469,"31,335"
470,"35,063"
471,"14,725"
472,"48,698"
473,"31,205"
474,"45,474"
475,"13,170"
476,"38,840"
477,"25,461"
478,"14,240"
479,"47,347"
480,"9,427"
481,"16,891"
482,"22,704"
483,"24,754"
484,"14,547"
485,"14,121"
486,"17,318"
487,"32,414"
488,"24,567"
489,"14,649"
490,"15,661"
491,"9,193"
492,"29,176"
493,"18,504"
494,"24,753"
495,"13,613"
496,"25,561"
497,"15,945"
498,"5,405"
499,"24,771"
500,"7,158"
501,"15,291"
502,"15,997"
503,"20,167"
504,"10,334"
505,"10,882"
506,"14,492"
507,"11,021"
508,"10,216"
509,"13,577"
510,"8,835"
511,"3,635"
512,"11,766"
513,"6,655"
514,"6,099"
515,"18,390"
516,"9,441"
517,"13,517"
518,"2,832"
519,"12,155"
520,"6,813"
521,"12,461"
522,"8,107"
523,"3,361"
524,"12,060"
525,"18,170"
526,"10,212"
527,"4,990"
528,"14,893"
529,"8,872"
530,"13,447"
531,"10,714"
532,"17,246"
533,"14,963"
534,"11,121"
535,"10,821"
536,"13,516"
537,"13,083"
538,"17,397"
539,"8,185"
540,"7,240"
541,"6,335"
542,"6,793"
543,"13,785"
544,"13,186"
545,"8,995"
546,"9,274"
547,"2,294"
548,"5,758"
549,"7,517"
550,"10,440"
551,"7,627"
552,"8,312"
553,"6,663"
554,"6,182"
555,"4,275"
556,"6,438"
557,"5,597"
558,"5,594"
559,"10,218"
560,"7,669"
561,"2,408"
562,"2,431"
563,"5,299"
564,"7,855"
565,"4,618"
566,"7,028"
567,"1,603"
568,"3,145"
569,"5,762"
570,"10,551"
571,"3,821"
572,"5,983"
573,"6,556"
574,"1,474"
575,"4,368"
576,"7,991"
577,"4,299"
578,"8,701"
579,"5,643"
580,"8,647"
581,"1,936"
582,"9,862"
583,"3,906"
584,"4,787"
585,"3,095"
586,"3,765"
587,"3,313"
588,"5,094"
589,"7,690"
590,"3,308"
591,"3,512"
592,"5,480"
593,"4,810"
594,"1,723"
595,"6,957"
596,"5,280"
597,"5,097"
598,"4,776"
599,"2,647"
600,"7,403"
601,"10,321"
602,"5,240"
603,"4,768"
604,"7,294"
605,"4,018"
606,"2,776"
607,"3,620"
608,"5,886"
609,"3,017"
610,"7,286"
611,"2,222"
612,"4,733"
613,"4,370"
614,"3,594"
615,"7,185"
616,"3,886"
617,"1,579"
618,"6,007"
619,"4,842"
620,"5,282"
621,"5,534"
622,"2,614"
623,"1,835"
624,"5,319"
625,"2,328"
626,"1,862"
627,"5,463"
628,"1,750"
629,"3,666"
630,747
631,"3,492"
632,981
633,"2,721"
634,"4,711"
635,"2,073"
636,"3,439"
637,"2,133"
638,953
639,"2,810"
640,"2,598"
641,"1,366"
642,"1,368"
643,"4,358"
644,"3,282"
645,"1,004"
646,"1,341"
647,"2,449"
648,770
649,"3,372"
650,"2,312"
651,"2,215"
652,"3,486"
653,864
654,"1,332"
655,894
656,"1,416"
657,"2,320"
658,"1,309"
659,"3,148"
660,"1,007"
661,"1,107"
662,"1,014"
663,"1,757"
664,"2,172"
665,"2,306"
666,"1,930"
667,666
668,"1,276"
669,"1,871"
670,"1,976"
671,506
672,"2,290"
673,"1,815"
674,"1,757"
675,"1,431"
676,"2,311"
677,555
678,"1,618"
679,"1,604"
680,911
681,"1,346"
682,905
683,337
684,"1,242"
685,"1,131"
686,"1,928"
687,979
688,"1,757"
689,710
690,552
691,"1,094"
692,814
693,964
694,286
695,458
696,895
697,"1,069"
698,"1,090"
699,"1,373"
700,"1,120"
701,"1,168"
702,605
703,"1,075"
704,629
705,192
706,"1,498"
707,963
708,667
709,485
710,"1,698"
711,"1,132"
712,622
713,639
714,797
715,726
716,797
717,689
718,835
719,383
720,246
721,839
722,"1,053"
723,273
724,278
725,434
726,719
727,"1,275"
728,416
729,369
730,322
731,883
732,741
733,235
734,408
735,704
736,378
737,237
738,545
739,714
740,499
741,229
742,547
743,233
744,369
745,397
746,534
747,196
748,708
749,174
750,"1,404"
751,637
752,149
753,"1,108"
754,624
755,"1,260"
756,951
757,275
758,291
759,116
760,224
761,717
762,473
763,532
764,675
765,833
766,221
767,117
768,416
769,245
770,164
771,177
772,338
773,462
774,132
775,148
776,267
777,101
778,182
779,502
780,568
781,204
782,148
783,372
784,504
785,731
786,434
787,237
788,78
789,252
790,83
791,90
792,383
793,363
794,277
795,330
796,215
797,40
798,68
799,207
800,445
801,184
802,232
803,628
804,410082
805,596343
806,299999
807,351104
808,122120
809,303023
810,289078
811,"84,572"
812,276933
813,186612
814,296651
815,138803
816,195134
817,100514
818,119640
819,"49,068"
820,"65,934"
821,"58,757"
822,115095
823,122300
824,"80,441"
825,"76,170"
826,"76,676"
827,"58,609"
828,"31,606"
829,"20,836"
830,"56,509"
831,"84,963"
832,"31,105"
833,"58,749"
834,"21,490"
835,"62,131"
836,"47,192"
837,"64,457"
838,"23,393"
839,"59,579"
840,"30,461"
841,"66,567"
842,"23,949"
843,"55,682"
844,"55,185"
845,"18,837"
846,"20,403"
847,"33,331"
848,"15,011"
849,"26,047"
850,"16,819"
851,"27,624"
852,"42,327"
853,"13,452"
854,"37,911"
855,"16,236"
856,"25,831"
857,"17,348"
858,"53,336"
859,"48,990"
860,"14,866"
861,"28,920"
862,"42,104"
863,"32,563"
864,"47,185"
865,"52,629"
866,"29,959"
867,"10,529"
868,"27,929"
869,"35,967"
870,"26,197"
871,"41,092"
872,"39,688"
873,"46,960"
874,"15,269"
875,"25,852"
876,"23,756"
877,"36,381"
878,"17,930"
879,"32,524"
880,"21,453"
881,"20,863"
882,"13,407"
883,"14,365"
884,"9,189"
885,"29,287"
886,"14,930"
887,"20,743"
888,"12,066"
889,"25,240"
890,"13,637"
891,"5,719"
892,"23,594"
893,"7,462"
894,"12,063"
895,"22,562"
896,"9,540"
897,"7,318"
898,"14,074"
899,"14,506"
900,"10,614"
901,"6,590"
902,"13,756"
903,"3,061"
904,"21,583"
905,"12,803"
906,"12,446"
907,"9,807"
908,"13,724"
909,"8,493"
910,"9,075"
911,"10,610"
912,"12,101"
913,"10,653"
914,"3,323"
915,"10,846"
916,"11,217"
917,"4,891"
918,"14,284"
919,"14,032"
920,"2,735"
921,"14,348"
922,"11,059"
923,"8,239"
924,"7,808"
925,"13,453"
926,"17,040"
927,"13,142"
928,"15,703"
929,"11,635"
930,"9,735"
931,"6,226"
932,"7,843"
933,"6,674"
934,"4,730"
935,"14,725"
936,"2,295"
937,"8,379"
938,"7,826"
939,"5,834"
940,"7,426"
941,"10,646"
942,"7,192"
943,"8,486"
944,"3,916"
945,"7,452"
946,"8,137"
947,"8,309"
948,"5,724"
949,"6,124"
950,"8,600"
951,"4,511"
952,"2,562"
953,"8,943"
954,"1,676"
955,"7,503"
956,"7,382"
957,"4,924"
958,"3,957"
959,"4,561"
960,"2,321"
961,"9,802"
962,"3,832"
963,"5,065"
964,"6,643"
965,"1,537"
966,"10,314"
967,"6,068"
968,"4,348"
969,"8,291"
970,"3,636"
971,"4,084"
972,"6,943"
973,"4,124"
974,"4,803"
975,"3,217"
976,"4,310"
977,"6,572"
978,"8,227"
979,"6,112"
980,"5,230"
981,"1,978"
982,"3,052"
983,"8,784"
984,"5,432"
985,"8,058"
986,"5,400"
987,"4,781"
988,"2,626"
989,"3,396"
990,"2,397"
991,"7,014"
992,"7,569"
993,"3,350"
994,"7,991"
995,"10,775"
996,"2,979"
997,"4,962"
998,"1,598"
999,"3,903"
1000,"5,204"
1001,"5,148"
1002,"2,283"
1003,"6,444"
1004,"3,742"
1005,"2,232"
1006,"5,868"
1007,"2,501"
1008,"5,513"
1009,"3,798"
1010,"5,117"
1011,"5,075"
1012,"2,664"
1013,"3,812"
1014,"1,471"
1015,"3,176"
1016,"4,844"
1017,"3,726"
1018,"5,997"
1019,"3,721"
1020,"3,245"
1021,"2,250"
1022,714
1023,"1,640"
1024,"1,655"
1025,"1,564"
1026,921
1027,"2,885"
1028,"2,685"
1029,"4,431"
1030,"1,801"
1031,"3,463"
1032,"1,995"
1033,"3,963"
1034,"2,638"
1035,"3,714"
1036,"1,640"
1037,"2,439"
1038,858
1039,"2,539"
1040,"1,261"
1041,"2,171"
1042,767
1043,"3,482"
1044,"1,440"
1045,894
1046,"3,524"
1047,885
1048,"1,234"
1049,"2,319"
1050,"2,101"
1051,"3,300"
1052,703
1053,"2,060"
1054,"1,036"
1055,"1,699"
1056,830
1057,"1,633"
1058,979
1059,"2,478"
1060,"2,434"
1061,551
1062,"1,927"
1063,"2,636"
1064,"1,840"
1065,"1,167"
1066,"2,078"
1067,"1,757"
1068,"1,551"
1069,631
1070,783
1071,"1,531"
1072,"1,233"
1073,"1,449"
1074,"1,083"
1075,"1,365"
1076,"1,231"
1077,"1,183"
1078,763
1079,"1,478"
1080,"1,246"
1081,522
1082,318
1083,"1,029"
1084,746
1085,"1,166"
1086,"1,024"
1087,823
1088,704
1089,649
1090,"1,161"
1091,268
1092,"1,232"
1093,559
1094,"1,613"
1095,"1,193"
1096,"1,535"
1097,"1,101"
1098,936
1099,"1,452"
1100,"1,085"
1101,514
1102,321
1103,199
1104,775
1105,575
1106,298
1107,259
1108,565
1109,"1,038"
1110,694
1111,456
1112,513
1113,"1,000"
1114,"1,277"
1115,"1,034"
1116,281
1117,451
1118,349
1119,307
1120,396
1121,269
1122,638
1123,775
1124,"1,035"
1125,676
1126,172
1127,436
1128,300
1129,739
1130,"1,077"
1131,495
1132,559
1133,516
1134,684
1135,448
1136,658
1137,676
1138,175
1139,699
1140,"1,051"
1141,"1,182"
1142,263
1143,"1,322"
1144,547
1145,474
1146,578
1147,863
1148,202
1149,264
1150,371
1151,385
1152,227
1153,116
1154,593
1155,198
1156,254
1157,582
1158,513
1159,"1,092"
1160,349
1161,247
1162,275
1163,112
1164,166
1165,257
1166,450
1167,325
1168,109
1169,263
1170,475
1171,428
1172,199
1173,264
1174,109
1175,372
1176,103
1177,404
1178,336
1179,353
1180,92
1181,117
1182,112
1183,166
1184,288
1185,46
1186,74
1187,471
1188,155
1189,69
1190,319
1191,50
1192,84
1193,386
1194,380
1195,281
1196,392711
1197,588993
1198,293772
1199,363332
1200,"93,119"
1201,126492
1202,319509
1203,283138
1204,287718
1205,196491
1206,303703
1207,140025
1208,188095
1209,104599
1210,120643
1211,"48,243"
1212,"64,666"
1213,"57,446"
1214,"80,049"
1215,104954
1216,"72,799"
1217,102610
1218,"61,382"
1219,"58,195"
1220,"32,101"
1221,"59,282"
1222,"71,835"
1223,"20,704"
1224,"31,796"
1225,"73,068"
1226,"40,342"
1227,"28,712"
1228,"78,427"
1229,"20,452"
1230,"66,060"
1231,"54,110"
1232,"59,467"
1233,"30,036"
1234,"65,307"
1235,"21,015"
1236,"56,484"
1237,"20,095"
1238,"21,444"
1239,"52,439"
1240,"20,646"
1241,"28,709"
1242,"15,165"
1243,"17,760"
1244,"43,531"
1245,"33,763"
1246,"12,911"
1247,"35,137"
1248,"27,174"
1249,"14,985"
1250,"15,278"
1251,"23,925"
1252,"11,473"
1253,"39,208"
1254,"27,897"
1255,"29,705"
1256,"42,472"
1257,"26,172"
1258,"45,482"
1259,"15,684"
1260,"46,146"
1261,"39,620"
1262,"32,745"
1263,"18,331"
1264,"32,079"
1265,"23,794"
1266,"34,023"
1267,"32,674"
1268,"14,010"
1269,"21,142"
1270,"13,399"
1271,"12,814"
1272,"8,874"
1273,"35,197"
1274,"18,683"
1275,"29,400"
1276,"13,555"
1277,"5,948"
1278,"17,862"
1279,"14,441"
1280,"19,082"
1281,"24,460"
1282,"17,266"
1283,"7,651"
1284,"13,327"
1285,"26,360"
1286,"7,947"
1287,"18,023"
1288,"22,839"
1289,"10,138"
1290,"11,795"
1291,"16,667"
1292,"6,874"
1293,"15,077"
1294,"24,629"
1295,"3,206"
1296,"20,161"
1297,"8,875"
1298,"12,912"
1299,"10,862"
1300,"3,241"
1301,"8,792"
1302,"4,833"
1303,"9,489"
1304,"14,380"
1305,"18,077"
1306,"7,984"
1307,"8,047"
1308,"9,705"
1309,"9,965"
1310,"10,020"
1311,"13,698"
1312,"6,076"
1313,"9,405"
1314,"12,947"
1315,"6,328"
1316,"15,747"
1317,"7,668"
1318,"4,845"
1319,"10,207"
1320,"15,434"
1321,"9,333"
1322,"8,267"
1323,"8,345"
1324,"11,403"
1325,"6,263"
1326,"7,428"
1327,"8,051"
1328,"8,051"
1329,"10,089"
1330,"2,309"
1331,"5,954"
1332,"10,792"
1333,"5,495"
1334,"1,999"
1335,"9,926"
1336,"9,646"
1337,"8,022"
1338,"5,545"
1339,"7,899"
1340,"1,855"
1341,"7,204"
1342,"3,721"
1343,"2,625"
1344,"5,591"
1345,"7,146"
1346,"8,681"
1347,"10,861"
1348,"7,677"
1349,"7,029"
1350,"5,784"
1351,"4,685"
1352,"5,630"
1353,"4,383"
1354,"3,165"
1355,"3,958"
1356,"6,676"
1357,"6,547"
1358,"7,003"
1359,"1,654"
1360,"3,209"
1361,"3,675"
1362,"3,791"
1363,"8,512"
1364,"3,656"
1365,"6,960"
1366,"2,138"
1367,"3,403"
1368,"4,817"
1369,"2,094"
1370,"6,341"
1371,"4,779"
1372,"4,195"
1373,"2,833"
1374,"3,327"
1375,"3,801"
1376,"5,564"
1377,"5,716"
1378,"4,817"
1379,"8,598"
1380,"5,342"
1381,"8,458"
1382,"7,640"
1383,"5,698"
1384,"6,819"
1385,"11,159"
1386,"2,464"
1387,"5,536"
1388,"7,165"
1389,"6,143"
1390,"4,947"
1391,"5,225"
1392,"3,196"
1393,"6,961"
1394,"2,838"
1395,"2,178"
1396,"1,322"
1397,"2,131"
1398,"3,553"
1399,"5,696"
1400,"2,411"
1401,"1,800"
1402,"3,816"
1403,"2,229"
1404,"5,138"
1405,"1,433"
1406,"2,487"
1407,"2,225"
1408,"4,415"
1409,"1,714"
1410,"2,007"
1411,"2,673"
1412,659
1413,"2,896"
1414,"2,751"
1415,"3,020"
1416,911
1417,"2,667"
1418,"3,955"
1419,"2,759"
1420,"4,401"
1421,"3,835"
1422,"2,560"
1423,945
1424,"2,309"
1425,"4,434"
1426,"3,826"
1427,"1,838"
1428,780
1429,"1,702"
1430,"1,543"
1431,"2,119"
1432,"1,105"
1433,"3,249"
1434,724
1435,"1,912"
1436,"3,367"
1437,"1,163"
1438,"1,877"
1439,930
1440,"2,284"
1441,626
1442,"1,497"
1443,"1,879"
1444,"3,045"
1445,"2,610"
1446,"2,141"
1447,985
1448,"1,000"
1449,"1,908"
1450,"1,484"
1451,"1,880"
1452,905
1453,"1,831"
1454,"1,466"
1455,747
1456,702
1457,"1,625"
1458,"1,869"
1459,"1,816"
1460,"1,517"
1461,"1,555"
1462,585
1463,590
1464,"1,614"
1465,"1,057"
1466,"1,147"
1467,"1,223"
1468,824
1469,663
1470,757
1471,658
1472,"1,670"
1473,"1,955"
1474,503
1475,"1,911"
1476,305
1477,"1,105"
1478,825
1479,"1,200"
1480,"1,009"
1481,"1,251"
1482,258
1483,"1,005"
1484,"1,529"
1485,384
1486,366
1487,"1,081"
1488,607
1489,565
1490,"1,332"
1491,187
1492,523
1493,364
1494,784
1495,370
1496,919
1497,"1,551"
1498,"1,020"
1499,504
1500,342
1501,276
1502,741
1503,"1,299"
1504,227
1505,563
1506,"1,263"
1507,688
1508,"1,376"
1509,513
1510,510
1511,498
1512,"1,228"
1513,"1,112"
1514,835
1515,627
1516,747
1517,461
1518,487
1519,371
1520,897
1521,335
1522,284
1523,180
1524,707
1525,725
1526,342
1527,780
1528,532
1529,"1,252"
1530,482
1531,379
1532,"1,328"
1533,224
1534,599
1535,434
1536,424
1537,365
1538,621
1539,510
1540,649
1541,564
1542,233
1543,176
1544,482
1545,568
1546,187
1547,223
1548,483
1549,554
1550,96
1551,407
1552,154
1553,450
1554,299
1555,217
1556,564
1557,290
1558,97
1559,101
1560,307
1561,395
1562,549
1563,98
1564,391
1565,278
1566,414
1567,435
1568,94
1569,294
1570,280
1571,43
1572,87
1573,50
1574,154
1575,171
1576,298
1577,475
1578,355
1579,124
1580,54
1581,166
1582,90
1583,579692
1584,369115
1585,287278
1586,372428
1587,102395
1588,130854
1589,333388
1590,278717
1591,297084
1592,204186
1593,305300
1594,140718
1595,177217
1596,104949
1597,118282
1598,"63,720"
1599,"46,749"
1600,"54,990"
1601,"83,982"
1602,"60,812"
1603,"73,358"
1604,123251
1605,"65,636"
1606,"89,102"
1607,"93,233"
1608,"31,332"
1609,"56,616"
1610,"33,628"
1611,"62,889"
1612,"20,821"
1613,"32,043"
1614,"78,017"
1615,"66,592"
1616,"24,860"
1617,"80,639"
1618,"19,167"
1619,"48,044"
1620,"70,830"
1621,"21,163"
1622,"47,681"
1623,"24,313"
1624,"62,769"
1625,"55,929"
1626,"28,671"
1627,"55,682"
1628,"19,714"
1629,"29,356"
1630,"42,607"
1631,"14,859"
1632,"44,378"
1633,"15,715"
1634,"12,219"
1635,"12,137"
1636,"58,183"
1637,"14,957"
1638,"31,678"
1639,"29,352"
1640,"21,919"
1641,"13,776"
1642,"36,514"
1643,"16,077"
1644,"21,504"
1645,"26,815"
1646,"45,202"
1647,"18,779"
1648,"31,727"
1649,"22,710"
1650,"14,483"
1651,"37,013"
1652,"33,462"
1653,"20,394"
1654,"14,943"
1655,"27,704"
1656,"13,207"
1657,"32,009"
1658,"6,173"
1659,"28,713"
1660,"19,982"
1661,"11,684"
1662,"8,254"
1663,"7,568"
1664,"8,327"
1665,"12,941"
1666,"13,991"
1667,"16,457"
1668,"10,669"
1669,"12,648"
1670,"22,842"
1671,"27,046"
1672,"16,352"
1673,"26,330"
1674,"7,000"
1675,"22,246"
1676,"24,382"
1677,"3,554"
1678,"16,544"
1679,"13,509"
1680,"14,947"
1681,"13,435"
1682,"9,356"
1683,"8,062"
1684,"13,308"
1685,"9,826"
1686,"12,727"
1687,"10,844"
1688,"18,028"
1689,"20,428"
1690,"21,048"
1691,"4,733"
1692,"14,683"
1693,"3,179"
1694,"5,733"
1695,"11,498"
1696,"11,062"
1697,"5,333"
1698,"15,123"
1699,"13,791"
1700,"9,229"
1701,"9,970"
1702,"10,273"
1703,"6,342"
1704,"8,124"
1705,"6,356"
1706,"7,869"
1707,"16,174"
1708,"11,027"
1709,"6,560"
1710,"8,499"
1711,"11,838"
1712,"9,740"
1713,"8,164"
1714,"2,251"
1715,"6,909"
1716,"6,227"
1717,"6,204"
1718,"13,613"
1719,"6,275"
1720,"10,953"
1721,"10,731"
1722,"5,472"
1723,"3,073"
1724,"3,928"
1725,"6,906"
1726,"5,642"
1727,"12,092"
1728,"1,955"
1729,"7,360"
1730,"4,691"
1731,"2,580"
1732,"5,055"
1733,"3,657"
1734,"7,898"
1735,"5,339"
1736,"6,812"
1737,"3,416"
1738,"8,164"
1739,"4,106"
1740,"7,033"
1741,"7,216"
1742,"8,794"
1743,"7,915"
1744,"5,480"
1745,"5,835"
1746,"1,712"
1747,"7,915"
1748,"3,665"
1749,"6,402"
1750,"8,604"
1751,"2,229"
1752,"3,314"
1753,"3,357"
1754,"5,721"
1755,"5,198"
1756,"4,549"
1757,"4,508"
1758,"9,177"
1759,"1,872"
1760,"5,639"
1761,"3,083"
1762,"2,669"
1763,"4,698"
1764,"7,626"
1765,"3,779"
1766,"11,749"
1767,"3,549"
1768,"4,675"
1769,"5,792"
1770,"6,488"
1771,"5,010"
1772,"6,259"
1773,"2,299"
1774,"4,798"
1775,"2,086"
1776,"1,137"
1777,"5,268"
1778,"2,635"
1779,"3,391"
1780,"4,605"
1781,"4,585"
1782,"5,631"
1783,"6,036"
1784,"5,725"
1785,"2,643"
1786,"1,992"
1787,"1,356"
1788,"6,369"
1789,"3,793"
1790,"3,265"
1791,"2,252"
1792,"2,456"
1793,"1,160"
1794,"1,370"
1795,"3,099"
1796,"3,227"
1797,"1,532"
1798,"1,524"
1799,"2,775"
1800,"2,261"
1801,"2,319"
1802,"1,886"
1803,"3,365"
1804,"2,885"
1805,"2,720"
1806,"2,818"
1807,"4,217"
1808,"2,923"
1809,604
1810,"4,378"
1811,"2,338"
1812,"2,158"
1813,"1,835"
1814,"4,041"
1815,"1,615"
1816,"2,052"
1817,715
1818,"1,202"
1819,"1,967"
1820,"1,724"
1821,"2,444"
1822,"2,086"
1823,696
1824,"2,988"
1825,"2,466"
1826,962
1827,"4,087"
1828,"3,221"
1829,"1,635"
1830,"1,998"
1831,"1,780"
1832,987
1833,"3,133"
1834,"2,778"
1835,634
1836,"1,816"
1837,782
1838,"1,777"
1839,"1,992"
1840,"1,779"
1841,987
1842,629
1843,"1,529"
1844,823
1845,816
1846,"1,791"
1847,968
1848,583
1849,736
1850,"1,204"
1851,"2,215"
1852,"1,197"
1853,"1,783"
1854,"1,257"
1855,509
1856,"1,952"
1857,766
1858,"1,830"
1859,857
1860,"1,076"
1861,407
1862,885
1863,688
1864,841
1865,486
1866,"1,263"
1867,716
1868,"1,357"
1869,743
1870,408
1871,375
1872,"1,140"
1873,"1,311"
1874,589
1875,"2,050"
1876,290
1877,421
1878,"1,202"
1879,"1,536"
1880,257
1881,707
1882,192
1883,"1,739"
1884,874
1885,"1,052"
1886,270
1887,741
1888,988
1889,279
1890,460
1891,"1,392"
1892,584
1893,357
1894,566
1895,741
1896,522
1897,627
1898,"1,202"
1899,384
1900,830
1901,960
1902,644
1903,199
1904,653
1905,450
1906,354
1907,249
1908,746
1909,562
1910,718
1911,"1,317"
1912,"1,400"
1913,280
1914,770
1915,504
1916,468
1917,317
1918,369
1919,222
1920,413
1921,159
1922,456
1923,389
1924,359
1925,401
1926,313
1927,480
1928,524
1929,262
1930,638
1931,139
1932,435
1933,301
1934,104
1935,434
1936,162
1937,97
1938,235
1939,81
1940,105
1941,84
1942,112
1943,415
1944,52
1945,274
1946,564
1947,480
1948,65
1949,117
1950,302
1951,335
1952,362
1953,317
1954,67
1955,161
1956,178
1957,580488
1958,340499
1959,279849
1960,386211
1961,110402
1962,339260
1963,131716
1964,310229
1965,209762
1966,283920
1967,303170
1968,140616
1969,"87,928"
1970,101938
1971,162704
1972,112139
1973,"44,619"
1974,"60,713"
1975,"88,015"
1976,"50,852"
1977,"87,260"
1978,109354
1979,"68,898"
1980,"38,041"
1981,"90,003"
1982,106659
1983,"65,633"
1984,"55,670"
1985,"28,542"
1986,"29,350"
1987,"20,480"
1988,"31,969"
1989,"79,440"
1990,"52,275"
1991,"59,101"
1992,"27,744"
1993,"18,354"
1994,"22,059"
1995,"65,833"
1996,"55,338"
1997,"59,375"
1998,"52,053"
1999,"41,262"
2000,"59,650"
2001,"25,008"
2002,"28,718"
2003,"17,548"
2004,"43,304"
2005,"12,467"
2006,"13,476"
2007,"14,186"
2008,"30,788"
2009,"14,527"
2010,"11,099"
2011,"52,312"
2012,"31,073"
2013,"15,996"
2014,"19,133"
2015,"27,702"
2016,"23,971"
2017,"32,423"
2018,"11,908"
2019,"43,438"
2020,"14,893"
2021,"23,742"
2022,"17,343"
2023,"30,451"
2024,"23,482"
2025,"15,927"
2026,"16,348"
2027,"6,131"
2028,"10,808"
2029,"13,845"
2030,"27,016"
2031,"11,709"
2032,"8,330"
2033,"18,188"
2034,"28,620"
2035,"10,765"
2036,"17,102"
2037,"10,334"
2038,"7,142"
2039,"3,847"
2040,"16,152"
2041,"12,929"
2042,"6,782"
2043,"12,152"
2044,"27,841"
2045,"6,813"
2046,"20,866"
2047,"20,896"
2048,"21,444"
2049,"10,659"
2050,"7,269"
2051,"13,959"
2052,"24,281"
2053,"23,505"
2054,"13,556"
2055,"14,528"
2056,"14,391"
2057,"9,542"
2058,"11,909"
2059,"22,620"
2060,"6,294"
2061,"10,425"
2062,"14,997"
2063,"18,943"
2064,"4,578"
2065,"12,052"
2066,"2,983"
2067,"10,055"
2068,"13,455"
2069,"5,508"
2070,"7,129"
2071,"15,257"
2072,"15,034"
2073,"6,707"
2074,"13,642"
2075,"12,259"
2076,"4,653"
2077,"16,820"
2078,"10,269"
2079,"8,933"
2080,"6,030"
2081,"5,596"
2082,"9,384"
2083,"6,767"
2084,"13,848"
2085,"8,492"
2086,"10,943"
2087,"11,168"
2088,"2,177"
2089,"6,840"
2090,"4,187"
2091,"6,261"
2092,"2,089"
2093,"6,383"
2094,"8,572"
2095,"10,359"
2096,"5,372"
2097,"7,687"
2098,"2,917"
2099,"9,359"
2100,"7,137"
2101,"2,428"
2102,"7,554"
2103,"4,856"
2104,"4,319"
2105,"7,513"
2106,"5,874"
2107,"5,085"
2108,"3,409"
2109,"4,834"
2110,"3,760"
2111,"5,244"
2112,"1,736"
2113,"6,334"
2114,"4,661"
2115,"3,139"
2116,"8,631"
2117,"2,280"
2118,"10,140"
2119,"8,607"
2120,"5,928"
2121,"4,658"
2122,"9,819"
2123,"2,082"
2124,"5,707"
2125,"5,566"
2126,"3,202"
2127,"5,018"
2128,"5,668"
2129,"11,929"
2130,"3,090"
2131,"6,005"
2132,"4,148"
2133,"2,422"
2134,"4,241"
2135,"5,763"
2136,"3,402"
2137,"6,965"
2138,"2,864"
2139,"1,552"
2140,"3,229"
2141,"4,177"
2142,"7,741"
2143,"3,123"
2144,"1,997"
2145,"3,684"
2146,"2,535"
2147,"5,952"
2148,"3,086"
2149,"5,813"
2150,"5,665"
2151,"5,879"
2152,"3,609"
2153,"2,397"
2154,"3,687"
2155,"3,793"
2156,"3,904"
2157,"3,884"
2158,"2,893"
2159,"2,894"
2160,"1,708"
2161,"2,188"
2162,"1,291"
2163,"2,445"
2164,"4,740"
2165,"3,409"
2166,"4,348"
2167,"1,468"
2168,"2,598"
2169,"2,430"
2170,"3,007"
2171,"2,095"
2172,"2,744"
2173,"2,956"
2174,"1,126"
2175,954
2176,"2,490"
2177,"2,758"
2178,"2,548"
2179,"2,500"
2180,"4,837"
2181,798
2182,"4,117"
2183,"4,220"
2184,547
2185,"2,233"
2186,"1,579"
2187,"2,376"
2188,"1,883"
2189,873
2190,"1,559"
2191,"1,625"
2192,"2,007"
2193,625
2194,877
2195,"2,824"
2196,"2,469"
2197,"3,000"
2198,"1,659"
2199,"2,945"
2200,"1,024"
2201,945
2202,"2,197"
2203,"2,079"
2204,"2,917"
2205,"2,234"
2206,"1,138"
2207,812
2208,639
2209,"1,083"
2210,"1,680"
2211,"1,240"
2212,517
2213,"1,528"
2214,533
2215,"1,776"
2216,"1,694"
2217,"1,082"
2218,"1,023"
2219,"1,216"
2220,662
2221,"1,507"
2222,893
2223,"1,615"
2224,966
2225,792
2226,"1,380"
2227,"2,775"
2228,"1,183"
2229,453
2230,772
2231,693
2232,"1,091"
2233,468
2234,"2,251"
2235,"1,433"
2236,"1,646"
2237,341
2238,647
2239,459
2240,668
2241,465
2242,"1,309"
2243,815
2244,488
2245,"1,100"
2246,923
2247,"1,290"
2248,658
2249,"1,401"
2250,954
2251,671
2252,466
2253,"1,481"
2254,211
2255,"1,562"
2256,674
2257,692
2258,"1,078"
2259,212
2260,642
2261,209
2262,260
2263,432
2264,"1,151"
2265,904
2266,935
2267,633
2268,650
2269,823
2270,313
2271,356
2272,534
2273,265
2274,187
2275,750
2276,723
2277,"1,343"
2278,547
2279,881
2280,466
2281,275
2282,345
2283,202
2284,521
2285,482
2286,"1,269"
2287,835
2288,348
2289,766
2290,342
2291,189
2292,309
2293,540
2294,285
2295,462
2296,122
2297,670
2298,269
2299,455
2300,123
2301,300
2302,387
2303,216
2304,317
2305,376
2306,105
2307,391
2308,252
2309,67
2310,48
2311,233
2312,194
2313,71
2314,93
2315,156
2316,85
2317,37
2318,249
2319,66
2320,67
2321,578953
2322,305736
2323,270207
2324,390458
2325,120935
2326,339141
2327,131916
2328,316975
2329,208847
2330,278872
2331,290594
2332,118934
2333,138787
2334,101278
2335,"96,197"
2336,146631
2337,127070
2338,100899
2339,"42,921"
2340,"88,131"
2341,"56,378"
2342,"83,515"
2343,"47,092"
2344,"42,648"
2345,"68,938"
2346,"99,554"
2347,"31,820"
2348,"33,031"
2349,"20,852"
2350,"54,904"
2351,"27,774"
2352,"30,863"
2353,"88,295"
2354,"22,879"
2355,"18,345"
2356,"52,879"
2357,"66,330"
2358,"43,892"
2359,"53,350"
2360,"59,111"
2361,"54,439"
2362,"49,087"
2363,"28,596"
2364,"12,622"
2365,"21,859"
2366,"16,044"
2367,"41,696"
2368,"32,365"
2369,"30,202"
2370,"13,208"
2371,"11,841"
2372,"14,017"
2373,"27,106"
2374,"10,516"
2375,"15,972"
2376,"44,859"
2377,"26,411"
2378,"13,568"
2379,"15,159"
2380,"40,516"
2381,"16,713"
2382,"16,508"
2383,"33,265"
2384,"23,579"
2385,"16,318"
2386,"27,460"
2387,"20,417"
2388,"10,110"
2389,"9,818"
2390,"14,573"
2391,"20,333"
2392,"18,899"
2393,"26,432"
2394,"5,952"
2395,"16,065"
2396,"8,437"
2397,"29,317"
2398,"4,169"
2399,"21,220"
2400,"17,695"
2401,"10,827"
2402,"17,928"
2403,"24,268"
2404,"6,738"
2405,"11,395"
2406,"8,104"
2407,"10,314"
2408,"6,522"
2409,"12,064"
2410,"9,201"
2411,"11,488"
2412,"24,311"
2413,"13,331"
2414,"19,175"
2415,"17,757"
2416,"14,240"
2417,"9,585"
2418,"6,708"
2419,"10,901"
2420,"17,667"
2421,"15,239"
2422,"14,924"
2423,"17,706"
2424,"10,819"
2425,"20,235"
2426,"7,848"
2427,"7,967"
2428,"5,123"
2429,"9,703"
2430,"6,625"
2431,"11,085"
2432,"5,423"
2433,"4,351"
2434,"2,824"
2435,"15,393"
2436,"18,643"
2437,"10,525"
2438,"5,091"
2439,"7,327"
2440,"10,940"
2441,"13,390"
2442,"17,108"
2443,"7,361"
2444,"14,793"
2445,"15,378"
2446,"5,631"
2447,"3,377"
2448,"4,269"
2449,"8,372"
2450,"11,610"
2451,"4,165"
2452,"2,131"
2453,"5,830"
2454,"10,689"
2455,"10,686"
2456,"2,103"
2457,"6,226"
2458,"11,811"
2459,"5,973"
2460,"2,775"
2461,"5,918"
2462,"4,572"
2463,"7,912"
2464,"11,586"
2465,"2,304"
2466,"7,218"
2467,"6,491"
2468,"3,868"
2469,"7,065"
2470,"4,855"
2471,"4,266"
2472,"4,330"
2473,"2,860"
2474,"8,527"
2475,"2,287"
2476,"8,111"
2477,"1,679"
2478,"10,136"
2479,"5,872"
2480,"2,662"
2481,"5,074"
2482,"8,205"
2483,"5,438"
2484,"5,681"
2485,"4,640"
2486,"5,599"
2487,"5,223"
2488,"6,233"
2489,"3,132"
2490,"3,058"
2491,"4,324"
2492,"11,784"
2493,"3,598"
2494,"4,030"
2495,"3,589"
2496,"4,511"
2497,"3,959"
2498,"3,930"
2499,"4,072"
2500,"2,740"
2501,"3,225"
2502,"4,235"
2503,"1,612"
2504,"2,713"
2505,"3,449"
2506,"2,542"
2507,"6,894"
2508,"5,543"
2509,"2,782"
2510,"3,614"
2511,"5,671"
2512,"3,039"
2513,"1,227"
2514,"5,861"
2515,"1,363"
2516,"3,542"
2517,"1,754"
2518,"3,507"
2519,"2,431"
2520,"3,935"
2521,"3,434"
2522,"2,584"
2523,"3,397"
2524,"2,570"
2525,"2,935"
2526,"4,473"
2527,"4,088"
2528,"2,884"
2529,"2,940"
2530,"1,504"
2531,"1,752"
2532,"2,726"
2533,879
2534,"3,924"
2535,"1,719"
2536,"2,339"
2537,"4,074"
2538,"1,113"
2539,"1,861"
2540,"2,069"
2541,"2,933"
2542,"4,021"
2543,"1,636"
2544,"2,503"
2545,"1,194"
2546,823
2547,"2,275"
2548,"2,154"
2549,482
2550,"2,318"
2551,"1,576"
2552,"2,695"
2553,"1,451"
2554,"1,375"
2555,"2,679"
2556,"2,673"
2557,"1,902"
2558,"2,897"
2559,"3,148"
2560,"1,605"
2561,"1,289"
2562,"1,152"
2563,"2,753"
2564,"1,730"
2565,869
2566,816
2567,"2,986"
2568,"2,159"
2569,"2,117"
2570,477
2571,892
2572,482
2573,"3,295"
2574,838
2575,906
2576,634
2577,"1,216"
2578,"1,225"
2579,"1,089"
2580,531
2581,536
2582,"1,441"
2583,"1,520"
2584,"2,653"
2585,879
2586,"1,567"
2587,545
2588,864
2589,717
2590,532
2591,"1,148"
2592,572
2593,925
2594,"1,384"
2595,386
2596,882
2597,"1,298"
2598,"1,094"
2599,463
2600,995
2601,722
2602,774
2603,"1,723"
2604,"1,234"
2605,"1,100"
2606,"1,045"
2607,846
2608,583
2609,506
2610,195
2611,727
2612,479
2613,"1,363"
2614,426
2615,615
2616,992
2617,983
2618,232
2619,528
2620,451
2621,"1,059"
2622,706
2623,310
2624,183
2625,581
2626,602
2627,551
2628,148
2629,773
2630,185
2631,268
2632,733
2633,"1,362"
2634,244
2635,701
2636,337
2637,653
2638,360
2639,389
2640,847
2641,488
2642,532
2643,338
2644,257
2645,"1,033"
2646,412
2647,752
2648,132
2649,189
2650,134
2651,477
2652,269
2653,320
2654,441
2655,79
2656,447
2657,311
2658,522
2659,141
2660,389
2661,158
2662,39
2663,88
2664,310
2665,186
2666,361
2667,148
2668,69
2669,302
2670,215
2671,96
2672,105
2673,30
2674,583473
2675,268674
2676,129396
2677,259643
2678,388605
2679,330591
2680,321693
2681,129396
2682,155085
2683,204160
2684,273400
2685,277050
2686,134955
2687,113999
2688,102738
2689,146293
2690,"88,629"
2691,"88,669"
2692,"41,204"
2693,"46,326"
2694,"50,942"
2695,129009
2696,"86,600"
2697,107919
2698,"42,386"
2699,"33,953"
2700,"67,882"
2701,"34,020"
2702,"33,003"
2703,"20,989"
2704,"51,392"
2705,"25,770"
2706,"23,582"
2707,"17,562"
2708,"68,277"
2709,"46,584"
2710,"37,164"
2711,"49,846"
2712,"52,352"
2713,"46,648"
2714,"27,101"
2715,"51,066"
2716,"48,472"
2717,"12,412"
2718,"32,723"
2719,"30,649"
2720,"16,630"
2721,"14,068"
2722,"38,297"
2723,"18,611"
2724,"28,509"
2725,"28,912"
2726,"13,142"
2727,"11,535"
2728,"12,585"
2729,"15,522"
2730,"10,063"
2731,"15,059"
2732,"21,205"
2733,"10,223"
2734,"11,800"
2735,"16,752"
2736,"21,426"
2737,"37,454"
2738,"37,984"
2739,"21,372"
2740,"19,917"
2741,"15,152"
2742,"25,247"
2743,"13,894"
2744,"14,450"
2745,"4,346"
2746,"29,648"
2747,"18,426"
2748,"8,408"
2749,"5,484"
2750,"10,568"
2751,"11,965"
2752,"16,736"
2753,"22,021"
2754,"18,368"
2755,"8,089"
2756,"21,805"
2757,"6,282"
2758,"25,710"
2759,"5,941"
2760,"5,722"
2761,"12,797"
2762,"7,068"
2763,"10,982"
2764,"9,162"
2765,"20,171"
2766,"16,571"
2767,"7,764"
2768,"10,352"
2769,"10,206"
2770,"8,519"
2771,"7,930"
2772,"8,446"
2773,"11,228"
2774,"17,004"
2775,"9,378"
2776,"6,048"
2777,"14,380"
2778,"5,919"
2779,"13,599"
2780,"15,404"
2781,"5,569"
2782,"12,418"
2783,"14,561"
2784,"5,338"
2785,"8,936"
2786,"15,532"
2787,"7,532"
2788,"10,477"
2789,"2,572"
2790,"3,869"
2791,"15,732"
2792,"17,329"
2793,"13,812"
2794,"15,732"
2795,"12,277"
2796,"9,198"
2797,"12,806"
2798,"2,294"
2799,"5,056"
2800,"6,164"
2801,"6,992"
2802,"11,954"
2803,"7,992"
2804,"7,864"
2805,"9,739"
2806,"6,253"
2807,"5,900"
2808,"3,504"
2809,"3,393"
2810,"4,798"
2811,"1,987"
2812,"5,083"
2813,"8,057"
2814,"3,320"
2815,"5,639"
2816,"3,957"
2817,"2,131"
2818,"2,460"
2819,"6,618"
2820,"5,124"
2821,"2,174"
2822,"8,387"
2823,"2,194"
2824,"1,673"
2825,"10,257"
2826,"4,503"
2827,"4,786"
2828,"5,685"
2829,"5,509"
2830,"3,320"
2831,"2,058"
2832,"3,878"
2833,"6,451"
2834,"4,130"
2835,"3,567"
2836,"5,402"
2837,"9,646"
2838,"3,318"
2839,"7,975"
2840,"4,527"
2841,"5,309"
2842,"11,665"
2843,"5,072"
2844,"2,888"
2845,"3,217"
2846,"6,487"
2847,"4,020"
2848,"4,579"
2849,"7,482"
2850,"3,504"
2851,"2,089"
2852,"3,850"
2853,"3,371"
2854,"3,548"
2855,"4,558"
2856,"2,709"
2857,"3,511"
2858,"4,714"
2859,"5,609"
2860,"2,483"
2861,"3,981"
2862,"2,545"
2863,"3,333"
2864,"5,178"
2865,"5,043"
2866,"3,227"
2867,"4,896"
2868,"2,519"
2869,"3,103"
2870,"2,388"
2871,"2,540"
2872,"4,577"
2873,"4,780"
2874,"2,306"
2875,"2,664"
2876,"1,443"
2877,"2,907"
2878,"5,117"
2879,"1,790"
2880,860
2881,"2,682"
2882,"1,722"
2883,"2,590"
2884,"2,428"
2885,"4,001"
2886,834
2887,"2,129"
2888,"2,252"
2889,"1,232"
2890,"2,651"
2891,714
2892,"3,091"
2893,"1,858"
2894,"1,783"
2895,"2,490"
2896,"2,454"
2897,"1,244"
2898,"4,107"
2899,881
2900,"1,489"
2901,436
2902,"2,892"
2903,"1,446"
2904,"2,088"
2905,"1,526"
2906,675
2907,"3,199"
2908,"1,185"
2909,890
2910,"1,381"
2911,"1,011"
2912,"1,789"
2913,"1,243"
2914,"2,604"
2915,"3,067"
2916,620
2917,"2,053"
2918,"1,019"
2919,"2,130"
2920,641
2921,"1,903"
2922,632
2923,693
2924,"1,191"
2925,"1,623"
2926,982
2927,700
2928,"1,705"
2929,970
2930,634
2931,585
2932,776
2933,993
2934,"1,301"
2935,"2,100"
2936,"1,056"
2937,672
2938,320
2939,"1,151"
2940,"1,456"
2941,"1,274"
2942,"1,038"
2943,"1,080"
2944,"1,894"
2945,751
2946,602
2947,552
2948,518
2949,"1,590"
2950,440
2951,746
2952,643
2953,360
2954,837
2955,947
2956,163
2957,488
2958,"1,248"
2959,712
2960,611
2961,377
2962,902
2963,713
2964,506
2965,545
2966,188
2967,439
2968,"1,380"
2969,715
2970,252
2971,"1,391"
2972,635
2973,392
2974,733
2975,205
2976,376
2977,686
2978,921
2979,"1,009"
2980,415
2981,458
2982,580
2983,140
2984,363
2985,373
2986,614
2987,601
2988,211
2989,269
2990,211
2991,462
2992,839
2993,97
2994,411
2995,151
2996,128
2997,69
2998,490
2999,82
3000,473
3001,370
3002,317
3003,381
3004,801
3005,462
3006,89
3007,38
3008,163
3009,183
3010,56
3011,154
3012,105
3013,108
3014,207
3015,601918
3016,137069
3017,226668
3018,252197
3019,382213
3020,199121
3021,326061
3022,127354
3023,307566
3024,266876
3025,190165
3026,260483
3027,130915
3028,123743
3029,124092
3030,165216
3031,"78,185"
3032,"85,032"
3033,"48,225"
3034,"38,584"
3035,113944
3036,"35,097"
3037,"45,450"
3038,113341
3039,"64,484"
3040,"36,561"
3041,"36,467"
3042,"69,969"
3043,"21,275"
3044,"32,777"
3045,"24,303"
3046,"48,126"
3047,"23,215"
3048,"16,405"
3049,"40,967"
3050,"53,303"
3051,"39,820"
3052,"20,068"
3053,"45,622"
3054,"43,722"
3055,"34,333"
3056,"24,920"
3057,"16,617"
3058,"15,760"
3059,"11,216"
3060,"29,644"
3061,"27,183"
3062,"41,968"
3063,"32,600"
3064,"40,948"
3065,"30,734"
3066,"38,864"
3067,"35,584"
3068,"34,974"
3069,"11,777"
3070,"14,570"
3071,"11,942"
3072,"10,297"
3073,"23,579"
3074,"14,569"
3075,"24,008"
3076,"15,563"
3077,"9,936"
3078,"8,963"
3079,"16,488"
3080,"15,104"
3081,"33,288"
3082,"8,541"
3083,"4,686"
3084,"29,639"
3085,"13,769"
3086,"30,585"
3087,"18,165"
3088,"12,105"
3089,"12,613"
3090,"8,267"
3091,"9,087"
3092,"9,786"
3093,"11,286"
3094,"10,254"
3095,"5,006"
3096,"14,213"
3097,"26,817"
3098,"19,182"
3099,"17,412"
3100,"7,315"
3101,"11,103"
3102,"11,459"
3103,"8,769"
3104,"6,997"
3105,"6,622"
3106,"5,406"
3107,"6,926"
3108,"5,239"
3109,"6,621"
3110,"12,365"
3111,"16,942"
3112,"19,586"
3113,"13,726"
3114,"13,642"
3115,"9,676"
3116,"10,893"
3117,"13,631"
3118,"8,676"
3119,"8,874"
3120,"14,731"
3121,"6,850"
3122,"5,524"
3123,"6,909"
3124,"15,285"
3125,"14,339"
3126,"16,682"
3127,"13,920"
3128,"6,548"
3129,"7,595"
3130,"3,566"
3131,"17,473"
3132,"4,433"
3133,"12,857"
3134,"2,464"
3135,"7,766"
3136,"2,273"
3137,"7,058"
3138,"6,332"
3139,"11,984"
3140,"5,655"
3141,"11,532"
3142,"3,829"
3143,"3,064"
3144,"11,397"
3145,"6,636"
3146,"7,773"
3147,"4,345"
3148,"4,950"
3149,"7,242"
3150,"8,175"
3151,"8,342"
3152,"5,330"
3153,"7,177"
3154,"8,493"
3155,"2,592"
3156,"1,760"
3157,"3,791"
3158,"3,910"
3159,"6,528"
3160,"10,381"
3161,"3,431"
3162,"1,864"
3163,"3,964"
3164,"1,594"
3165,"6,734"
3166,"7,905"
3167,"5,820"
3168,"9,724"
3169,"4,145"
3170,"2,165"
3171,"4,865"
3172,"5,166"
3173,"1,945"
3174,"4,079"
3175,"6,514"
3176,"4,584"
3177,"5,124"
3178,"2,475"
3179,"4,079"
3180,"3,777"
3181,"4,873"
3182,"4,867"
3183,"4,103"
3184,"2,716"
3185,"10,611"
3186,"4,690"
3187,"6,454"
3188,"4,543"
3189,"3,636"
3190,"3,189"
3191,"4,105"
3192,"4,305"
3193,"2,736"
3194,"3,629"
3195,"3,853"
3196,"3,098"
3197,"2,180"
3198,"1,690"
3199,"1,022"
3200,"1,718"
3201,"1,658"
3202,"2,843"
3203,"2,827"
3204,"2,340"
3205,"2,989"
3206,"1,941"
3207,"4,641"
3208,"2,863"
3209,"2,241"
3210,"2,742"
3211,"2,417"
3212,"4,383"
3213,"2,013"
3214,"1,805"
3215,"2,808"
3216,"4,204"
3217,"3,517"
3218,"3,972"
3219,836
3220,"2,179"
3221,"2,474"
3222,"3,750"
3223,"2,291"
3224,"2,847"
3225,"2,423"
3226,"1,975"
3227,"1,883"
3228,"4,126"
3229,"1,076"
3230,"3,393"
3231,"1,222"
3232,854
3233,"1,185"
3234,"3,550"
3235,861
3236,"2,802"
3237,"1,004"
3238,737
3239,652
3240,728
3241,774
3242,"1,277"
3243,"1,941"
3244,391
3245,"1,342"
3246,"2,594"
3247,"1,068"
3248,"1,129"
3249,"1,270"
3250,"1,723"
3251,883
3252,634
3253,"1,620"
3254,"1,289"
3255,514
3256,795
3257,"1,496"
3258,984
3259,"1,079"
3260,520
3261,"1,705"
3262,"1,128"
3263,"1,432"
3264,"1,004"
3265,516
3266,"1,237"
3267,962
3268,487
3269,673
3270,565
3271,"1,036"
3272,"1,059"
3273,485
3274,"1,803"
3275,"1,230"
3276,596
3277,958
3278,792
3279,795
3280,416
3281,898
3282,634
3283,"2,037"
3284,"1,078"
3285,"1,660"
3286,377
3287,202
3288,594
3289,144
3290,503
3291,494
3292,"1,053"
3293,512
3294,409
3295,186
3296,269
3297,341
3298,966
3299,"1,061"
3300,714
3301,307
3302,"1,377"
3303,569
3304,995
3305,671
3306,311
3307,754
3308,557
3309,483
3310,529
3311,616
3312,"1,041"
3313,314
3314,336
3315,264
3316,893
3317,152
3318,543
3319,416
3320,111
3321,164
3322,136
3323,343
3324,453
3325,294
3326,377
3327,269
3328,80
3329,433
3330,625
3331,40
3332,143
3333,724
3334,372
3335,383
3336,55
3337,81
3338,98
3339,233
3340,396
3341,153
3342,382
3343,630
3344,212
3345,625691
3346,241476
3347,138468
3348,241938
3349,367492
3350,189997
3351,328691
3352,123339
3353,259214
3354,175070
3355,266016
3356,141474
3357,128903
3358,127017
3359,234542
3360,177930
3361,"48,026"
3362,"81,030"
3363,116897
3364,"68,073"
3365,"34,492"
3366,"34,861"
3367,"38,129"
3368,"39,741"
3369,"59,896"
3370,"92,786"
3371,"21,236"
3372,"30,467"
3373,"31,547"
3374,"24,654"
3375,"53,325"
3376,"54,720"
3377,"42,062"
3378,"21,662"
3379,"22,992"
3380,"20,393"
3381,"15,459"
3382,"17,224"
3383,"37,884"
3384,"18,445"
3385,"32,504"
3386,"45,830"
3387,"39,817"
3388,"32,791"
3389,"39,266"
3390,"22,596"
3391,"31,226"
3392,"30,951"
3393,"37,551"
3394,"36,674"
3395,"9,263"
3396,"25,298"
3397,"24,625"
3398,"32,817"
3399,"23,249"
3400,"17,437"
3401,"12,864"
3402,"10,532"
3403,"13,233"
3404,"30,698"
3405,"15,738"
3406,"8,608"
3407,"4,904"
3408,"9,536"
3409,"15,973"
3410,"7,788"
3411,"14,318"
3412,"12,994"
3413,"10,318"
3414,"28,877"
3415,"25,482"
3416,"11,563"
3417,"27,691"
3418,"8,946"
3419,"11,170"
3420,"11,930"
3421,"26,854"
3422,"7,664"
3423,"6,778"
3424,"5,334"
3425,"7,768"
3426,"17,572"
3427,"14,494"
3428,"7,476"
3429,"10,393"
3430,"22,416"
3431,"6,866"
3432,"11,105"
3433,"11,317"
3434,"18,368"
3435,"8,806"
3436,"4,322"
3437,"8,146"
3438,"11,305"
3439,"14,452"
3440,"8,952"
3441,"21,092"
3442,"6,260"
3443,"5,348"
3444,"15,975"
3445,"4,365"
3446,"13,413"
3447,"4,234"
3448,"17,463"
3449,"12,042"
3450,"7,764"
3451,"8,320"
3452,"7,785"
3453,"9,063"
3454,"2,568"
3455,"5,839"
3456,"11,060"
3457,"7,367"
3458,"16,599"
3459,"4,287"
3460,"7,477"
3461,"11,573"
3462,"5,946"
3463,"8,861"
3464,"11,571"
3465,"11,096"
3466,"5,975"
3467,"4,854"
3468,"1,939"
3469,"2,948"
3470,"7,485"
3471,"10,732"
3472,"6,392"
3473,"5,010"
3474,"10,379"
3475,"4,841"
3476,"8,222"
3477,"3,590"
3478,"6,854"
3479,"9,649"
3480,"9,642"
3481,"4,605"
3482,"5,752"
3483,"3,400"
3484,"6,140"
3485,"3,622"
3486,"8,912"
3487,"1,594"
3488,"4,612"
3489,"6,029"
3490,"10,183"
3491,"2,884"
3492,"2,175"
3493,"5,030"
3494,"4,853"
3495,"4,066"
3496,"4,239"
3497,"7,831"
3498,"6,690"
3499,"3,169"
3500,"4,913"
3501,"1,448"
3502,"1,961"
3503,"1,546"
3504,"6,211"
3505,"3,977"
3506,"2,930"
3507,"6,510"
3508,"4,820"
3509,"2,120"
3510,"4,258"
3511,"1,337"
3512,"3,477"
3513,"4,565"
3514,"4,297"
3515,"1,969"
3516,"2,768"
3517,"3,757"
3518,"2,476"
3519,"2,526"
3520,"1,505"
3521,"4,260"
3522,"3,201"
3523,"2,488"
3524,"1,983"
3525,"3,509"
3526,"4,572"
3527,"7,222"
3528,"3,799"
3529,"2,328"
3530,"2,073"
3531,"2,651"
3532,"2,769"
3533,"2,203"
3534,"2,481"
3535,"2,251"
3536,"2,064"
3537,"2,181"
3538,841
3539,"2,174"
3540,"1,855"
3541,"2,597"
3542,"3,796"
3543,"2,132"
3544,"2,475"
3545,"1,130"
3546,"2,461"
3547,973
3548,"1,289"
3549,"3,954"
3550,"1,984"
3551,"1,274"
3552,"1,785"
3553,874
3554,"1,992"
3555,"3,951"
3556,"1,345"
3557,822
3558,743
3559,834
3560,821
3561,"3,066"
3562,"1,421"
3563,982
3564,"2,077"
3565,"3,003"
3566,"1,388"
3567,"1,555"
3568,720
3569,"3,261"
3570,"1,392"
3571,"1,511"
3572,"1,098"
3573,"1,797"
3574,904
3575,"2,408"
3576,788
3577,"1,036"
3578,322
3579,"1,707"
3580,615
3581,"1,202"
3582,"1,646"
3583,909
3584,"2,008"
3585,686
3586,"1,388"
3587,"1,076"
3588,858
3589,"1,033"
3590,460
3591,"1,077"
3592,895
3593,"1,108"
3594,557
3595,341
3596,662
3597,766
3598,585
3599,515
3600,"1,044"
3601,502
3602,"1,112"
3603,378
3604,335
3605,653
3606,"1,091"
3607,598
3608,256
3609,362
3610,758
3611,137
3612,362
3613,549
3614,191
3615,267
3616,257
3617,703
3618,264
3619,459
3620,692
3621,236
3622,"1,379"
3623,"1,069"
3624,496
3625,701
3626,985
3627,370
3628,401
3629,236
3630,120
3631,163
3632,889
3633,334
3634,539
3635,574
3636,390
3637,137
3638,115
3639,529
3640,425
3641,354
3642,612
3643,59
3644,265
3645,153
3646,285
3647,247
3648,325
3649,121
3650,397
3651,333
3652,52
3653,71
3654,72
3655,629
3656,63
3657,244
3658,657149
3659,290669
3660,136421
3661,232700
3662,344752
3663,327558
3664,163596
3665,159312
3666,116733
3667,251876
3668,160893
3669,220888
3670,132300
3671,122719
3672,188788
3673,202062
3674,"45,767"
3675,"78,732"
3676,117723
3677,"31,806"
3678,"38,787"
3679,"60,413"
3680,"31,300"
3681,"72,865"
3682,"28,619"
3683,"33,612"
3684,"54,394"
3685,"20,655"
3686,"27,878"
3687,"29,397"
3688,"24,827"
3689,"72,916"
3690,"25,221"
3691,"25,549"
3692,"37,177"
3693,"57,545"
3694,"41,820"
3695,"20,109"
3696,"34,548"
3697,"13,858"
3698,"17,198"
3699,"34,743"
3700,"20,118"
3701,"36,445"
3702,"30,849"
3703,"21,350"
3704,"20,150"
3705,"21,863"
3706,"29,350"
3707,"25,788"
3708,"32,831"
3709,"24,872"
3710,"25,500"
3711,"32,340"
3712,"29,797"
3713,"8,023"
3714,"11,536"
3715,"17,350"
3716,"5,052"
3717,"10,603"
3718,"7,086"
3719,"10,845"
3720,"11,586"
3721,"8,988"
3722,"7,982"
3723,"12,082"
3724,"13,781"
3725,"23,276"
3726,"13,397"
3727,"17,925"
3728,"27,408"
3729,"20,858"
3730,"8,773"
3731,"11,538"
3732,"6,548"
3733,"7,344"
3734,"8,867"
3735,"26,551"
3736,"7,822"
3737,"24,663"
3738,"22,011"
3739,"10,100"
3740,"17,176"
3741,"19,402"
3742,"20,152"
3743,"7,086"
3744,"6,230"
3745,"11,111"
3746,"7,018"
3747,"14,902"
3748,"8,115"
3749,"17,970"
3750,"7,903"
3751,"18,065"
3752,"6,550"
3753,"3,460"
3754,"9,878"
3755,"14,031"
3756,"10,271"
3757,"2,649"
3758,"4,512"
3759,"7,836"
3760,"7,969"
3761,"4,965"
3762,"4,734"
3763,"10,106"
3764,"3,486"
3765,"6,854"
3766,"6,970"
3767,"6,704"
3768,"10,131"
3769,"5,990"
3770,"12,119"
3771,"7,955"
3772,"3,226"
3773,"6,352"
3774,"14,801"
3775,"3,169"
3776,"13,611"
3777,"4,715"
3778,"6,517"
3779,"5,627"
3780,"5,413"
3781,"4,918"
3782,"9,496"
3783,"6,520"
3784,"8,118"
3785,"1,676"
3786,"5,006"
3787,"3,307"
3788,"5,807"
3789,"8,457"
3790,"3,647"
3791,"9,083"
3792,"5,451"
3793,"7,070"
3794,"4,925"
3795,"8,385"
3796,"2,673"
3797,"4,721"
3798,"2,898"
3799,"4,210"
3800,"1,746"
3801,"3,458"
3802,"1,361"
3803,"3,886"
3804,"4,175"
3805,"8,501"
3806,"6,750"
3807,"7,225"
3808,"2,315"
3809,"5,806"
3810,"4,703"
3811,"1,786"
3812,"1,263"
3813,"2,884"
3814,"4,651"
3815,"2,807"
3816,"3,837"
3817,"2,721"
3818,"1,147"
3819,"2,717"
3820,"2,845"
3821,"3,840"
3822,"4,968"
3823,"1,954"
3824,"4,693"
3825,"2,197"
3826,"5,004"
3827,"2,844"
3828,"3,765"
3829,"1,339"
3830,"1,982"
3831,"3,530"
3832,"3,816"
3833,"3,103"
3834,"2,033"
3835,"3,490"
3836,"4,092"
3837,"2,246"
3838,"4,399"
3839,"2,051"
3840,"1,795"
3841,"1,139"
3842,"2,477"
3843,930
3844,"1,060"
3845,"4,391"
3846,"2,090"
3847,991
3848,"2,008"
3849,"2,067"
3850,"3,732"
3851,"1,412"
3852,"1,183"
3853,"1,143"
3854,750
3855,"2,038"
3856,"2,031"
3857,"1,686"
3858,"3,355"
3859,"2,192"
3860,796
3861,881
3862,951
3863,"1,260"
3864,"1,999"
3865,"2,111"
3866,"2,278"
3867,785
3868,"1,475"
3869,"1,146"
3870,"2,969"
3871,834
3872,"1,826"
3873,826
3874,"1,399"
3875,"1,694"
3876,"1,273"
3877,"1,421"
3878,"1,336"
3879,672
3880,"1,754"
3881,748
3882,"3,300"
3883,"1,340"
3884,"1,167"
3885,508
3886,"1,100"
3887,"1,121"
3888,"1,092"
3889,269
3890,880
3891,920
3892,917
3893,642
3894,761
3895,548
3896,"1,370"
3897,737
3898,706
3899,799
3900,451
3901,430
3902,888
3903,"1,571"
3904,642
3905,334
3906,885
3907,706
3908,873
3909,806
3910,392
3911,124
3912,"1,176"
3913,224
3914,"1,075"
3915,729
3916,187
3917,"1,133"
3918,475
3919,230
3920,"1,323"
3921,217
3922,418
3923,504
3924,129
3925,169
3926,171
3927,895
3928,589
3929,504
3930,136
3931,530
3932,458
3933,138
3934,679
3935,155
3936,60
3937,183
3938,256
3939,472
3940,338
3941,109
3942,187
3943,84
3944,174
3945,125
3946,346
3947,359
3948,115
3949,385
3950,300
3951,656
3952,67
3953,100
3954,60
3955,96
3956,160
3957,695180
3958,344765
3959,130545
3960,226261
3961,323686
3962,314576
3963,175449
3964,246370
3965,108101
3966,124755
3967,139892
3968,133082
3969,194705
3970,116222
3971,174027
3972,"44,606"
3973,165918
3974,"76,669"
3975,113467
3976,"92,874"
3977,"42,366"
3978,"38,053"
3979,"34,522"
3980,"27,865"
3981,"27,674"
3982,"20,487"
3983,"48,674"
3984,"27,651"
3985,"24,420"
3986,"27,625"
3987,"46,528"
3988,"27,008"
3989,"70,563"
3990,"31,575"
3991,"40,640"
3992,"20,930"
3993,"43,648"
3994,"20,330"
3995,"53,360"
3996,"27,988"
3997,"24,952"
3998,"11,810"
3999,"12,151"
4000,"27,844"
4001,"25,496"
4002,"30,291"
4003,"32,657"
4004,"25,578"
4005,"24,861"
4006,"12,561"
4007,"31,119"
4008,"28,063"
4009,"12,884"
4010,"12,408"
4011,"17,269"
4012,"12,949"
4013,"26,585"
4014,"5,289"
4015,"12,991"
4016,"25,194"
4017,"9,812"
4018,"23,990"
4019,"26,270"
4020,"18,375"
4021,"16,689"
4022,"12,469"
4023,"7,307"
4024,"9,901"
4025,"11,028"
4026,"26,917"
4027,"11,658"
4028,"7,050"
4029,"8,133"
4030,"7,222"
4031,"19,953"
4032,"8,197"
4033,"16,466"
4034,"7,184"
4035,"4,795"
4036,"5,486"
4037,"14,118"
4038,"15,167"
4039,"14,173"
4040,"20,226"
4041,"23,672"
4042,"10,621"
4043,"17,289"
4044,"6,999"
4045,"5,444"
4046,"7,989"
4047,"18,857"
4048,"6,192"
4049,"7,136"
4050,"10,065"
4051,"8,392"
4052,"10,923"
4053,"5,010"
4054,"2,617"
4055,"13,344"
4056,"12,979"
4057,"3,349"
4058,"11,027"
4059,"5,841"
4060,"6,590"
4061,"6,227"
4062,"5,781"
4063,"5,684"
4064,"5,848"
4065,"4,942"
4066,"2,526"
4067,"2,628"
4068,"4,919"
4069,"3,623"
4070,"5,338"
4071,"3,594"
4072,"6,483"
4073,"8,232"
4074,"3,316"
4075,"5,094"
4076,"12,550"
4077,"10,209"
4078,"7,737"
4079,"4,917"
4080,"2,228"
4081,"5,797"
4082,"3,644"
4083,"7,688"
4084,"1,410"
4085,"4,342"
4086,"4,027"
4087,"2,567"
4088,"2,654"
4089,"3,996"
4090,"4,260"
4091,"4,344"
4092,"4,866"
4093,"4,339"
4094,"3,037"
4095,"1,842"
4096,"3,018"
4097,"4,727"
4098,"6,677"
4099,"1,129"
4100,"7,239"
4101,"2,241"
4102,"3,517"
4103,"3,145"
4104,"5,978"
4105,"7,049"
4106,"5,143"
4107,"3,776"
4108,"1,530"
4109,"2,851"
4110,"5,563"
4111,"2,505"
4112,"2,546"
4113,"1,867"
4114,"1,286"
4115,"4,285"
4116,"2,309"
4117,944
4118,"1,404"
4119,"5,331"
4120,"2,615"
4121,"3,062"
4122,"1,999"
4123,"1,303"
4124,"4,376"
4125,"1,421"
4126,"4,868"
4127,"1,220"
4128,"3,038"
4129,"2,164"
4130,"3,226"
4131,761
4132,"3,913"
4133,"3,455"
4134,"2,744"
4135,"1,223"
4136,"1,475"
4137,"2,635"
4138,"2,464"
4139,"2,298"
4140,"2,332"
4141,904
4142,"3,068"
4143,"1,591"
4144,"1,846"
4145,"1,024"
4146,"1,051"
4147,"1,778"
4148,"2,657"
4149,"1,795"
4150,689
4151,"1,274"
4152,"1,226"
4153,"2,117"
4154,"1,951"
4155,"1,796"
4156,"2,022"
4157,726
4158,"1,733"
4159,"2,786"
4160,732
4161,"1,503"
4162,"1,935"
4163,"2,757"
4164,958
4165,"1,724"
4166,"1,154"
4167,870
4168,"1,072"
4169,718
4170,"1,844"
4171,"1,320"
4172,"1,113"
4173,"1,143"
4174,"2,516"
4175,"2,390"
4176,548
4177,605
4178,"1,138"
4179,"1,172"
4180,"1,072"
4181,"1,124"
4182,924
4183,408
4184,474
4185,"1,230"
4186,486
4187,737
4188,"1,332"
4189,969
4190,579
4191,226
4192,554
4193,671
4194,651
4195,"1,070"
4196,696
4197,855
4198,488
4199,734
4200,484
4201,361
4202,123
4203,736
4204,748
4205,"1,164"
4206,"1,287"
4207,826
4208,385
4209,179
4210,579
4211,549
4212,208
4213,155
4214,152
4215,183
4216,907
4217,608
4218,143
4219,142
4220,254
4221,218
4222,58
4223,440
4224,202
4225,101
4226,323
4227,119
4228,263
4229,395
4230,600
4231,148
4232,122
4233,340
4234,118
4235,701
4236,178
4237,173
4238,71
4239,443
4240,98
4241,200
4242,106
4243,722806
4244,394048
4245,117447
4246,185408
4247,214731
4248,321343
4249,277598
4250,240752
4251,100106
4252,128124
4253,"63,170"
4254,186368
4255,114714
4256,109116
4257,"81,100"
4258,112306
4259,"40,370"
4260,117756
4261,"74,225"
4262,124205
4263,"98,186"
4264,"36,846"
4265,"35,874"
4266,"44,410"
4267,"81,046"
4268,"29,157"
4269,"22,558"
4270,"19,493"
4271,"24,220"
4272,"23,901"
4273,"42,312"
4274,"25,027"
4275,"16,038"
4276,"20,790"
4277,"45,210"
4278,"20,884"
4279,"34,212"
4280,"35,973"
4281,"32,332"
4282,"32,355"
4283,"27,397"
4284,"42,953"
4285,"15,830"
4286,"17,258"
4287,"36,415"
4288,"10,567"
4289,"24,197"
4290,"13,941"
4291,"13,775"
4292,"27,605"
4293,"30,532"
4294,"22,989"
4295,"26,240"
4296,"13,678"
4297,"19,827"
4298,"5,427"
4299,"10,784"
4300,"14,523"
4301,"9,030"
4302,"7,579"
4303,"21,700"
4304,"17,615"
4305,"28,108"
4306,"9,821"
4307,"20,420"
4308,"8,158"
4309,"11,311"
4310,"21,277"
4311,"10,070"
4312,"22,126"
4313,"6,454"
4314,"7,030"
4315,"19,410"
4316,"18,681"
4317,"14,403"
4318,"7,792"
4319,"12,028"
4320,"14,408"
4321,"10,288"
4322,"16,074"
4323,"9,212"
4324,"19,147"
4325,"5,256"
4326,"8,495"
4327,"4,250"
4328,"11,066"
4329,"18,766"
4330,"10,997"
4331,"5,369"
4332,"13,643"
4333,"10,843"
4334,"5,595"
4335,"13,423"
4336,"2,635"
4337,"5,378"
4338,"3,254"
4339,"5,845"
4340,"7,252"
4341,"6,151"
4342,"2,855"
4343,"3,866"
4344,"5,575"
4345,"5,244"
4346,"5,996"
4347,"5,424"
4348,"3,604"
4349,"6,824"
4350,"2,758"
4351,"3,748"
4352,"10,761"
4353,"4,768"
4354,"4,824"
4355,"5,825"
4356,"4,804"
4357,"6,869"
4358,"3,562"
4359,"2,960"
4360,"4,054"
4361,"3,417"
4362,"9,457"
4363,"6,324"
4364,"3,085"
4365,"4,356"
4366,"3,374"
4367,"1,662"
4368,"2,442"
4369,"5,904"
4370,"3,743"
4371,"1,221"
4372,"3,210"
4373,"1,622"
4374,"3,408"
4375,"3,669"
4376,"4,682"
4377,"2,135"
4378,"3,984"
4379,"4,166"
4380,"3,251"
4381,"1,847"
4382,"3,689"
4383,"1,568"
4384,"2,767"
4385,"3,078"
4386,"3,209"
4387,942
4388,"5,062"
4389,"3,965"
4390,"2,247"
4391,"1,491"
4392,"1,694"
4393,"2,297"
4394,"1,230"
4395,"4,362"
4396,"2,358"
4397,"5,445"
4398,"3,996"
4399,"5,015"
4400,"5,314"
4401,"1,541"
4402,"1,283"
4403,"2,316"
4404,"5,161"
4405,"2,592"
4406,"2,259"
4407,"1,044"
4408,"2,500"
4409,"1,182"
4410,"1,428"
4411,"2,642"
4412,"1,164"
4413,"2,394"
4414,"1,176"
4415,"1,552"
4416,713
4417,"1,164"
4418,"1,209"
4419,"2,044"
4420,"3,134"
4421,"1,783"
4422,"1,639"
4423,"2,014"
4424,"2,450"
4425,"1,582"
4426,"2,356"
4427,"1,502"
4428,"3,145"
4429,554
4430,"1,332"
4431,"1,561"
4432,"1,861"
4433,"1,422"
4434,456
4435,"1,169"
4436,898
4437,900
4438,"1,703"
4439,619
4440,699
4441,723
4442,"1,065"
4443,"1,683"
4444,"1,795"
4445,"2,207"
4446,586
4447,580
4448,"1,791"
4449,"1,436"
4450,843
4451,984
4452,"1,135"
4453,460
4454,"1,772"
4455,"1,098"
4456,"1,071"
4457,"1,981"
4458,489
4459,"1,227"
4460,990
4461,"1,088"
4462,"1,741"
4463,622
4464,"1,026"
4465,"1,203"
4466,581
4467,621
4468,191
4469,272
4470,577
4471,413
4472,747
4473,"1,185"
4474,122
4475,682
4476,234
4477,"1,238"
4478,351
4479,179
4480,994
4481,442
4482,309
4483,262
4484,893
4485,502
4486,560
4487,503
4488,159
4489,594
4490,520
4491,240
4492,419
4493,210
4494,258
4495,146
4496,136
4497,311
4498,130
4499,268
4500,392
4501,390
4502,275
4503,247
4504,150
4505,65
4506,131
4507,270
4508,399
4509,342
4510,254
4511,112
4512,139
4513,209
4514,466
4515,253
4516,710
4517,178
4518,89
4519,73
4520,741211
4521,435425
4522,191178
4523,205484
4524,"99,993"
4525,313684
4526,"84,096"
4527,231527
4528,241354
4529,"93,275"
4530,118199
4531,173363
4532,129130
4533,100408
4534,"86,611"
4535,"44,623"
4536,"57,562"
4537,"72,786"
4538,"32,557"
4539,"89,705"
4540,"30,784"
4541,"20,358"
4542,"29,761"
4543,"75,640"
4544,"43,109"
4545,"89,056"
4546,"18,834"
4547,"42,254"
4548,"42,528"
4549,"67,354"
4550,"22,536"
4551,"21,884"
4552,"46,140"
4553,"55,291"
4554,"34,649"
4555,"22,731"
4556,"19,322"
4557,"16,457"
4558,"28,904"
4559,"21,032"
4560,"28,076"
4561,"15,650"
4562,"14,937"
4563,"14,033"
4564,"22,488"
4565,"28,307"
4566,"11,821"
4567,"13,983"
4568,"8,995"
4569,"23,290"
4570,"12,466"
4571,"11,429"
4572,"5,539"
4573,"24,047"
4574,"20,041"
4575,"18,097"
4576,"26,407"
4577,"7,680"
4578,"15,218"
4579,"28,560"
4580,"7,963"
4581,"19,168"
4582,"23,020"
4583,"19,857"
4584,"13,255"
4585,"11,509"
4586,"9,232"
4587,"6,580"
4588,"12,541"
4589,"10,005"
4590,"5,821"
4591,"17,190"
4592,"16,235"
4593,"5,861"
4594,"19,486"
4595,"9,593"
4596,"11,821"
4597,"8,129"
4598,"10,721"
4599,"5,500"
4600,"11,470"
4601,"13,614"
4602,"5,926"
4603,"13,768"
4604,"4,589"
4605,"7,962"
4606,"6,865"
4607,"7,148"
4608,"6,281"
4609,"2,579"
4610,"2,934"
4611,"3,164"
4612,"9,359"
4613,"9,808"
4614,"3,701"
4615,"6,887"
4616,"8,031"
4617,"2,971"
4618,"4,802"
4619,"11,103"
4620,"4,452"
4621,"3,725"
4622,"12,795"
4623,"5,322"
4624,"6,665"
4625,"4,545"
4626,"3,133"
4627,"3,046"
4628,"4,482"
4629,"5,834"
4630,"4,539"
4631,"3,985"
4632,"3,227"
4633,"4,079"
4634,"2,528"
4635,"3,705"
4636,"2,914"
4637,"3,563"
4638,"5,609"
4639,"3,884"
4640,"4,214"
4641,"1,794"
4642,"3,198"
4643,"5,388"
4644,"3,512"
4645,"1,563"
4646,"3,734"
4647,"2,525"
4648,"4,292"
4649,"1,125"
4650,"3,518"
4651,"1,937"
4652,"2,744"
4653,"3,003"
4654,"1,669"
4655,"5,403"
4656,"4,082"
4657,"4,232"
4658,"2,242"
4659,"1,498"
4660,"5,596"
4661,"1,064"
4662,"4,317"
4663,"2,092"
4664,"3,273"
4665,"5,724"
4666,"3,116"
4667,"2,777"
4668,958
4669,"1,224"
4670,"1,161"
4671,"2,858"
4672,"1,771"
4673,"1,801"
4674,"2,278"
4675,"1,278"
4676,"1,373"
4677,"1,561"
4678,"4,602"
4679,963
4680,"4,368"
4681,"1,969"
4682,659
4683,"1,146"
4684,"1,272"
4685,"1,317"
4686,"1,693"
4687,"3,853"
4688,"1,109"
4689,"2,275"
4690,"1,182"
4691,"2,700"
4692,"1,096"
4693,"1,930"
4694,"2,100"
4695,"1,837"
4696,790
4697,604
4698,"2,966"
4699,"1,136"
4700,861
4701,"1,248"
4702,"2,384"
4703,"1,313"
4704,"1,323"
4705,613
4706,"1,272"
4707,642
4708,464
4709,613
4710,"1,354"
4711,"1,169"
4712,"1,730"
4713,486
4714,852
4715,838
4716,973
4717,"1,088"
4718,656
4719,489
4720,"1,700"
4721,"1,044"
4722,"1,128"
4723,969
4724,"1,337"
4725,293
4726,821
4727,"1,309"
4728,987
4729,601
4730,533
4731,"1,439"
4732,"1,529"
4733,639
4734,735
4735,785
4736,440
4737,273
4738,667
4739,472
4740,770
4741,"1,146"
4742,501
4743,699
4744,813
4745,657
4746,296
4747,378
4748,581
4749,339
4750,366
4751,181
4752,111
4753,136
4754,287
4755,567
4756,164
4757,"1,028"
4758,562
4759,867
4760,271
4761,168
4762,601
4763,153
4764,348
4765,366
4766,166
4767,256
4768,76
4769,140
4770,223
4771,214
4772,134
4773,305
4774,317
4775,134
4776,113
4777,703
4778,296
4779,195
4780,198
4781,166
4782,763146
4783,465322
4784,193015
4785,104583
4786,196367
4787,300104
4788,"86,013"
4789,219061
4790,212654
4791,"87,033"
4792,142491
4793,104578
4794,160927
4795,"70,046"
4796,"46,656"
4797,"94,384"
4798,"69,690"
4799,"24,286"
4800,"64,596"
4801,"95,264"
4802,"28,927"
4803,"29,779"
4804,"48,782"
4805,"66,784"
4806,"41,532"
4807,"23,709"
4808,"18,360"
4809,"36,012"
4810,"23,657"
4811,"46,066"
4812,"21,641"
4813,"20,757"
4814,"55,057"
4815,"29,263"
4816,"19,904"
4817,"17,331"
4818,"58,449"
4819,"15,788"
4820,"11,629"
4821,"14,350"
4822,"13,272"
4823,"14,878"
4824,"13,908"
4825,"21,438"
4826,"32,540"
4827,"26,951"
4828,"18,386"
4829,"17,200"
4830,"21,431"
4831,"11,793"
4832,"5,796"
4833,"29,648"
4834,"7,578"
4835,"7,598"
4836,"19,421"
4837,"21,991"
4838,"8,475"
4839,"28,446"
4840,"13,952"
4841,"14,625"
4842,"7,658"
4843,"22,847"
4844,"8,546"
4845,"5,973"
4846,"9,010"
4847,"15,578"
4848,"19,449"
4849,"5,295"
4850,"8,145"
4851,"5,099"
4852,"8,683"
4853,"5,667"
4854,"10,344"
4855,"14,667"
4856,"8,962"
4857,"13,626"
4858,"7,272"
4859,"8,490"
4860,"13,376"
4861,"9,298"
4862,"8,636"
4863,"6,325"
4864,"3,666"
4865,"2,657"
4866,"4,057"
4867,"8,888"
4868,"8,641"
4869,"7,399"
4870,"5,619"
4871,"6,879"
4872,"3,725"
4873,"2,580"
4874,"3,353"
4875,"5,667"
4876,"3,771"
4877,"4,316"
4878,"3,329"
4879,"5,100"
4880,"10,025"
4881,"8,355"
4882,"5,738"
4883,"3,814"
4884,"4,730"
4885,"6,796"
4886,"4,049"
4887,"6,302"
4888,"3,641"
4889,"3,802"
4890,"7,912"
4891,"5,524"
4892,"1,949"
4893,"2,115"
4894,"2,671"
4895,"4,229"
4896,"2,874"
4897,"2,286"
4898,"3,361"
4899,"3,130"
4900,"3,891"
4901,"3,380"
4902,"4,223"
4903,"3,059"
4904,"7,443"
4905,"1,873"
4906,"2,639"
4907,"5,075"
4908,"4,392"
4909,"2,494"
4910,"5,690"
4911,"1,029"
4912,"2,983"
4913,"3,654"
4914,"3,734"
4915,"2,967"
4916,"3,307"
4917,"5,648"
4918,"2,105"
4919,"2,881"
4920,"4,172"
4921,"1,294"
4922,"2,571"
4923,"1,505"
4924,"2,043"
4925,"1,111"
4926,"1,360"
4927,"2,070"
4928,"1,339"
4929,"4,360"
4930,"1,097"
4931,"1,652"
4932,"2,580"
4933,"1,212"
4934,"3,977"
4935,834
4936,763
4937,"1,962"
4938,"1,006"
4939,969
4940,"3,295"
4941,"1,074"
4942,"2,441"
4943,493
4944,"1,666"
4945,590
4946,649
4947,815
4948,546
4949,"1,066"
4950,"1,209"
4951,869
4952,"1,517"
4953,606
4954,507
4955,"1,095"
4956,656
4957,"1,314"
4958,571
4959,"1,410"
4960,771
4961,"1,052"
4962,769
4963,"1,566"
4964,"1,012"
4965,834
4966,"1,242"
4967,341
4968,711
4969,926
4970,"2,144"
4971,"2,318"
4972,836
4973,487
4974,675
4975,"1,108"
4976,690
4977,"1,292"
4978,364
4979,937
4980,846
4981,777
4982,936
4983,779
4984,"1,286"
4985,775
4986,963
4987,583
4988,"1,282"
4989,"1,138"
4990,638
4991,333
4992,517
4993,421
4994,516
4995,233
4996,"1,143"
4997,729
4998,235
4999,488
5000,574
5001,"1,008"
5002,"1,118"
5003,332
5004,207
5005,433
5006,590
5007,312
5008,930
5009,504
5010,206
5011,270
5012,864
5013,380
5014,110
5015,285
5016,250
5017,312
5018,157
5019,171
5020,141
5021,81
5022,462
5023,181
5024,525
5025,128
5026,108
5027,215
5028,115
5029,213
5030,712
5031,382
5032,99
5033,327
5034,297
5035,264
5036,249
5037,396
5038,185
5039,781033
5040,490659
5041,123812
5042,178664
5043,186914
5044,278748
5045,207164
5046,"68,280"
5047,154594
5048,"81,548"
5049,179402
5050,"78,887"
5051,"46,107"
5052,146039
5053,"83,474"
5054,"85,457"
5055,"27,173"
5056,"65,322"
5057,"98,396"
5058,"53,076"
5059,"78,466"
5060,"28,896"
5061,"25,423"
5062,"24,210"
5063,"39,740"
5064,"35,833"
5065,"42,182"
5066,"17,548"
5067,"44,234"
5068,"28,941"
5069,"21,106"
5070,"19,807"
5071,"16,606"
5072,"16,559"
5073,"16,186"
5074,"13,689"
5075,"16,450"
5076,"13,744"
5077,"38,143"
5078,"34,011"
5079,"13,325"
5080,"21,646"
5081,"11,997"
5082,"24,931"
5083,"5,793"
5084,"10,320"
5085,"31,422"
5086,"6,918"
5087,"7,009"
5088,"13,930"
5089,"15,367"
5090,"13,989"
5091,"27,137"
5092,"19,489"
5093,"7,007"
5094,"5,904"
5095,"22,846"
5096,"14,225"
5097,"9,345"
5098,"12,581"
5099,"5,415"
5100,"8,270"
5101,"7,470"
5102,"10,550"
5103,"4,973"
5104,"17,390"
5105,"5,352"
5106,"5,519"
5107,"4,853"
5108,"4,466"
5109,"4,684"
5110,"9,525"
5111,"8,742"
5112,"4,045"
5113,"8,804"
5114,"6,730"
5115,"6,168"
5116,"6,152"
5117,"11,374"
5118,"12,567"
5119,"6,311"
5120,"12,013"
5121,"10,994"
5122,"2,533"
5123,"6,721"
5124,"3,470"
5125,"3,663"
5126,"5,515"
5127,"8,019"
5128,"6,312"
5129,"2,031"
5130,"6,822"
5131,"8,940"
5132,"5,216"
5133,"3,694"
5134,"5,636"
5135,"2,031"
5136,"4,508"
5137,"4,049"
5138,"3,458"
5139,"3,499"
5140,"3,110"
5141,"2,416"
5142,"4,607"
5143,"2,545"
5144,"2,032"
5145,"2,458"
5146,"2,933"
5147,"3,050"
5148,"2,513"
5149,"2,835"
5150,"3,433"
5151,"3,027"
5152,"5,864"
5153,"3,584"
5154,"3,583"
5155,"4,097"
5156,"4,330"
5157,"2,498"
5158,"3,268"
5159,"1,622"
5160,"3,392"
5161,"3,017"
5162,905
5163,"1,628"
5164,"1,937"
5165,"1,177"
5166,"2,768"
5167,"5,414"
5168,"1,306"
5169,"3,818"
5170,"3,995"
5171,"1,591"
5172,"2,780"
5173,"1,418"
5174,"2,154"
5175,"2,279"
5176,"4,801"
5177,"3,904"
5178,"2,367"
5179,"1,366"
5180,"2,680"
5181,881
5182,"1,162"
5183,956
5184,"1,412"
5185,"1,349"
5186,840
5187,"1,454"
5188,"2,313"
5189,"1,008"
5190,627
5191,"1,186"
5192,920
5193,793
5194,"1,426"
5195,"3,086"
5196,869
5197,"1,606"
5198,"2,796"
5199,"1,079"
5200,882
5201,"1,162"
5202,578
5203,498
5204,551
5205,"1,482"
5206,"1,409"
5207,"2,058"
5208,898
5209,485
5210,337
5211,901
5212,"2,098"
5213,806
5214,"1,015"
5215,"1,008"
5216,704
5217,787
5218,"1,264"
5219,433
5220,869
5221,"1,398"
5222,790
5223,590
5224,447
5225,"1,256"
5226,738
5227,636
5228,364
5229,777
5230,944
5231,969
5232,596
5233,279
5234,655
5235,749
5236,530
5237,539
5238,767
5239,434
5240,825
5241,420
5242,191
5243,173
5244,371
5245,358
5246,327
5247,662
5248,230
5249,"1,069"
5250,286
5251,844
5252,221
5253,593
5254,228
5255,584
5256,310
5257,275
5258,227
5259,382
5260,316
5261,571
5262,168
5263,131
5264,738
5265,299
5266,208
5267,155
5268,82
5269,436
5270,606
5271,536
5272,121
5273,105
5274,283
5275,112
5276,388
5277,642
5278,120
5279,234
5280,238
5281,789633
5282,499757
5283,140590
5284,160382
5285,180976
5286,256814
5287,193359
5288,"90,739"
5289,162705
5290,"48,504"
5291,"72,713"
5292,146456
5293,"43,157"
5294,"29,298"
5295,118211
5296,"75,982"
5297,"99,333"
5298,"89,362"
5299,"61,403"
5300,"55,437"
5301,"60,228"
5302,"26,789"
5303,"25,996"
5304,"34,913"
5305,"36,408"
5306,"16,444"
5307,"19,416"
5308,"41,742"
5309,"28,115"
5310,"20,950"
5311,"18,564"
5312,"16,239"
5313,"17,149"
5314,"44,198"
5315,"13,822"
5316,"13,204"
5317,"9,687"
5318,"10,869"
5319,"20,998"
5320,"12,358"
5321,"20,774"
5322,"12,140"
5323,"24,275"
5324,"5,719"
5325,"13,603"
5326,"15,591"
5327,"6,153"
5328,"10,272"
5329,"22,957"
5330,"7,273"
5331,"16,715"
5332,"5,994"
5333,"22,631"
5334,"5,716"
5335,"6,071"
5336,"17,727"
5337,"5,581"
5338,"8,817"
5339,"7,314"
5340,"4,345"
5341,"7,962"
5342,"7,610"
5343,"5,333"
5344,"9,546"
5345,"6,390"
5346,"9,078"
5347,"8,775"
5348,"4,145"
5349,"4,024"
5350,"9,318"
5351,"5,722"
5352,"8,385"
5353,"3,987"
5354,"7,768"
5355,"3,319"
5356,"12,923"
5357,"8,829"
5358,"10,981"
5359,"6,414"
5360,"10,996"
5361,"12,666"
5362,"3,510"
5363,"2,441"
5364,"6,684"
5365,"4,610"
5366,"3,344"
5367,"4,462"
5368,"3,125"
5369,"7,418"
5370,"5,985"
5371,"7,577"
5372,"4,766"
5373,"7,351"
5374,"5,228"
5375,"3,489"
5376,"3,472"
5377,"8,244"
5378,"1,965"
5379,"4,812"
5380,"1,431"
5381,"3,435"
5382,"2,143"
5383,"3,285"
5384,"2,275"
5385,"3,042"
5386,"4,924"
5387,"3,519"
5388,"5,756"
5389,"2,141"
5390,"2,575"
5391,"2,482"
5392,"2,252"
5393,"1,700"
5394,"3,079"
5395,"3,883"
5396,"3,242"
5397,"2,772"
5398,"2,834"
5399,"1,792"
5400,"1,296"
5401,"1,483"
5402,"1,485"
5403,"4,920"
5404,"5,101"
5405,"2,072"
5406,788
5407,"1,827"
5408,"1,893"
5409,"1,626"
5410,"3,355"
5411,"1,396"
5412,"1,281"
5413,"1,323"
5414,"2,157"
5415,"3,763"
5416,"2,136"
5417,804
5418,807
5419,"1,070"
5420,"1,048"
5421,"1,608"
5422,641
5423,"1,460"
5424,"1,269"
5425,"1,493"
5426,"1,590"
5427,"1,797"
5428,592
5429,628
5430,"1,195"
5431,802
5432,585
5433,874
5434,929
5435,622
5436,"2,723"
5437,"1,013"
5438,684
5439,"1,393"
5440,"1,066"
5441,910
5442,"1,356"
5443,713
5444,779
5445,340
5446,"1,113"
5447,374
5448,824
5449,571
5450,419
5451,"1,459"
5452,372
5453,695
5454,281
5455,257
5456,943
5457,452
5458,998
5459,353
5460,919
5461,442
5462,287
5463,421
5464,652
5465,453
5466,252
5467,512
5468,495
5469,"1,015"
5470,266
5471,222
5472,546
5473,604
5474,558
5475,365
5476,480
5477,588
5478,301
5479,395
5480,528
5481,649
5482,606
5483,546
5484,169
5485,710
5486,156
5487,377
5488,317
5489,157
5490,185
5491,546
5492,83
5493,143
5494,597
5495,333
5496,236
5497,110
5498,154
5499,173
5500,520
5501,143
5502,94
5503,158
5504,175
5505,345
5506,782479
5507,501907
5508,150162
5509,141003
5510,173409
5511,236732
5512,"94,099"
5513,174444
5514,167026
5515,"66,098"
5516,"29,783"
5517,"39,451"
5518,"33,653"
5519,116732
5520,"97,082"
5521,"55,606"
5522,"96,160"
5523,"57,338"
5524,"93,285"
5525,"65,782"
5526,"25,909"
5527,"23,223"
5528,"42,153"
5529,"32,711"
5530,"30,517"
5531,"26,845"
5532,"15,010"
5533,"38,240"
5534,"20,571"
5535,"17,473"
5536,"15,799"
5537,"15,333"
5538,"17,164"
5539,"48,565"
5540,"12,287"
5541,"10,983"
5542,"19,984"
5543,"11,244"
5544,"11,829"
5545,"22,573"
5546,"17,841"
5547,"5,522"
5548,"7,679"
5549,"13,006"
5550,"11,037"
5551,"6,149"
5552,"5,487"
5553,"6,360"
5554,"5,685"
5555,"5,919"
5556,"11,871"
5557,"22,247"
5558,"8,180"
5559,"8,981"
5560,"14,187"
5561,"4,554"
5562,"5,013"
5563,"18,226"
5564,"5,163"
5565,"7,136"
5566,"8,633"
5567,"4,871"
5568,"9,310"
5569,"5,371"
5570,"5,252"
5571,"7,437"
5572,"8,140"
5573,"7,579"
5574,"5,227"
5575,"6,177"
5576,"3,500"
5577,"9,972"
5578,"3,011"
5579,"2,351"
5580,"3,271"
5581,"8,015"
5582,"9,571"
5583,"2,726"
5584,"3,111"
5585,"3,745"
5586,"9,613"
5587,"4,836"
5588,"4,528"
5589,"5,748"
5590,"3,037"
5591,"3,206"
5592,"3,283"
5593,"4,801"
5594,"4,462"
5595,"5,846"
5596,"7,366"
5597,"3,240"
5598,"1,732"
5599,"4,168"
5600,"4,739"
5601,"2,149"
5602,"5,353"
5603,"4,261"
5604,"5,064"
5605,"4,752"
5606,"1,660"
5607,"2,661"
5608,"1,062"
5609,"2,532"
5610,"5,394"
5611,"2,667"
5612,"1,713"
5613,"2,978"
5614,"1,769"
5615,"2,848"
5616,"2,108"
5617,"4,777"
5618,"2,054"
5619,"1,311"
5620,"1,509"
5621,"2,893"
5622,"5,159"
5623,"2,199"
5624,"1,420"
5625,"1,822"
5626,"2,772"
5627,"1,539"
5628,981
5629,"4,817"
5630,"2,211"
5631,"4,254"
5632,"2,096"
5633,"1,804"
5634,"1,387"
5635,"1,412"
5636,673
5637,"1,120"
5638,"1,497"
5639,"1,445"
5640,"1,702"
5641,652
5642,"1,979"
5643,"1,280"
5644,"2,469"
5645,"1,065"
5646,658
5647,716
5648,492
5649,"1,346"
5650,736
5651,450
5652,"1,168"
5653,477
5654,836
5655,550
5656,"1,410"
5657,"2,590"
5658,675
5659,840
5660,"1,340"
5661,490
5662,440
5663,"1,454"
5664,483
5665,372
5666,610
5667,951
5668,547
5669,525
5670,634
5671,388
5672,262
5673,602
5674,509
5675,280
5676,576
5677,722
5678,505
5679,261
5680,241
5681,506
5682,821
5683,921
5684,246
5685,185
5686,920
5687,501
5688,745
5689,295
5690,813
5691,"1,018"
5692,169
5693,494
5694,174
5695,225
5696,228
5697,278
5698,163
5699,351
5700,174
5701,319
5702,511
5703,236
5704,170
5705,611
5706,362
5707,207
5708,80
5709,164
5710,184
5711,193
5712,220
5713,77
5714,118
5715,333
5716,248
5717,274
5718,331
5719,100
5720,259
5721,488318
5722,745296
5723,150811
5724,120211
5725,160288
5726,"93,280"
5727,212813
5728,165507
5729,157673
5730,"28,816"
5731,"57,880"
5732,"33,664"
5733,100224
5734,"53,337"
5735,"88,798"
5736,"86,258"
5737,"53,149"
5738,"24,658"
5739,"22,055"
5740,"56,543"
5741,"71,481"
5742,"29,660"
5743,"19,255"
5744,"35,381"
5745,"23,999"
5746,"19,466"
5747,"51,615"
5748,"13,396"
5749,"24,691"
5750,"16,412"
5751,"16,131"
5752,"14,951"
5753,"26,182"
5754,"11,136"
5755,"11,152"
5756,"18,075"
5757,"19,034"
5758,"9,195"
5759,"11,073"
5760,"10,105"
5761,"8,500"
5762,"20,099"
5763,"12,202"
5764,"11,291"
5765,"14,542"
5766,"5,260"
5767,"9,939"
5768,"5,888"
5769,"5,485"
5770,"4,593"
5771,"9,514"
5772,"20,821"
5773,"9,647"
5774,"4,529"
5775,"3,805"
5776,"4,996"
5777,"6,755"
5778,"11,746"
5779,"8,600"
5780,"5,992"
5781,"8,487"
5782,"3,944"
5783,"9,263"
5784,"7,859"
5785,"5,730"
5786,"4,514"
5787,"3,473"
5788,"3,334"
5789,"8,642"
5790,"12,449"
5791,"8,090"
5792,"4,427"
5793,"3,605"
5794,"8,955"
5795,"3,837"
5796,"5,954"
5797,"4,178"
5798,"2,145"
5799,"2,769"
5800,"4,649"
5801,"3,159"
5802,"7,797"
5803,"2,512"
5804,"8,292"
5805,"2,710"
5806,"1,903"
5807,"3,254"
5808,"5,402"
5809,"6,246"
5810,"1,551"
5811,"2,082"
5812,"3,495"
5813,"2,997"
5814,"2,123"
5815,"1,675"
5816,"3,795"
5817,"1,628"
5818,"2,192"
5819,"4,877"
5820,"2,820"
5821,"5,771"
5822,"2,736"
5823,"3,150"
5824,"2,647"
5825,"2,140"
5826,"1,497"
5827,"2,012"
5828,"1,949"
5829,"5,221"
5830,"1,570"
5831,"1,295"
5832,"1,939"
5833,"3,262"
5834,"1,397"
5835,"2,590"
5836,"1,137"
5837,634
5838,"1,567"
5839,"1,207"
5840,"1,215"
5841,"2,521"
5842,"1,373"
5843,"1,245"
5844,"1,283"
5845,"3,435"
5846,569
5847,"1,440"
5848,629
5849,"1,683"
5850,"1,432"
5851,"1,751"
5852,530
5853,967
5854,784
5855,"2,813"
5856,"1,859"
5857,399
5858,680
5859,902
5860,475
5861,793
5862,554
5863,983
5864,476
5865,742
5866,460
5867,821
5868,609
5869,288
5870,"1,377"
5871,413
5872,614
5873,"1,128"
5874,"1,338"
5875,821
5876,423
5877,"1,244"
5878,802
5879,"1,112"
5880,561
5881,334
5882,344
5883,278
5884,238
5885,292
5886,235
5887,422
5888,474
5889,326
5890,214
5891,278
5892,211
5893,267
5894,185
5895,200
5896,153
5897,159
5898,151
5899,178
5900,467
5901,246
5902,398
5903,326
5904,506
5905,351
5906,159
5907,286
5908,73
5909,163
5910,101
5911,278
5912,126
5913,423
5914,453
5915,196
5916,242
5917,109
5918,489732
5919,733531
5920,150663
5921,105185
5922,"92,530"
5923,152217
5924,196224
5925,163289
5926,153292
5927,"28,664"
5928,"51,976"
5929,103142
5930,"51,720"
5931,"26,771"
5932,"50,051"
5933,"24,245"
5934,"72,282"
5935,"63,942"
5936,"48,281"
5937,"55,940"
5938,"25,236"
5939,"16,534"
5940,"34,239"
5941,"19,612"
5942,"48,195"
5943,"15,289"
5944,"15,660"
5945,"12,114"
5946,"14,173"
5947,"19,650"
5948,"12,030"
5949,"11,799"
5950,"17,874"
5951,"10,402"
5952,"20,473"
5953,"17,726"
5954,"15,436"
5955,"10,634"
5956,"9,454"
5957,"12,014"
5958,"7,787"
5959,"10,868"
5960,"13,344"
5961,"13,736"
5962,"4,984"
5963,"17,552"
5964,"9,935"
5965,"5,789"
5966,"5,479"
5967,"10,611"
5968,"6,163"
5969,"4,708"
5970,"10,122"
5971,"7,147"
5972,"18,971"
5973,"3,709"
5974,"11,634"
5975,"6,711"
5976,"4,881"
5977,"9,317"
5978,"8,435"
5979,"5,461"
5980,"9,889"
5981,"4,316"
5982,"7,364"
5983,"3,224"
5984,"9,107"
5985,"4,094"
5986,"7,532"
5987,"5,137"
5988,"2,935"
5989,"8,619"
5990,"3,595"
5991,"2,069"
5992,"4,770"
5993,"2,212"
5994,"9,164"
5995,"4,048"
5996,"3,517"
5997,"4,121"
5998,"2,477"
5999,"3,523"
6000,"5,117"
6001,"3,314"
6002,"5,739"
6003,"6,093"
6004,"1,892"
6005,"2,151"
6006,"7,239"
6007,"1,916"
6008,"6,947"
6009,"3,142"
6010,"3,811"
6011,"3,643"
6012,"1,210"
6013,"5,011"
6014,"1,639"
6015,"1,602"
6016,"2,921"
6017,"2,641"
6018,"2,672"
6019,"4,644"
6020,"2,033"
6021,"1,573"
6022,"5,166"
6023,"1,136"
6024,"1,216"
6025,"1,609"
6026,"1,303"
6027,"1,492"
6028,"1,223"
6029,"1,711"
6030,"1,132"
6031,"1,641"
6032,914
6033,"2,209"
6034,913
6035,"1,444"
6036,"2,357"
6037,"3,343"
6038,"1,111"
6039,891
6040,935
6041,"1,118"
6042,539
6043,"1,203"
6044,"3,099"
6045,"1,787"
6046,"1,000"
6047,"2,145"
6048,"2,115"
6049,891
6050,779
6051,665
6052,408
6053,390
6054,668
6055,510
6056,761
6057,721
6058,428
6059,291
6060,"1,390"
6061,510
6062,"1,474"
6063,"1,256"
6064,805
6065,811
6066,432
6067,291
6068,304
6069,333
6070,355
6071,390
6072,273
6073,770
6074,264
6075,675
6076,439
6077,165
6078,230
6079,219
6080,433
6081,345
6082,222
6083,313
6084,166
6085,292
6086,167
6087,361
6088,215
6089,229
6090,272
6091,459
6092,294
6093,129
6094,88
6095,158
6096,160
6097,150
6098,482
6099,247
6100,416
6101,251
