,Male
0,814172
1,554879
2,483216
3,241287
4,408016
5,216333
6,178698
7,357452
8,143218
9,242188
10,102708
11,209379
12,137907
13,209476
14,202037
15,211510
16,105551
17,144962
18,132728
19,"99,472"
20,145377
21,109408
22,103719
23,
24,118279
25,"78,551"
26,104996
27,138584
28,123806
29,125070
30,"85,989"
31,"74,717"
32,
33,112207
34,107520
35,"79,290"
36,110428
37,"30,349"
38,"55,510"
39,"78,034"
40,"79,604"
41,"79,604"
42,"79,604"
43,"79,604"
44,"29,548"
45,"59,395"
46,"59,395"
47,"84,741"
48,"32,821"
49,"33,395"
50,"39,242"
51,"39,242"
52,"85,861"
53,"36,803"
54,
55,"54,195"
56,"65,505"
57,"79,176"
58,"51,517"
59,"74,157"
60,"47,900"
61,"71,632"
62,"30,691"
63,"34,918"
64,"60,515"
65,
66,"50,045"
67,"52,309"
68,"45,707"
69,"66,613"
70,"29,852"
71,"34,789"
72,"47,251"
73,"50,801"
74,"41,148"
75,"41,148"
76,"59,903"
77,"38,039"
78,"41,330"
79,"16,475"
80,"36,610"
81,"39,067"
82,"45,819"
83,"24,663"
84,"34,682"
85,"37,398"
86,"46,504"
87,"24,389"
88,"41,540"
89,"38,415"
90,"41,358"
91,"46,997"
92,"37,450"
93,"21,062"
94,"41,096"
95,"26,734"
96,"24,741"
97,"31,973"
98,"35,260"
99,"32,328"
100,"40,589"
101,"21,142"
102,"31,244"
103,"43,857"
104,"17,678"
105,"20,915"
106,"35,411"
107,"27,761"
108,"29,616"
109,"36,990"
110,"29,574"
111,"31,223"
112,"26,579"
113,"33,777"
114,"28,059"
115,"24,013"
116,"23,104"
117,"19,092"
118,"17,738"
119,"26,706"
120,"25,441"
121,"29,960"
122,"30,739"
123,"27,537"
124,"26,909"
125,"23,509"
126,"23,214"
127,"22,644"
128,"13,875"
129,"25,331"
130,"13,057"
131,"13,701"
132,"19,477"
133,"19,359"
134,"20,969"
135,"19,343"
136,"17,725"
137,"10,220"
138,"14,101"
139,"9,404"
140,"20,033"
141,"12,629"
142,"17,213"
143,"15,999"
144,"11,079"
145,"15,843"
146,"17,313"
147,"20,604"
148,"14,157"
149,"13,551"
150,"13,520"
151,"8,828"
152,"18,660"
153,"13,708"
154,"13,273"
155,"12,385"
156,"16,259"
157,"14,659"
158,"14,370"
159,"9,623"
160,"10,925"
161,"13,424"
162,"12,761"
163,"16,634"
164,"13,570"
165,"13,236"
166,"13,365"
167,"14,059"
168,"7,901"
169,"16,399"
170,"11,663"
171,"10,717"
172,"13,244"
173,"11,552"
174,"11,658"
175,"15,286"
176,"10,315"
177,"14,400"
178,"6,154"
179,"6,015"
180,"12,773"
181,"11,730"
182,"6,660"
183,"14,930"
184,"9,477"
185,"9,531"
186,"6,539"
187,"12,431"
188,"7,516"
189,"9,579"
190,"10,078"
191,"9,000"
192,"6,376"
193,"10,252"
194,"6,266"
195,"6,945"
196,"10,247"
197,"9,004"
198,"10,398"
199,"10,034"
200,"10,882"
201,"11,265"
202,"5,142"
203,"6,012"
204,"8,910"
205,"4,700"
206,"7,167"
207,"5,141"
208,"7,690"
209,"7,343"
210,"2,304"
211,"7,729"
212,"9,143"
213,"7,314"
214,"9,003"
215,"8,102"
216,"10,660"
217,"6,065"
218,"9,293"
219,"4,800"
220,"8,948"
221,"6,436"
222,"4,946"
223,"4,903"
224,"7,738"
225,"6,043"
226,"8,781"
227,"5,504"
228,"3,867"
229,"5,205"
230,"7,602"
231,"5,701"
232,"6,393"
233,"5,690"
234,"6,096"
235,"5,001"
236,"6,659"
237,"6,234"
238,"5,033"
239,"6,702"
240,"4,955"
241,"6,675"
242,"6,851"
243,"4,259"
244,"3,137"
245,"4,896"
246,"5,710"
247,"4,395"
248,"4,829"
249,"4,563"
250,"4,639"
251,"5,864"
252,"6,232"
253,"5,685"
254,"4,587"
255,"4,708"
256,"4,220"
257,"3,061"
258,"5,657"
259,"5,246"
260,"3,218"
261,"5,649"
262,"3,090"
263,"4,891"
264,"4,841"
265,"3,984"
266,"3,634"
267,"4,892"
268,"3,819"
269,"3,972"
270,"4,321"
271,"3,555"
272,"4,985"
273,"4,371"
274,"4,060"
275,"3,537"
276,"4,054"
277,"3,028"
278,"2,351"
279,"3,240"
280,"4,463"
281,"3,669"
282,"3,014"
283,"4,192"
284,"3,793"
285,"3,389"
286,"3,722"
287,"2,025"
288,"1,693"
289,"3,715"
290,"3,321"
291,"2,305"
292,"3,063"
293,"2,897"
294,"2,709"
295,"2,672"
296,"3,085"
297,"2,732"
298,"3,439"
299,"3,354"
300,"2,934"
301,"2,363"
302,"2,805"
303,"3,327"
304,"2,855"
305,"1,935"
306,"3,101"
307,"1,837"
308,"2,194"
309,"2,209"
310,"1,979"
311,"2,317"
312,"2,146"
313,"1,712"
314,"2,377"
315,"2,299"
316,"2,608"
317,"2,226"
318,"2,631"
319,756
320,"2,089"
321,"2,362"
322,"2,452"
323,"1,782"
324,"1,887"
325,"2,179"
326,"2,484"
327,"1,376"
328,"2,267"
329,"2,352"
330,"1,823"
331,"1,828"
332,"1,873"
333,"1,382"
334,"2,096"
335,"1,592"
336,"1,354"
337,"1,623"
338,"1,524"
339,"1,580"
340,"2,034"
341,"1,391"
342,"1,924"
343,"1,812"
344,"1,546"
345,"1,576"
346,"1,507"
347,"1,576"
348,"1,757"
349,"1,573"
350,"1,624"
351,"1,490"
352,"1,240"
353,"1,739"
354,"1,708"
355,"1,882"
356,572
357,"1,558"
358,"1,748"
359,"1,754"
360,"1,766"
361,"1,449"
362,"1,358"
363,"1,196"
364,"1,639"
365,543
366,754
367,"1,527"
368,786
369,"1,398"
370,"1,409"
371,"1,264"
372,"1,162"
373,"1,492"
374,"1,193"
375,"1,386"
376,"1,109"
377,"1,532"
378,"1,476"
379,770
380,"1,096"
381,"1,433"
382,"1,461"
383,938
384,"1,270"
385,"1,264"
386,843
387,"1,105"
388,"1,121"
389,816
390,679
391,"1,141"
392,"1,056"
393,793
394,"1,118"
395,528
396,987
397,848
398,"1,008"
399,975
400,786
401,675
402,990
403,882
404,786
405,770
406,830
407,605
408,928
409,781
410,796190
411,533595
412,471514
413,245569
414,402404
415,209196
416,186795
417,388535
418,151025
419,225326
420,105612
421,244214
422,127757
423,200376
424,212442
425,198805
426,138974
427,158473
428,"94,625"
429,"98,150"
430,131091
431,111626
432,101816
433,114197
434,"71,533"
435,"85,622"
436,128052
437,136621
438,114999
439,"82,971"
440,118619
441,"88,331"
442,"69,228"
443,106494
444,"51,512"
445,"94,411"
446,"88,266"
447,"57,846"
448,"71,223"
449,"66,910"
450,"25,022"
451,"80,809"
452,"80,938"
453,"51,565"
454,"55,455"
455,"79,932"
456,"80,960"
457,"28,808"
458,"47,502"
459,"50,901"
460,"62,488"
461,"46,762"
462,"33,457"
463,"29,302"
464,"60,942"
465,"70,401"
466,"48,036"
467,"32,927"
468,"33,203"
469,"49,655"
470,"43,118"
471,"61,464"
472,"27,305"
473,"44,024"
474,"27,246"
475,"60,125"
476,"31,900"
477,"40,144"
478,"50,957"
479,"15,748"
480,"53,513"
481,"46,180"
482,"38,145"
483,"36,370"
484,"44,621"
485,"44,046"
486,"39,339"
487,"24,971"
488,"32,920"
489,"41,320"
490,"36,270"
491,"42,242"
492,"21,391"
493,"31,972"
494,"23,022"
495,"33,840"
496,"21,401"
497,"30,071"
498,"39,156"
499,"17,302"
500,"36,186"
501,"27,360"
502,"26,230"
503,"21,175"
504,"30,561"
505,"28,459"
506,"25,673"
507,"28,040"
508,"26,102"
509,"25,342"
510,"28,811"
511,"34,071"
512,"24,389"
513,"30,041"
514,"29,522"
515,"15,328"
516,"25,664"
517,"22,223"
518,"32,310"
519,"22,209"
520,"26,700"
521,"20,343"
522,"24,087"
523,"29,319"
524,"19,790"
525,"12,866"
526,"20,696"
527,"25,713"
528,"15,348"
529,"21,659"
530,"16,257"
531,"18,353"
532,"11,917"
533,"13,694"
534,"16,828"
535,"17,019"
536,"13,486"
537,"13,704"
538,"9,662"
539,"18,193"
540,"19,736"
541,"19,388"
542,"16,898"
543,"8,658"
544,"9,204"
545,"13,523"
546,"12,762"
547,"19,018"
548,"15,165"
549,"13,174"
550,"9,972"
551,"12,542"
552,"11,717"
553,"12,874"
554,"13,628"
555,"15,266"
556,"12,914"
557,"13,806"
558,"13,293"
559,"9,308"
560,"10,578"
561,"15,878"
562,"15,426"
563,"12,611"
564,"9,604"
565,"12,911"
566,"10,101"
567,"15,505"
568,"13,832"
569,"11,275"
570,"6,133"
571,"13,101"
572,"10,481"
573,"9,969"
574,"14,972"
575,"11,396"
576,"7,561"
577,"11,576"
578,"6,981"
579,"9,912"
580,"6,484"
581,"13,837"
582,"5,786"
583,"11,314"
584,"10,304"
585,"11,682"
586,"10,991"
587,"11,166"
588,"9,404"
589,"5,880"
590,"10,578"
591,"10,495"
592,"8,465"
593,"9,185"
594,"11,854"
595,"6,213"
596,"7,669"
597,"7,999"
598,"8,559"
599,"10,530"
600,"5,446"
601,"2,120"
602,"7,187"
603,"7,741"
604,"5,074"
605,"8,265"
606,"9,249"
607,"8,430"
608,"6,007"
609,"8,810"
610,"4,471"
611,"9,333"
612,"6,703"
613,"6,996"
614,"7,870"
615,"4,380"
616,"7,405"
617,"9,618"
618,"5,000"
619,"6,017"
620,"5,585"
621,"5,239"
622,"7,787"
623,"8,700"
624,"5,040"
625,"7,590"
626,"8,088"
627,"4,035"
628,"7,716"
629,"5,584"
630,"8,506"
631,"5,613"
632,"7,853"
633,"5,829"
634,"3,960"
635,"6,369"
636,"5,079"
637,"6,134"
638,"7,068"
639,"5,148"
640,"5,155"
641,"6,395"
642,"6,410"
643,"3,170"
644,"4,488"
645,"6,455"
646,"5,825"
647,"4,738"
648,"6,298"
649,"3,408"
650,"4,403"
651,"4,513"
652,"3,140"
653,"5,844"
654,"5,128"
655,"5,486"
656,"4,943"
657,"3,835"
658,"4,707"
659,"2,725"
660,"4,988"
661,"4,954"
662,"4,980"
663,"3,903"
664,"3,529"
665,"3,201"
666,"3,594"
667,"4,728"
668,"3,922"
669,"3,308"
670,"3,117"
671,"4,700"
672,"2,884"
673,"3,362"
674,"3,243"
675,"3,349"
676,"2,592"
677,"4,386"
678,"3,120"
679,"3,098"
680,"3,886"
681,"3,386"
682,"3,694"
683,"4,020"
684,"2,819"
685,"3,059"
686,"1,965"
687,"2,917"
688,"1,961"
689,"3,048"
690,"3,126"
691,"2,488"
692,"2,917"
693,"2,667"
694,"3,310"
695,"3,058"
696,"2,674"
697,"2,359"
698,"2,328"
699,"2,081"
700,"2,192"
701,"2,215"
702,"2,807"
703,"2,229"
704,"2,664"
705,"3,175"
706,"1,751"
707,"2,292"
708,"2,563"
709,"2,819"
710,"1,526"
711,"2,021"
712,"2,419"
713,"2,482"
714,"2,245"
715,"2,372"
716,"2,252"
717,"2,299"
718,"2,085"
719,"2,569"
720,"2,700"
721,"2,037"
722,"1,731"
723,"2,569"
724,"2,598"
725,"2,357"
726,"1,959"
727,"1,375"
728,"2,161"
729,"2,177"
730,"2,189"
731,"1,624"
732,"1,755"
733,"2,233"
734,"1,975"
735,"1,619"
736,"1,860"
737,"1,980"
738,"1,604"
739,"1,489"
740,"1,689"
741,"1,976"
742,"1,606"
743,"1,857"
744,"1,672"
745,"1,609"
746,"1,485"
747,"1,889"
748,"1,314"
749,"1,820"
750,579
751,"1,259"
752,"1,847"
753,774
754,"1,265"
755,552
756,884
757,"1,593"
758,"1,507"
759,"1,671"
760,"1,517"
761,964
762,"1,166"
763,"1,083"
764,903
765,705
766,"1,312"
767,"1,399"
768,"1,104"
769,"1,247"
770,"1,272"
771,"1,262"
772,"1,074"
773,887
774,"1,211"
775,"1,193"
776,"1,021"
777,"1,179"
778,"1,093"
779,752
780,667
781,"1,043"
782,"1,120"
783,850
784,747
785,484
786,745
787,926
788,"1,106"
789,939
790,"1,095"
791,"1,059"
792,723
793,748
794,825
795,712
796,844
797,"1,026"
798,997
799,826
800,581
801,828
802,736
803,291
804,771554
805,523545
806,460814
807,251904
808,400861
809,192959
810,203850
811,416063
812,158671
813,241474
814,108637
815,245697
816,118678
817,169187
818,143057
819,212911
820,193345
821,195215
822,"91,010"
823,"85,168"
824,120182
825,117838
826,"95,847"
827,111645
828,131249
829,134919
830,"97,667"
831,"65,032"
832,117155
833,"80,964"
834,116331
835,"70,694"
836,"85,650"
837,"64,843"
838,"99,544"
839,"62,018"
840,"89,011"
841,"50,107"
842,"95,919"
843,"56,794"
844,"56,946"
845,"86,843"
846,"83,312"
847,"63,942"
848,"81,248"
849,"68,717"
850,"76,321"
851,"64,089"
852,"45,052"
853,"74,860"
854,"48,849"
855,"66,897"
856,"57,322"
857,"62,306"
858,"24,703"
859,"29,678"
860,"61,857"
861,"45,825"
862,"30,795"
863,"40,801"
864,"24,699"
865,"19,846"
866,"40,597"
867,"59,476"
868,"40,207"
869,"30,013"
870,"38,151"
871,"24,156"
872,"24,699"
873,"15,533"
874,"47,236"
875,"36,477"
876,"38,225"
877,"25,660"
878,"40,410"
879,"25,686"
880,"34,755"
881,"34,787"
882,"41,172"
883,"40,456"
884,"42,954"
885,"21,146"
886,"34,090"
887,"29,006"
888,"35,416"
889,"21,558"
890,"32,941"
891,"40,998"
892,"20,611"
893,"37,520"
894,"31,231"
895,"16,313"
896,"30,549"
897,"32,656"
898,"25,178"
899,"23,762"
900,"27,727"
901,"31,594"
902,"24,474"
903,"33,810"
904,"14,169"
905,"23,113"
906,"23,853"
907,"24,938"
908,"20,648"
909,"24,824"
910,"22,542"
911,"22,046"
912,"20,372"
913,"21,536"
914,"28,724"
915,"20,812"
916,"20,293"
917,"25,697"
918,"15,780"
919,"14,245"
920,"26,154"
921,"13,707"
922,"16,516"
923,"19,758"
924,"19,253"
925,"13,098"
926,"9,861"
927,"13,528"
928,"10,241"
929,"13,983"
930,"16,491"
931,"18,892"
932,"16,906"
933,"18,492"
934,"19,035"
935,"8,621"
936,"19,215"
937,"13,667"
938,"13,698"
939,"15,362"
940,"13,797"
941,"10,219"
942,"14,042"
943,"12,941"
944,"17,099"
945,"13,007"
946,"12,313"
947,"11,417"
948,"13,535"
949,"13,687"
950,"10,703"
951,"14,492"
952,"16,154"
953,"8,413"
954,"16,520"
955,"10,718"
956,"10,649"
957,"12,854"
958,"14,187"
959,"13,285"
960,"15,372"
961,"7,677"
962,"13,373"
963,"11,844"
964,"10,311"
965,"15,097"
966,"6,090"
967,"9,996"
968,"12,072"
969,"7,604"
970,"12,113"
971,"11,789"
972,"8,655"
973,"11,360"
974,"10,445"
975,"11,599"
976,"10,668"
977,"8,007"
978,"6,117"
979,"8,759"
980,"9,467"
981,"12,842"
982,"11,639"
983,"5,560"
984,"8,497"
985,"6,153"
986,"8,494"
987,"9,276"
988,"11,176"
989,"10,029"
990,"11,212"
991,"6,368"
992,"5,741"
993,"9,867"
994,"5,212"
995,"2,064"
996,"9,879"
997,"7,732"
998,"11,415"
999,"8,469"
1000,"6,944"
1001,"7,025"
1002,"9,881"
1003,"5,053"
1004,"7,931"
1005,"9,255"
1006,"5,549"
1007,"8,322"
1008,"5,033"
1009,"6,893"
1010,"5,514"
1011,"5,313"
1012,"7,651"
1013,"6,352"
1014,"8,577"
1015,"6,877"
1016,"5,039"
1017,"5,866"
1018,"3,826"
1019,"5,907"
1020,"6,584"
1021,"7,220"
1022,"8,240"
1023,"7,292"
1024,"7,102"
1025,"7,137"
1026,"7,616"
1027,"5,418"
1028,"5,450"
1029,"3,158"
1030,"5,963"
1031,"4,230"
1032,"5,750"
1033,"3,488"
1034,"5,023"
1035,"3,637"
1036,"5,803"
1037,"4,946"
1038,"6,557"
1039,"4,770"
1040,"6,072"
1041,"5,122"
1042,"6,356"
1043,"3,256"
1044,"5,213"
1045,"5,767"
1046,"2,943"
1047,"5,855"
1048,"5,318"
1049,"3,917"
1050,"4,005"
1051,"2,625"
1052,"5,411"
1053,"3,901"
1054,"4,845"
1055,"4,024"
1056,"4,976"
1057,"4,139"
1058,"4,815"
1059,"3,293"
1060,"3,452"
1061,"5,175"
1062,"3,712"
1063,"2,851"
1064,"3,437"
1065,"3,747"
1066,"3,089"
1067,"3,132"
1068,"3,411"
1069,"4,408"
1070,"4,137"
1071,"3,397"
1072,"3,691"
1073,"3,208"
1074,"3,492"
1075,"3,141"
1076,"3,243"
1077,"3,124"
1078,"3,631"
1079,"2,715"
1080,"2,891"
1081,"3,554"
1082,"3,774"
1083,"3,019"
1084,"3,264"
1085,"2,644"
1086,"2,763"
1087,"2,950"
1088,"2,899"
1089,"2,948"
1090,"2,294"
1091,"3,279"
1092,"2,241"
1093,"2,904"
1094,"1,716"
1095,"2,202"
1096,"1,825"
1097,"2,251"
1098,"2,368"
1099,"1,854"
1100,"2,172"
1101,"2,676"
1102,"2,804"
1103,"2,858"
1104,"2,263"
1105,"2,365"
1106,"2,693"
1107,"2,671"
1108,"2,213"
1109,"1,821"
1110,"1,989"
1111,"2,286"
1112,"2,200"
1113,"1,637"
1114,"1,349"
1115,"1,546"
1116,"2,367"
1117,"2,104"
1118,"2,225"
1119,"2,258"
1120,"2,071"
1121,"2,235"
1122,"1,741"
1123,"1,625"
1124,"1,272"
1125,"1,621"
1126,"2,123"
1127,"1,758"
1128,"1,931"
1129,"1,413"
1130,"1,043"
1131,"1,650"
1132,"1,554"
1133,"1,542"
1134,"1,410"
1135,"1,617"
1136,"1,419"
1137,"1,309"
1138,"1,864"
1139,"1,308"
1140,916
1141,764
1142,"1,755"
1143,540
1144,"1,259"
1145,"1,422"
1146,"1,296"
1147,993
1148,"1,602"
1149,"1,581"
1150,"1,410"
1151,"1,375"
1152,"1,528"
1153,"1,559"
1154,"1,049"
1155,"1,433"
1156,"1,373"
1157,"1,026"
1158,"1,077"
1159,470
1160,"1,248"
1161,"1,291"
1162,"1,150"
1163,"1,309"
1164,"1,273"
1165,"1,091"
1166,914
1167,"1,027"
1168,"1,215"
1169,"1,044"
1170,802
1171,838
1172,"1,069"
1173,953
1174,"1,120"
1175,800
1176,"1,083"
1177,749
1178,830
1179,821
1180,"1,101"
1181,"1,035"
1182,"1,042"
1183,975
1184,846
1185,"1,072"
1186,"1,003"
1187,572
1188,908
1189,964
1190,698
1191,962
1192,921
1193,608
1194,602
1195,685
1196,737225
1197,520479
1198,451080
1199,258405
1200,447663
1201,402366
1202,195791
1203,199588
1204,166609
1205,255189
1206,110107
1207,245788
1208,112400
1209,178716
1210,145149
1211,209388
1212,187583
1213,191779
1214,124092
1215,"83,601"
1216,109473
1217,"70,694"
1218,106811
1219,109602
1220,133115
1221,105854
1222,"90,171"
1223,134875
1224,121045
1225,"72,818"
1226,102885
1227,112052
1228,"58,454"
1229,113382
1230,"66,679"
1231,"75,759"
1232,"59,964"
1233,"87,224"
1234,"48,876"
1235,"94,595"
1236,"56,199"
1237,"93,147"
1238,"92,589"
1239,"58,385"
1240,"75,307"
1241,"66,138"
1242,"80,160"
1243,"76,869"
1244,"43,507"
1245,"54,632"
1246,"71,715"
1247,"46,140"
1248,"53,535"
1249,"62,377"
1250,"62,838"
1251,"54,188"
1252,"64,971"
1253,"29,724"
1254,"40,356"
1255,"37,729"
1256,"26,278"
1257,"41,454"
1258,"21,409"
1259,"48,759"
1260,"15,621"
1261,"21,005"
1262,"27,628"
1263,"40,682"
1264,"26,246"
1265,"32,971"
1266,"20,790"
1267,"21,425"
1268,"39,672"
1269,"31,138"
1270,"39,627"
1271,"39,118"
1272,"42,130"
1273,"14,548"
1274,"30,870"
1275,"21,012"
1276,"34,664"
1277,"42,433"
1278,"29,784"
1279,"32,756"
1280,"27,899"
1281,"21,357"
1282,"28,270"
1283,"38,293"
1284,"31,808"
1285,"20,002"
1286,"35,754"
1287,"25,875"
1288,"19,073"
1289,"32,068"
1290,"30,073"
1291,"24,543"
1292,"33,535"
1293,"25,745"
1294,"15,065"
1295,"35,805"
1296,"15,039"
1297,"25,438"
1298,"21,695"
1299,"22,194"
1300,"28,375"
1301,"22,018"
1302,"25,769"
1303,"19,865"
1304,"14,969"
1305,"11,065"
1306,"19,602"
1307,"20,679"
1308,"19,115"
1309,"18,424"
1310,"17,374"
1311,"12,893"
1312,"20,303"
1313,"17,486"
1314,"12,661"
1315,"18,974"
1316,"9,512"
1317,"17,822"
1318,"20,355"
1319,"14,173"
1320,"8,452"
1321,"14,810"
1322,"15,565"
1323,"15,561"
1324,"11,952"
1325,"17,517"
1326,"15,321"
1327,"15,046"
1328,"14,395"
1329,"12,357"
1330,"19,649"
1331,"15,519"
1332,"10,268"
1333,"16,002"
1334,"19,245"
1335,"11,468"
1336,"10,831"
1337,"12,208"
1338,"14,272"
1339,"12,382"
1340,"17,913"
1341,"12,395"
1342,"16,106"
1343,"16,836"
1344,"13,535"
1345,"12,349"
1346,"10,393"
1347,"8,293"
1348,"10,998"
1349,"12,105"
1350,"13,020"
1351,"13,381"
1352,"12,064"
1353,"12,888"
1354,"14,347"
1355,"13,168"
1356,"10,199"
1357,"10,553"
1358,"9,719"
1359,"15,292"
1360,"13,583"
1361,"13,068"
1362,"12,679"
1363,"7,570"
1364,"12,867"
1365,"9,314"
1366,"14,051"
1367,"12,692"
1368,"11,093"
1369,"13,611"
1370,"9,042"
1371,"10,411"
1372,"11,052"
1373,"12,224"
1374,"11,607"
1375,"10,796"
1376,"8,854"
1377,"8,695"
1378,"9,425"
1379,"5,256"
1380,"8,229"
1381,"5,239"
1382,"6,021"
1383,"7,561"
1384,"6,487"
1385,"1,878"
1386,"10,766"
1387,"7,280"
1388,"5,355"
1389,"5,825"
1390,"6,837"
1391,"6,276"
1392,"8,256"
1393,"4,544"
1394,"8,452"
1395,"9,087"
1396,"10,071"
1397,"8,950"
1398,"7,451"
1399,"4,959"
1400,"8,080"
1401,"8,232"
1402,"6,122"
1403,"7,462"
1404,"4,165"
1405,"8,186"
1406,"7,026"
1407,"7,175"
1408,"4,854"
1409,"7,334"
1410,"6,995"
1411,"5,878"
1412,"7,833"
1413,"5,454"
1414,"5,516"
1415,"5,196"
1416,"7,223"
1417,"5,282"
1418,"3,849"
1419,"5,031"
1420,"3,243"
1421,"3,931"
1422,"5,039"
1423,"6,957"
1424,"5,159"
1425,"2,938"
1426,"3,154"
1427,"5,387"
1428,"6,279"
1429,"5,293"
1430,"5,431"
1431,"4,720"
1432,"5,668"
1433,"3,608"
1434,"6,218"
1435,"4,801"
1436,"3,347"
1437,"5,579"
1438,"4,566"
1439,"5,707"
1440,"4,218"
1441,"5,696"
1442,"4,732"
1443,"4,161"
1444,"2,895"
1445,"3,349"
1446,"3,577"
1447,"4,739"
1448,"4,520"
1449,"3,528"
1450,"3,930"
1451,"3,615"
1452,"4,409"
1453,"3,526"
1454,"3,790"
1455,"4,556"
1456,"4,558"
1457,"3,581"
1458,"3,186"
1459,"3,059"
1460,"3,435"
1461,"3,220"
1462,"4,084"
1463,"4,133"
1464,"2,997"
1465,"3,393"
1466,"3,343"
1467,"3,075"
1468,"3,371"
1469,"3,509"
1470,"3,374"
1471,"3,359"
1472,"2,496"
1473,"2,135"
1474,"3,434"
1475,"2,016"
1476,"3,552"
1477,"2,615"
1478,"3,002"
1479,"2,345"
1480,"2,425"
1481,"2,219"
1482,"3,240"
1483,"2,480"
1484,"1,868"
1485,"3,093"
1486,"3,079"
1487,"2,167"
1488,"2,658"
1489,"2,611"
1490,"1,823"
1491,"3,001"
1492,"2,648"
1493,"2,874"
1494,"2,265"
1495,"2,682"
1496,"2,105"
1497,"1,378"
1498,"2,043"
1499,"2,489"
1500,"2,678"
1501,"2,668"
1502,"2,012"
1503,"1,465"
1504,"2,540"
1505,"2,103"
1506,"1,409"
1507,"1,967"
1508,"1,180"
1509,"2,014"
1510,"2,047"
1511,"1,946"
1512,"1,194"
1513,"1,272"
1514,"1,563"
1515,"1,731"
1516,"1,625"
1517,"1,822"
1518,"1,842"
1519,"1,866"
1520,"1,396"
1521,"1,898"
1522,"1,948"
1523,"1,914"
1524,"1,329"
1525,"1,369"
1526,"1,768"
1527,"1,313"
1528,"1,527"
1529,736
1530,"1,519"
1531,"1,593"
1532,551
1533,"1,674"
1534,"1,317"
1535,"1,450"
1536,"1,384"
1537,"1,500"
1538,"1,179"
1539,"1,268"
1540,"1,101"
1541,"1,154"
1542,"1,467"
1543,"1,468"
1544,"1,198"
1545,"1,056"
1546,"1,432"
1547,"1,330"
1548,"1,051"
1549,930
1550,"1,382"
1551,"1,080"
1552,"1,288"
1553,938
1554,"1,105"
1555,"1,190"
1556,805
1557,"1,067"
1558,"1,217"
1559,"1,208"
1560,954
1561,847
1562,694
1563,"1,155"
1564,842
1565,928
1566,752
1567,750
1568,"1,108"
1569,871
1570,855
1571,"1,081"
1572,"1,031"
1573,"1,001"
1574,866
1575,847
1576,701
1577,484
1578,611
1579,872
1580,923
1581,819
1582,877
1583,516220
1584,695527
1585,442741
1586,259984
1587,483044
1588,407075
1589,197990
1590,193661
1591,172260
1592,266172
1593,108625
1594,246678
1595,104932
1596,182746
1597,145324
1598,184659
1599,202998
1600,185948
1601,130129
1602,149523
1603,127525
1604,"67,995"
1605,114474
1606,"84,182"
1607,"74,781"
1608,131369
1609,106412
1610,128508
1611,"96,824"
1612,135036
1613,121815
1614,"74,796"
1615,"84,457"
1616,113448
1617,"55,479"
1618,109050
1619,"76,885"
1620,"50,767"
1621,"98,187"
1622,"68,954"
1623,"88,741"
1624,"47,024"
1625,"54,443"
1626,"83,036"
1627,"55,978"
1628,"84,707"
1629,"67,720"
1630,"48,109"
1631,"77,309"
1632,"42,230"
1633,"70,504"
1634,"69,864"
1635,"67,584"
1636,"21,243"
1637,"61,703"
1638,"41,930"
1639,"42,190"
1640,"51,394"
1641,"56,579"
1642,"29,243"
1643,"50,334"
1644,"44,407"
1645,"36,344"
1646,"15,898"
1647,"41,339"
1648,"27,156"
1649,"35,391"
1650,"43,257"
1651,"17,499"
1652,"21,000"
1653,"32,790"
1654,"37,407"
1655,"23,368"
1656,"38,385"
1657,"17,121"
1658,"43,812"
1659,"20,952"
1660,"28,815"
1661,"36,755"
1662,"39,850"
1663,"38,468"
1664,"37,766"
1665,"32,402"
1666,"31,507"
1667,"27,414"
1668,"33,388"
1669,"30,516"
1670,"20,138"
1671,"15,487"
1672,"26,973"
1673,"16,604"
1674,"35,025"
1675,"18,919"
1676,"17,299"
1677,"38,059"
1678,"24,098"
1679,"23,530"
1680,"22,143"
1681,"23,112"
1682,"25,844"
1683,"27,515"
1684,"20,847"
1685,"25,058"
1686,"21,589"
1687,"22,301"
1688,"13,743"
1689,"11,787"
1690,"10,510"
1691,"26,217"
1692,"15,619"
1693,"27,676"
1694,"23,830"
1695,"17,747"
1696,"16,639"
1697,"22,641"
1698,"12,758"
1699,"12,558"
1700,"17,779"
1701,"16,364"
1702,"15,888"
1703,"19,279"
1704,"17,216"
1705,"18,774"
1706,"16,685"
1707,"8,314"
1708,"12,942"
1709,"17,272"
1710,"14,993"
1711,"11,702"
1712,"13,693"
1713,"14,939"
1714,"19,985"
1715,"16,079"
1716,"15,840"
1717,"14,927"
1718,"8,540"
1719,"15,723"
1720,"10,500"
1721,"10,948"
1722,"15,968"
1723,"18,681"
1724,"17,664"
1725,"14,317"
1726,"16,395"
1727,"8,824"
1728,"18,962"
1729,"13,742"
1730,"15,721"
1731,"17,287"
1732,"14,650"
1733,"16,009"
1734,"11,350"
1735,"13,205"
1736,"11,615"
1737,"14,903"
1738,"10,144"
1739,"13,808"
1740,"11,392"
1741,"10,504"
1742,"9,199"
1743,"9,923"
1744,"12,651"
1745,"12,409"
1746,"15,809"
1747,"9,062"
1748,"13,595"
1749,"10,770"
1750,"7,655"
1751,"14,308"
1752,"11,874"
1753,"12,026"
1754,"9,251"
1755,"9,923"
1756,"10,092"
1757,"10,255"
1758,"5,345"
1759,"12,702"
1760,"8,670"
1761,"11,139"
1762,"11,326"
1763,"9,456"
1764,"6,253"
1765,"10,197"
1766,"1,928"
1767,"10,384"
1768,"9,353"
1769,"7,501"
1770,"6,432"
1771,"7,348"
1772,"6,035"
1773,"10,004"
1774,"6,968"
1775,"9,681"
1776,"10,686"
1777,"6,718"
1778,"9,083"
1779,"7,849"
1780,"6,578"
1781,"6,465"
1782,"5,380"
1783,"4,620"
1784,"4,991"
1785,"8,179"
1786,"8,583"
1787,"9,537"
1788,"3,886"
1789,"6,374"
1790,"6,979"
1791,"7,799"
1792,"7,384"
1793,"8,812"
1794,"8,171"
1795,"6,215"
1796,"6,373"
1797,"7,759"
1798,"7,675"
1799,"6,332"
1800,"6,850"
1801,"6,552"
1802,"6,576"
1803,"5,232"
1804,"5,516"
1805,"5,603"
1806,"5,568"
1807,"3,945"
1808,"5,241"
1809,"7,405"
1810,"3,316"
1811,"5,333"
1812,"5,562"
1813,"5,807"
1814,"3,288"
1815,"5,669"
1816,"4,876"
1817,"6,440"
1818,"5,920"
1819,"5,028"
1820,"5,231"
1821,"4,385"
1822,"4,736"
1823,"6,159"
1824,"3,765"
1825,"4,288"
1826,"5,742"
1827,"2,596"
1828,"3,235"
1829,"4,874"
1830,"4,391"
1831,"4,506"
1832,"5,254"
1833,"2,751"
1834,"3,336"
1835,"5,517"
1836,"4,083"
1837,"5,124"
1838,"3,575"
1839,"3,239"
1840,"3,624"
1841,"4,222"
1842,"4,515"
1843,"3,496"
1844,"4,108"
1845,"4,066"
1846,"3,083"
1847,"3,862"
1848,"4,300"
1849,"4,009"
1850,"3,557"
1851,"2,264"
1852,"3,148"
1853,"2,402"
1854,"2,866"
1855,"3,666"
1856,"2,153"
1857,"3,361"
1858,"2,136"
1859,"3,056"
1860,"2,841"
1861,"3,548"
1862,"2,908"
1863,"3,098"
1864,"3,076"
1865,"3,320"
1866,"2,404"
1867,"3,047"
1868,"2,315"
1869,"2,845"
1870,"3,225"
1871,"3,214"
1872,"2,345"
1873,"2,200"
1874,"2,940"
1875,"1,470"
1876,"3,251"
1877,"3,095"
1878,"2,242"
1879,"1,894"
1880,"3,106"
1881,"2,640"
1882,"3,098"
1883,"1,446"
1884,"2,235"
1885,"2,085"
1886,"2,951"
1887,"2,250"
1888,"1,900"
1889,"2,631"
1890,"2,443"
1891,"1,402"
1892,"2,278"
1893,"2,459"
1894,"2,114"
1895,"1,958"
1896,"2,170"
1897,"2,024"
1898,"1,420"
1899,"2,172"
1900,"1,581"
1901,"1,390"
1902,"1,715"
1903,"2,046"
1904,"1,577"
1905,"1,727"
1906,"1,866"
1907,"1,939"
1908,"1,424"
1909,"1,556"
1910,"1,368"
1911,719
1912,564
1913,"1,704"
1914,"1,274"
1915,"1,492"
1916,"1,397"
1917,"1,528"
1918,"1,464"
1919,"1,603"
1920,"1,383"
1921,"1,510"
1922,"1,167"
1923,"1,233"
1924,"1,181"
1925,"1,156"
1926,"1,233"
1927,"1,072"
1928,964
1929,"1,208"
1930,807
1931,"1,283"
1932,930
1933,"1,037"
1934,"1,228"
1935,874
1936,"1,114"
1937,"1,189"
1938,"1,014"
1939,"1,144"
1940,"1,153"
1941,"1,129"
1942,"1,088"
1943,758
1944,"1,167"
1945,913
1946,576
1947,659
1948,"1,023"
1949,965
1950,793
1951,730
1952,683
1953,712
1954,940
1955,842
1956,784
1957,516891
1958,645236
1959,433589
1960,268726
1961,513891
1962,199330
1963,401739
1964,181696
1965,278090
1966,195957
1967,107210
1968,246736
1969,207691
1970,181714
1971,"94,656"
1972,142204
1973,195958
1974,177261
1975,150608
1976,176367
1977,136248
1978,"97,156"
1979,121072
1980,143192
1981,"81,953"
1982,"61,578"
1983,104853
1984,104782
1985,131093
1986,125112
1987,134480
1988,124011
1989,"63,510"
1990,"82,986"
1991,"76,171"
1992,102081
1993,105562
1994,100733
1995,"47,376"
1996,"53,689"
1997,"44,752"
1998,"52,311"
1999,"61,475"
2000,"41,226"
2001,"72,714"
2002,"67,291"
2003,"76,053"
2004,"40,001"
2005,"72,599"
2006,"70,246"
2007,"66,309"
2008,"44,076"
2009,"60,074"
2010,"61,994"
2011,"19,791"
2012,"36,108"
2013,"50,530"
2014,"46,613"
2015,"37,783"
2016,"37,690"
2017,"27,264"
2018,"49,727"
2019,"16,349"
2020,"45,493"
2021,"34,070"
2022,"39,280"
2023,"27,258"
2024,"33,050"
2025,"39,299"
2026,"35,945"
2027,"44,502"
2028,"37,375"
2029,"34,208"
2030,"20,175"
2031,"34,992"
2032,"38,475"
2033,"28,129"
2034,"16,110"
2035,"34,187"
2036,"27,726"
2037,"33,694"
2038,"36,852"
2039,"40,000"
2040,"27,025"
2041,"29,384"
2042,"34,654"
2043,"29,134"
2044,"13,353"
2045,"34,308"
2046,"17,858"
2047,"18,647"
2048,"17,630"
2049,"27,545"
2050,"31,264"
2051,"23,394"
2052,"13,668"
2053,"12,514"
2054,"23,621"
2055,"22,240"
2056,"21,542"
2057,"25,663"
2058,"24,025"
2059,"12,579"
2060,"26,570"
2061,"21,669"
2062,"16,220"
2063,"12,367"
2064,"25,932"
2065,"18,545"
2066,"26,883"
2067,"19,391"
2068,"15,220"
2069,"23,591"
2070,"21,393"
2071,"11,433"
2072,"12,089"
2073,"19,295"
2074,"12,083"
2075,"13,582"
2076,"21,017"
2077,"8,266"
2078,"14,959"
2079,"15,998"
2080,"18,793"
2081,"19,294"
2082,"13,949"
2083,"17,116"
2084,"9,672"
2085,"14,916"
2086,"10,732"
2087,"10,977"
2088,"19,708"
2089,"14,935"
2090,"17,894"
2091,"15,442"
2092,"19,606"
2093,"15,093"
2094,"12,461"
2095,"10,444"
2096,"15,641"
2097,"12,816"
2098,"17,760"
2099,"10,721"
2100,"12,825"
2101,"17,078"
2102,"11,519"
2103,"14,705"
2104,"14,343"
2105,"10,572"
2106,"12,207"
2107,"12,663"
2108,"14,516"
2109,"12,768"
2110,"14,116"
2111,"12,102"
2112,"15,773"
2113,"10,636"
2114,"11,407"
2115,"13,709"
2116,"7,688"
2117,"14,496"
2118,"6,158"
2119,"7,498"
2120,"10,293"
2121,"11,189"
2122,"5,685"
2123,"13,673"
2124,"9,440"
2125,"9,575"
2126,"11,391"
2127,"9,688"
2128,"8,622"
2129,"2,008"
2130,"11,175"
2131,"7,722"
2132,"9,467"
2133,"11,139"
2134,"9,477"
2135,"7,568"
2136,"9,699"
2137,"5,929"
2138,"10,138"
2139,"11,348"
2140,"9,538"
2141,"8,681"
2142,"4,539"
2143,"9,208"
2144,"10,026"
2145,"8,380"
2146,"9,500"
2147,"5,904"
2148,"8,841"
2149,"5,905"
2150,"6,020"
2151,"5,077"
2152,"7,287"
2153,"8,397"
2154,"6,596"
2155,"6,703"
2156,"5,916"
2157,"5,772"
2158,"6,474"
2159,"6,882"
2160,"7,668"
2161,"7,058"
2162,"7,804"
2163,"6,321"
2164,"3,820"
2165,"5,113"
2166,"4,087"
2167,"7,131"
2168,"5,934"
2169,"6,009"
2170,"5,374"
2171,"6,290"
2172,"5,636"
2173,"5,339"
2174,"7,244"
2175,"7,304"
2176,"5,619"
2177,"5,259"
2178,"5,371"
2179,"5,253"
2180,"2,889"
2181,"7,016"
2182,"3,410"
2183,"3,335"
2184,"6,961"
2185,"5,059"
2186,"5,769"
2187,"4,888"
2188,"4,992"
2189,"6,192"
2190,"5,286"
2191,"5,212"
2192,"4,618"
2193,"5,838"
2194,"5,422"
2195,"3,417"
2196,"3,641"
2197,"3,178"
2198,"4,412"
2199,"3,055"
2200,"4,938"
2201,"4,959"
2202,"3,608"
2203,"3,350"
2204,"2,639"
2205,"3,042"
2206,"4,137"
2207,"4,455"
2208,"4,611"
2209,"4,197"
2210,"3,579"
2211,"3,867"
2212,"4,646"
2213,"3,574"
2214,"4,668"
2215,"3,294"
2216,"3,205"
2217,"3,917"
2218,"3,915"
2219,"3,674"
2220,"4,119"
2221,"3,346"
2222,"3,810"
2223,"3,081"
2224,"3,661"
2225,"3,642"
2226,"2,974"
2227,"1,680"
2228,"3,039"
2229,"3,811"
2230,"3,418"
2231,"3,483"
2232,"3,049"
2233,"3,683"
2234,"1,765"
2235,"2,503"
2236,"2,319"
2237,"3,686"
2238,"3,280"
2239,"3,461"
2240,"3,221"
2241,"3,478"
2242,"2,392"
2243,"3,030"
2244,"3,285"
2245,"2,674"
2246,"2,784"
2247,"2,400"
2248,"3,026"
2249,"2,160"
2250,"2,418"
2251,"2,771"
2252,"2,954"
2253,"1,892"
2254,"3,172"
2255,"1,569"
2256,"2,504"
2257,"2,384"
2258,"2,058"
2259,"2,878"
2260,"2,270"
2261,"2,842"
2262,"2,657"
2263,"2,459"
2264,"1,656"
2265,"1,845"
2266,"1,717"
2267,"1,987"
2268,"1,998"
2269,"1,860"
2270,"2,230"
2271,"2,089"
2272,"1,809"
2273,"2,051"
2274,"2,066"
2275,"1,461"
2276,"1,320"
2277,714
2278,"1,532"
2279,"1,122"
2280,"1,512"
2281,"1,720"
2282,"1,623"
2283,"1,711"
2284,"1,354"
2285,"1,369"
2286,501
2287,883
2288,"1,382"
2289,898
2290,"1,327"
2291,"1,464"
2292,"1,311"
2293,"1,021"
2294,"1,302"
2295,898
2296,"1,263"
2297,650
2298,"1,073"
2299,858
2300,"1,177"
2301,990
2302,850
2303,986
2304,895
2305,822
2306,"1,121"
2307,761
2308,957
2309,"1,103"
2310,"1,137"
2311,903
2312,919
2313,"1,016"
2314,941
2315,892
2316,944
2317,995
2318,759
2319,920
2320,902
2321,515012
2322,582031
2323,418915
2324,269970
2325,546276
2326,196613
2327,391643
2328,186318
2329,279372
2330,191060
2331,101864
2332,274311
2333,239139
2334,171072
2335,174610
2336,"84,447"
2337,106534
2338,131261
2339,187363
2340,138716
2341,166126
2342,135959
2343,164258
2344,159043
2345,121789
2346,"86,038"
2347,147262
2348,126405
2349,135216
2350,"99,836"
2351,117214
2352,114021
2353,"53,119"
2354,102700
2355,103578
2356,"68,791"
2357,"53,118"
2358,"70,461"
2359,"50,275"
2360,"43,638"
2361,"41,248"
2362,"49,257"
2363,"66,134"
2364,"74,351"
2365,"62,540"
2366,"69,250"
2367,"37,658"
2368,"45,170"
2369,"46,795"
2370,"62,806"
2371,"61,435"
2372,"57,218"
2373,"42,332"
2374,"57,945"
2375,"50,022"
2376,"17,800"
2377,"36,561"
2378,"48,149"
2379,"47,303"
2380,"16,502"
2381,"41,390"
2382,"40,307"
2383,"23,259"
2384,"32,487"
2385,"36,873"
2386,"24,369"
2387,"30,467"
2388,"42,115"
2389,"41,492"
2390,"35,462"
2391,"29,906"
2392,"31,129"
2393,"24,210"
2394,"43,146"
2395,"32,056"
2396,"38,938"
2397,"16,412"
2398,"42,399"
2399,"24,357"
2400,"28,044"
2401,"34,270"
2402,"26,667"
2403,"18,608"
2404,"35,552"
2405,"30,124"
2406,"33,939"
2407,"30,743"
2408,"33,386"
2409,"27,445"
2410,"29,907"
2411,"27,004"
2412,"12,689"
2413,"24,058"
2414,"16,624"
2415,"18,821"
2416,"21,996"
2417,"24,675"
2418,"28,304"
2419,"24,510"
2420,"16,650"
2421,"17,102"
2422,"16,543"
2423,"14,514"
2424,"21,284"
2425,"11,605"
2426,"23,687"
2427,"23,011"
2428,"25,918"
2429,"20,353"
2430,"23,231"
2431,"18,478"
2432,"24,269"
2433,"24,650"
2434,"25,787"
2435,"11,767"
2436,"8,939"
2437,"16,872"
2438,"21,369"
2439,"18,059"
2440,"14,819"
2441,"11,373"
2442,"8,129"
2443,"17,668"
2444,"9,859"
2445,"8,260"
2446,"18,281"
2447,"20,722"
2448,"18,595"
2449,"14,273"
2450,"10,760"
2451,"18,500"
2452,"20,026"
2453,"16,607"
2454,"10,730"
2455,"11,509"
2456,"19,061"
2457,"14,930"
2458,"9,224"
2459,"14,235"
2460,"16,780"
2461,"13,270"
2462,"14,633"
2463,"10,701"
2464,"7,490"
2465,"16,239"
2466,"11,327"
2467,"11,678"
2468,"14,388"
2469,"10,478"
2470,"11,900"
2471,"13,181"
2472,"12,227"
2473,"13,459"
2474,"7,561"
2475,"14,479"
2476,"8,225"
2477,"14,801"
2478,"5,684"
2479,"9,828"
2480,"12,981"
2481,"10,351"
2482,"7,519"
2483,"8,368"
2484,"9,676"
2485,"10,484"
2486,"8,591"
2487,"9,406"
2488,"7,885"
2489,"11,214"
2490,"10,975"
2491,"9,698"
2492,"2,032"
2493,"10,302"
2494,"10,007"
2495,"9,440"
2496,"8,589"
2497,"8,806"
2498,"8,761"
2499,"8,413"
2500,"9,536"
2501,"8,064"
2502,"7,523"
2503,"10,072"
2504,"8,551"
2505,"7,626"
2506,"8,692"
2507,"4,221"
2508,"5,462"
2509,"8,301"
2510,"7,532"
2511,"4,966"
2512,"7,590"
2513,"9,600"
2514,"4,725"
2515,"9,372"
2516,"6,689"
2517,"8,511"
2518,"6,186"
2519,"7,043"
2520,"5,397"
2521,"6,019"
2522,"6,677"
2523,"5,683"
2524,"6,435"
2525,"6,050"
2526,"4,128"
2527,"4,554"
2528,"5,753"
2529,"5,467"
2530,"6,755"
2531,"6,618"
2532,"5,623"
2533,"7,408"
2534,"3,952"
2535,"6,164"
2536,"5,198"
2537,"3,478"
2538,"6,642"
2539,"5,693"
2540,"5,359"
2541,"4,474"
2542,"3,237"
2543,"5,814"
2544,"4,816"
2545,"5,948"
2546,"6,428"
2547,"4,770"
2548,"4,988"
2549,"6,409"
2550,"4,456"
2551,"5,150"
2552,"4,121"
2553,"5,266"
2554,"5,274"
2555,"3,744"
2556,"3,656"
2557,"4,509"
2558,"3,375"
2559,"3,055"
2560,"4,515"
2561,"4,601"
2562,"4,555"
2563,"2,923"
2564,"3,978"
2565,"4,759"
2566,"4,833"
2567,"2,473"
2568,"3,361"
2569,"3,305"
2570,"5,120"
2571,"4,474"
2572,"4,921"
2573,"2,021"
2574,"4,529"
2575,"4,283"
2576,"4,599"
2577,"3,799"
2578,"3,637"
2579,"3,799"
2580,"4,290"
2581,"4,240"
2582,"3,341"
2583,"3,121"
2584,"1,961"
2585,"3,681"
2586,"2,899"
2587,"3,971"
2588,"3,576"
2589,"3,708"
2590,"3,837"
2591,"3,025"
2592,"3,669"
2593,"2,894"
2594,"2,597"
2595,"3,662"
2596,"2,967"
2597,"2,421"
2598,"2,606"
2599,"3,185"
2600,"2,492"
2601,"2,891"
2602,"2,900"
2603,"1,742"
2604,"2,309"
2605,"2,530"
2606,"2,577"
2607,"2,599"
2608,"2,797"
2609,"2,814"
2610,"3,125"
2611,"2,384"
2612,"2,722"
2613,"1,820"
2614,"2,534"
2615,"2,354"
2616,"1,920"
2617,"1,821"
2618,"2,578"
2619,"2,240"
2620,"2,221"
2621,"1,464"
2622,"1,881"
2623,"2,266"
2624,"2,423"
2625,"1,862"
2626,"1,852"
2627,"1,830"
2628,"2,289"
2629,"1,593"
2630,"2,142"
2631,"1,990"
2632,"1,481"
2633,703
2634,"1,850"
2635,"1,319"
2636,"1,760"
2637,"1,430"
2638,"1,657"
2639,"1,462"
2640,944
2641,"1,296"
2642,"1,019"
2643,"1,217"
2644,"1,277"
2645,439
2646,"1,055"
2647,674
2648,"1,350"
2649,"1,274"
2650,"1,303"
2651,897
2652,"1,105"
2653,"1,048"
2654,916
2655,"1,249"
2656,867
2657,958
2658,702
2659,"1,068"
2660,762
2661,"1,038"
2662,"1,109"
2663,"1,054"
2664,805
2665,933
2666,753
2667,932
2668,971
2669,730
2670,838
2671,952
2672,911
2673,962
2674,521327
2675,517435
2676,571242
2677,402833
2678,268057
2679,191616
2680,190596
2681,376417
2682,346953
2683,276433
2684,186844
2685,"98,363"
2686,229537
2687,188716
2688,170493
2689,114308
2690,164658
2691,141093
2692,176991
2693,169766
2694,155484
2695,"74,699"
2696,116090
2697,"88,989"
2698,151298
2699,158601
2700,120798
2701,125527
2702,124699
2703,134477
2704,"89,396"
2705,107967
2706,105231
2707,"98,801"
2708,"44,843"
2709,"61,976"
2710,"60,149"
2711,"46,265"
2712,"43,161"
2713,"47,581"
2714,"63,584"
2715,"38,708"
2716,"37,792"
2717,"74,373"
2718,"44,347"
2719,"47,051"
2720,"59,916"
2721,"60,636"
2722,"34,296"
2723,"52,501"
2724,"40,279"
2725,"39,426"
2726,"53,947"
2727,"56,469"
2728,"53,134"
2729,"48,858"
2730,"54,133"
2731,"48,949"
2732,"41,342"
2733,"52,203"
2734,"47,305"
2735,"40,131"
2736,"34,679"
2737,"17,071"
2738,"16,600"
2739,"31,516"
2740,"33,327"
2741,"36,236"
2742,"25,264"
2743,"35,173"
2744,"33,735"
2745,"44,277"
2746,"17,179"
2747,"28,381"
2748,"37,458"
2749,"39,464"
2750,"33,683"
2751,"32,022"
2752,"26,441"
2753,"20,500"
2754,"25,733"
2755,"33,926"
2756,"20,415"
2757,"33,870"
2758,"12,639"
2759,"31,247"
2760,"32,143"
2761,"23,693"
2762,"29,003"
2763,"25,366"
2764,"26,265"
2765,"16,253"
2766,"18,666"
2767,"27,682"
2768,"24,135"
2769,"24,375"
2770,"25,652"
2771,"26,292"
2772,"25,319"
2773,"22,476"
2774,"15,544"
2775,"23,190"
2776,"26,529"
2777,"16,564"
2778,"24,542"
2779,"16,157"
2780,"12,303"
2781,"23,661"
2782,"16,350"
2783,"14,163"
2784,"22,477"
2785,"18,928"
2786,"11,125"
2787,"18,483"
2788,"16,450"
2789,"24,005"
2790,"22,387"
2791,"10,078"
2792,"8,047"
2793,"11,421"
2794,"9,225"
2795,"12,243"
2796,"15,355"
2797,"10,319"
2798,"21,013"
2799,"17,497"
2800,"16,840"
2801,"15,799"
2802,"10,541"
2803,"13,531"
2804,"13,219"
2805,"10,118"
2806,"14,544"
2807,"14,182"
2808,"16,533"
2809,"17,102"
2810,"15,014"
2811,"17,659"
2812,"14,322"
2813,"10,775"
2814,"15,395"
2815,"12,489"
2816,"14,481"
2817,"15,331"
2818,"14,848"
2819,"10,612"
2820,"12,350"
2821,"14,509"
2822,"7,549"
2823,"14,337"
2824,"14,726"
2825,"5,873"
2826,"11,100"
2827,"10,772"
2828,"10,048"
2829,"9,887"
2830,"12,152"
2831,"12,992"
2832,"10,873"
2833,"8,077"
2834,"10,540"
2835,"11,266"
2836,"8,884"
2837,"4,737"
2838,"10,975"
2839,"6,138"
2840,"9,335"
2841,"8,468"
2842,"2,199"
2843,"8,289"
2844,"10,466"
2845,"10,009"
2846,"6,803"
2847,"8,641"
2848,"8,475"
2849,"4,359"
2850,"8,521"
2851,"9,935"
2852,"7,688"
2853,"8,558"
2854,"8,044"
2855,"6,942"
2856,"8,924"
2857,"7,911"
2858,"6,300"
2859,"5,537"
2860,"8,732"
2861,"6,771"
2862,"8,364"
2863,"6,903"
2864,"4,717"
2865,"4,963"
2866,"6,499"
2867,"4,820"
2868,"6,784"
2869,"5,942"
2870,"6,887"
2871,"6,422"
2872,"4,220"
2873,"3,834"
2874,"6,249"
2875,"5,949"
2876,"7,070"
2877,"5,588"
2878,"3,451"
2879,"6,602"
2880,"7,401"
2881,"5,587"
2882,"6,403"
2883,"5,568"
2884,"5,248"
2885,"3,642"
2886,"7,074"
2887,"5,609"
2888,"5,330"
2889,"6,161"
2890,"4,673"
2891,"6,736"
2892,"4,128"
2893,"5,484"
2894,"4,981"
2895,"3,775"
2896,"4,645"
2897,"5,738"
2898,"2,722"
2899,"5,615"
2900,"4,819"
2901,"5,836"
2902,"3,407"
2903,"4,732"
2904,"4,139"
2905,"4,581"
2906,"5,491"
2907,"2,831"
2908,"4,812"
2909,"5,046"
2910,"4,587"
2911,"4,872"
2912,"3,892"
2913,"4,496"
2914,"3,011"
2915,"2,236"
2916,"4,787"
2917,"3,209"
2918,"4,216"
2919,"3,162"
2920,"4,626"
2921,"3,150"
2922,"4,437"
2923,"4,389"
2924,"3,904"
2925,"3,260"
2926,"3,954"
2927,"4,165"
2928,"3,098"
2929,"3,792"
2930,"4,247"
2931,"4,161"
2932,"3,954"
2933,"3,546"
2934,"3,194"
2935,"2,045"
2936,"3,148"
2937,"3,443"
2938,"3,792"
2939,"2,845"
2940,"2,357"
2941,"2,410"
2942,"2,567"
2943,"2,692"
2944,"1,691"
2945,"2,848"
2946,"3,007"
2947,"3,012"
2948,"2,925"
2949,"1,847"
2950,"2,942"
2951,"2,459"
2952,"2,512"
2953,"2,696"
2954,"2,206"
2955,"2,106"
2956,"2,904"
2957,"2,533"
2958,"1,677"
2959,"2,152"
2960,"1,976"
2961,"2,471"
2962,"1,984"
2963,"1,859"
2964,"2,033"
2965,"1,965"
2966,"2,132"
2967,"1,894"
2968,828
2969,"1,505"
2970,"1,934"
2971,706
2972,"1,481"
2973,"1,734"
2974,"1,372"
2975,"1,869"
2976,"1,666"
2977,"1,247"
2978,"1,004"
2979,852
2980,"1,445"
2981,"1,481"
2982,"1,305"
2983,"1,790"
2984,"1,475"
2985,"1,436"
2986,"1,147"
2987,"1,149"
2988,"1,531"
2989,"1,380"
2990,"1,422"
2991,"1,199"
2992,664
2993,"1,450"
2994,"1,131"
2995,"1,369"
2996,"1,389"
2997,"1,455"
2998,973
2999,"1,343"
3000,876
3001,884
3002,871
3003,759
3004,371
3005,704
3006,"1,092"
3007,"1,144"
3008,987
3009,939
3010,"1,056"
3011,911
3012,968
3013,956
3014,777
3015,544298
3016,594332
3017,443988
3018,394540
3019,266957
3020,437946
3021,196565
3022,364900
3023,181333
3024,186102
3025,266914
3026,"95,303"
3027,221092
3028,214515
3029,205295
3030,121971
3031,150576
3032,136760
3033,176616
3034,165503
3035,"92,260"
3036,165597
3037,144603
3038,"67,240"
3039,115766
3040,135634
3041,134273
3042,"97,719"
3043,134862
3044,122403
3045,107929
3046,"83,796"
3047,"97,803"
3048,"92,854"
3049,"54,769"
3050,"40,285"
3051,"54,550"
3052,"72,645"
3053,"42,529"
3054,"45,482"
3055,"52,579"
3056,"59,781"
3057,"66,461"
3058,"66,320"
3059,"69,739"
3060,"48,888"
3061,"52,128"
3062,"33,831"
3063,"43,253"
3064,"32,594"
3065,"41,871"
3066,"33,424"
3067,"33,183"
3068,"31,727"
3069,"51,686"
3070,"49,638"
3071,"49,871"
3072,"53,944"
3073,"38,028"
3074,"46,218"
3075,"36,030"
3076,"43,526"
3077,"50,463"
3078,"48,642"
3079,"39,753"
3080,"36,819"
3081,"17,481"
3082,"43,499"
3083,"46,525"
3084,"17,915"
3085,"33,183"
3086,"14,674"
3087,"28,360"
3088,"32,899"
3089,"30,584"
3090,"35,531"
3091,"33,088"
3092,"31,510"
3093,"29,664"
3094,"29,883"
3095,"35,536"
3096,"25,065"
3097,"12,991"
3098,"17,927"
3099,"19,953"
3100,"30,247"
3101,"25,091"
3102,"24,161"
3103,"26,844"
3104,"28,591"
3105,"28,562"
3106,"30,090"
3107,"27,674"
3108,"28,630"
3109,"27,384"
3110,"22,125"
3111,"16,759"
3112,"12,949"
3113,"18,719"
3114,"19,383"
3115,"22,453"
3116,"21,060"
3117,"16,287"
3118,"21,454"
3119,"21,077"
3120,"14,181"
3121,"23,115"
3122,"23,772"
3123,"20,968"
3124,"13,128"
3125,"13,474"
3126,"10,392"
3127,"11,475"
3128,"20,538"
3129,"18,342"
3130,"23,365"
3131,"8,087"
3132,"21,126"
3133,"12,702"
3134,"22,616"
3135,"16,712"
3136,"21,932"
3137,"17,022"
3138,"17,099"
3139,"9,454"
3140,"16,277"
3141,"10,159"
3142,"17,835"
3143,"18,271"
3144,"10,116"
3145,"14,738"
3146,"13,677"
3147,"16,330"
3148,"15,352"
3149,"12,401"
3150,"10,687"
3151,"10,542"
3152,"13,033"
3153,"11,334"
3154,"9,274"
3155,"16,143"
3156,"15,856"
3157,"14,275"
3158,"13,924"
3159,"10,954"
3160,"5,986"
3161,"12,935"
3162,"14,203"
3163,"11,731"
3164,"14,267"
3165,"8,817"
3166,"7,463"
3167,"9,785"
3168,"5,983"
3169,"11,431"
3170,"13,095"
3171,"10,242"
3172,"9,922"
3173,"13,085"
3174,"10,293"
3175,"8,100"
3176,"9,649"
3177,"8,831"
3178,"11,665"
3179,"9,948"
3180,"9,290"
3181,"8,096"
3182,"8,385"
3183,"8,874"
3184,"10,040"
3185,"2,338"
3186,"7,873"
3187,"6,099"
3188,"7,765"
3189,"8,412"
3190,"8,964"
3191,"7,875"
3192,"7,471"
3193,"9,084"
3194,"7,555"
3195,"7,215"
3196,"7,713"
3197,"8,082"
3198,"8,649"
3199,"9,373"
3200,"8,417"
3201,"8,457"
3202,"7,055"
3203,"7,250"
3204,"7,589"
3205,"6,678"
3206,"7,369"
3207,"4,309"
3208,"5,878"
3209,"6,778"
3210,"5,927"
3211,"6,292"
3212,"4,340"
3213,"6,718"
3214,"6,647"
3215,"5,635"
3216,"4,003"
3217,"4,525"
3218,"4,171"
3219,"7,220"
3220,"5,737"
3221,"5,256"
3222,"4,154"
3223,"5,566"
3224,"4,726"
3225,"5,225"
3226,"5,617"
3227,"5,577"
3228,"3,184"
3229,"5,440"
3230,"3,106"
3231,"5,043"
3232,"5,342"
3233,"4,947"
3234,"2,557"
3235,"5,271"
3236,"3,322"
3237,"4,863"
3238,"5,227"
3239,"5,306"
3240,"5,050"
3241,"5,006"
3242,"4,287"
3243,"3,663"
3244,"5,138"
3245,"3,855"
3246,"2,484"
3247,"4,201"
3248,"4,082"
3249,"3,909"
3250,"3,314"
3251,"4,271"
3252,"4,443"
3253,"3,446"
3254,"3,703"
3255,"4,519"
3256,"4,032"
3257,"3,275"
3258,"3,833"
3259,"3,739"
3260,"4,177"
3261,"2,841"
3262,"3,449"
3263,"3,144"
3264,"3,010"
3265,"3,791"
3266,"2,961"
3267,"3,204"
3268,"3,587"
3269,"3,380"
3270,"3,454"
3271,"2,817"
3272,"2,643"
3273,"3,265"
3274,"1,813"
3275,"2,338"
3276,"3,030"
3277,"2,477"
3278,"2,545"
3279,"2,482"
3280,"2,813"
3281,"2,009"
3282,"2,484"
3283,"1,035"
3284,"1,873"
3285,"1,250"
3286,"2,551"
3287,"2,710"
3288,"2,275"
3289,"2,566"
3290,"2,132"
3291,"2,070"
3292,"1,364"
3293,"1,946"
3294,"2,025"
3295,"2,138"
3296,"2,013"
3297,"1,949"
3298,"1,304"
3299,"1,138"
3300,"1,501"
3301,"1,876"
3302,720
3303,"1,542"
3304,"1,035"
3305,"1,285"
3306,"1,662"
3307,"1,171"
3308,"1,359"
3309,"1,390"
3310,"1,302"
3311,"1,139"
3312,640
3313,"1,414"
3314,"1,393"
3315,"1,429"
3316,724
3317,"1,464"
3318,"1,040"
3319,"1,133"
3320,"1,462"
3321,"1,386"
3322,"1,428"
3323,"1,144"
3324,"1,031"
3325,"1,081"
3326,963
3327,998
3328,"1,245"
3329,841
3330,646
3331,"1,243"
3332,"1,064"
3333,483
3334,757
3335,810
3336,"1,071"
3337,"1,043"
3338,"1,002"
3339,778
3340,652
3341,872
3342,601
3343,322
3344,773
3345,568761
3346,524392
3347,594469
3348,379260
3349,256964
3350,373008
3351,201479
3352,348430
3353,185258
3354,251947
3355,160059
3356,256804
3357,213123
3358,210403
3359,"88,606"
3360,123975
3361,175187
3362,131586
3363,"93,107"
3364,133618
3365,164675
3366,149432
3367,142077
3368,131397
3369,106564
3370,"57,983"
3371,132210
3372,115546
3373,115975
3374,108082
3375,"78,234"
3376,"70,621"
3377,"73,527"
3378,"87,195"
3379,"83,460"
3380,"85,695"
3381,"87,523"
3382,"85,782"
3383,"57,583"
3384,"76,796"
3385,"61,050"
3386,"40,714"
3387,"42,227"
3388,"45,819"
3389,"37,297"
3390,"54,754"
3391,"40,697"
3392,"42,174"
3393,"32,281"
3394,"30,478"
3395,"58,756"
3396,"38,828"
3397,"39,836"
3398,"30,033"
3399,"37,962"
3400,"41,868"
3401,"46,615"
3402,"44,580"
3403,"42,251"
3404,"26,082"
3405,"38,047"
3406,"44,779"
3407,"48,200"
3408,"42,546"
3409,"35,626"
3410,"42,182"
3411,"35,478"
3412,"35,734"
3413,"38,330"
3414,"18,340"
3415,"22,542"
3416,"35,460"
3417,"17,217"
3418,"36,464"
3419,"32,739"
3420,"32,490"
3421,"13,178"
3422,"32,554"
3423,"33,436"
3424,"34,938"
3425,"31,374"
3426,"20,532"
3427,"23,985"
3428,"29,896"
3429,"26,502"
3430,"14,078"
3431,"29,670"
3432,"25,621"
3433,"25,017"
3434,"16,993"
3435,"27,233"
3436,"30,966"
3437,"26,489"
3438,"22,571"
3439,"19,896"
3440,"23,699"
3441,"11,038"
3442,"26,254"
3443,"25,643"
3444,"14,595"
3445,"24,992"
3446,"16,146"
3447,"24,943"
3448,"10,547"
3449,"14,853"
3450,"19,468"
3451,"19,300"
3452,"18,957"
3453,"18,026"
3454,"23,845"
3455,"20,821"
3456,"15,751"
3457,"17,629"
3458,"7,728"
3459,"19,683"
3460,"16,566"
3461,"11,440"
3462,"17,320"
3463,"13,844"
3464,"10,997"
3465,"11,716"
3466,"16,457"
3467,"16,677"
3468,"19,448"
3469,"18,439"
3470,"13,598"
3471,"8,797"
3472,"14,129"
3473,"15,065"
3474,"8,243"
3475,"14,849"
3476,"10,559"
3477,"15,734"
3478,"11,742"
3479,"9,036"
3480,"8,750"
3481,"13,209"
3482,"12,070"
3483,"13,714"
3484,"11,439"
3485,"13,361"
3486,"8,218"
3487,"14,758"
3488,"11,602"
3489,"10,291"
3490,"6,040"
3491,"13,339"
3492,"13,573"
3493,"10,436"
3494,"10,661"
3495,"11,437"
3496,"11,373"
3497,"7,121"
3498,"7,633"
3499,"12,063"
3500,"9,691"
3501,"13,331"
3502,"12,167"
3503,"12,404"
3504,"7,667"
3505,"9,644"
3506,"10,635"
3507,"6,741"
3508,"8,332"
3509,"10,774"
3510,"8,689"
3511,"11,707"
3512,"8,916"
3513,"7,718"
3514,"7,430"
3515,"9,726"
3516,"9,051"
3517,"7,969"
3518,"9,054"
3519,"9,082"
3520,"10,196"
3521,"6,938"
3522,"8,096"
3523,"8,513"
3524,"7,958"
3525,"5,964"
3526,"4,389"
3527,"1,799"
3528,"4,832"
3529,"6,290"
3530,"6,316"
3531,"5,460"
3532,"5,466"
3533,"5,764"
3534,"5,194"
3535,"5,661"
3536,"5,705"
3537,"5,716"
3538,"6,879"
3539,"5,260"
3540,"5,795"
3541,"5,121"
3542,"3,800"
3543,"4,826"
3544,"4,699"
3545,"5,877"
3546,"4,461"
3547,"6,128"
3548,"5,532"
3549,"2,798"
3550,"4,413"
3551,"5,328"
3552,"4,752"
3553,"5,800"
3554,"4,570"
3555,"2,640"
3556,"5,120"
3557,"5,680"
3558,"5,705"
3559,"5,498"
3560,"5,417"
3561,"2,951"
3562,"4,785"
3563,"5,194"
3564,"4,072"
3565,"3,019"
3566,"4,745"
3567,"4,265"
3568,"5,030"
3569,"2,433"
3570,"4,009"
3571,"3,849"
3572,"4,187"
3573,"3,360"
3574,"4,365"
3575,"2,624"
3576,"3,833"
3577,"3,572"
3578,"4,221"
3579,"2,876"
3580,"3,791"
3581,"3,007"
3582,"2,421"
3583,"3,302"
3584,"2,024"
3585,"3,289"
3586,"2,471"
3587,"2,681"
3588,"2,945"
3589,"2,669"
3590,"3,159"
3591,"2,528"
3592,"2,654"
3593,"2,404"
3594,"2,934"
3595,"3,114"
3596,"2,712"
3597,"2,526"
3598,"2,756"
3599,"2,700"
3600,"2,086"
3601,"2,699"
3602,"2,018"
3603,"2,774"
3604,"2,681"
3605,"2,261"
3606,"1,769"
3607,"2,220"
3608,"2,480"
3609,"2,355"
3610,"1,690"
3611,"2,268"
3612,"2,033"
3613,"1,764"
3614,"2,126"
3615,"2,016"
3616,"1,971"
3617,"1,538"
3618,"1,961"
3619,"1,689"
3620,"1,486"
3621,"1,894"
3622,725
3623,"1,023"
3624,"1,495"
3625,"1,373"
3626,994
3627,"1,493"
3628,"1,455"
3629,"1,523"
3630,"1,598"
3631,"1,541"
3632,734
3633,"1,349"
3634,"1,129"
3635,"1,010"
3636,"1,141"
3637,"1,460"
3638,"1,471"
3639,975
3640,"1,000"
3641,960
3642,736
3643,"1,295"
3644,"1,015"
3645,"1,131"
3646,953
3647,968
3648,850
3649,"1,040"
3650,735
3651,710
3652,"1,039"
3653,"1,012"
3654,994
3655,352
3656,934
3657,594
3658,590482
3659,610738
3660,576085
3661,364608
3662,238045
3663,204065
3664,311989
3665,299936
3666,328418
3667,184240
3668,236881
3669,138652
3670,214561
3671,196423
3672,123003
3673,"79,769"
3674,167529
3675,128066
3676,"93,329"
3677,153908
3678,144343
3679,116338
3680,133010
3681,"86,655"
3682,133087
3683,116043
3684,"95,976"
3685,126010
3686,110812
3687,108637
3688,106868
3689,"49,374"
3690,"98,320"
3691,"92,953"
3692,"68,584"
3693,"47,654"
3694,"62,143"
3695,"84,565"
3696,"61,155"
3697,"76,704"
3698,"71,642"
3699,"55,092"
3700,"57,334"
3701,"39,704"
3702,"42,012"
3703,"50,865"
3704,"48,791"
3705,"47,118"
3706,"37,336"
3707,"40,718"
3708,"31,894"
3709,"41,040"
3710,"36,625"
3711,"28,612"
3712,"28,504"
3713,"51,555"
3714,"44,080"
3715,"37,333"
3716,"48,456"
3717,"42,253"
3718,"45,278"
3719,"40,595"
3720,"37,541"
3721,"38,759"
3722,"41,210"
3723,"35,787"
3724,"33,850"
3725,"23,502"
3726,"33,155"
3727,"27,472"
3728,"18,522"
3729,"23,350"
3730,"34,896"
3731,"31,417"
3732,"36,098"
3733,"33,693"
3734,"31,488"
3735,"13,261"
3736,"31,521"
3737,"14,263"
3738,"16,226"
3739,"27,874"
3740,"21,264"
3741,"18,054"
3742,"18,659"
3743,"30,258"
3744,"29,934"
3745,"25,228"
3746,"28,971"
3747,"20,594"
3748,"25,362"
3749,"15,011"
3750,"21,042"
3751,"10,918"
3752,"21,506"
3753,"24,563"
3754,"17,681"
3755,"13,160"
3756,"16,468"
3757,"24,197"
3758,"22,453"
3759,"18,167"
3760,"18,466"
3761,"21,351"
3762,"20,931"
3763,"15,498"
3764,"21,322"
3765,"17,069"
3766,"16,784"
3767,"17,575"
3768,"12,983"
3769,"17,797"
3770,"11,352"
3771,"15,703"
3772,"20,350"
3773,"15,753"
3774,"7,260"
3775,"19,460"
3776,"8,094"
3777,"16,547"
3778,"14,835"
3779,"15,485"
3780,"14,656"
3781,"14,747"
3782,"9,842"
3783,"13,245"
3784,"10,594"
3785,"17,236"
3786,"13,821"
3787,"14,773"
3788,"11,429"
3789,"8,715"
3790,"13,759"
3791,"7,989"
3792,"11,104"
3793,"10,070"
3794,"11,519"
3795,"6,751"
3796,"13,286"
3797,"10,812"
3798,"12,195"
3799,"11,242"
3800,"13,644"
3801,"11,632"
3802,"13,334"
3803,"10,007"
3804,"9,720"
3805,"5,304"
3806,"6,643"
3807,"5,583"
3808,"11,039"
3809,"7,283"
3810,"8,344"
3811,"11,003"
3812,"11,629"
3813,"9,908"
3814,"8,004"
3815,"9,627"
3816,"7,952"
3817,"8,808"
3818,"9,875"
3819,"8,462"
3820,"8,382"
3821,"7,316"
3822,"5,700"
3823,"8,919"
3824,"5,364"
3825,"8,674"
3826,"5,775"
3827,"7,466"
3828,"6,782"
3829,"8,858"
3830,"8,283"
3831,"6,194"
3832,"5,852"
3833,"6,570"
3834,"7,422"
3835,"5,965"
3836,"4,975"
3837,"6,696"
3838,"4,446"
3839,"6,580"
3840,"6,528"
3841,"6,711"
3842,"5,022"
3843,"6,876"
3844,"6,726"
3845,"3,151"
3846,"5,559"
3847,"6,617"
3848,"5,523"
3849,"5,575"
3850,"3,464"
3851,"5,907"
3852,"6,103"
3853,"6,176"
3854,"6,426"
3855,"5,099"
3856,"5,031"
3857,"5,227"
3858,"3,481"
3859,"4,612"
3860,"6,017"
3861,"5,860"
3862,"5,701"
3863,"5,407"
3864,"4,580"
3865,"4,321"
3866,"4,076"
3867,"5,354"
3868,"4,152"
3869,"4,244"
3870,"2,349"
3871,"4,540"
3872,"3,310"
3873,"4,346"
3874,"3,782"
3875,"3,261"
3876,"3,590"
3877,"3,411"
3878,"3,374"
3879,"4,063"
3880,"2,675"
3881,"3,602"
3882,"1,022"
3883,"2,855"
3884,"2,907"
3885,"3,469"
3886,"2,736"
3887,"2,762"
3888,"2,767"
3889,"3,474"
3890,"2,867"
3891,"2,845"
3892,"2,760"
3893,"3,004"
3894,"2,933"
3895,"2,964"
3896,"2,291"
3897,"2,792"
3898,"2,576"
3899,"2,404"
3900,"2,819"
3901,"2,694"
3902,"2,129"
3903,"1,467"
3904,"2,280"
3905,"2,545"
3906,"1,836"
3907,"1,848"
3908,"1,624"
3909,"1,670"
3910,"2,029"
3911,"2,281"
3912,"1,262"
3913,"2,127"
3914,"1,228"
3915,"1,433"
3916,"1,974"
3917,"1,005"
3918,"1,641"
3919,"1,847"
3920,700
3921,"1,800"
3922,"1,594"
3923,"1,229"
3924,"1,603"
3925,"1,538"
3926,"1,530"
3927,748
3928,"1,029"
3929,"1,134"
3930,"1,455"
3931,"1,024"
3932,"1,029"
3933,"1,298"
3934,767
3935,"1,293"
3936,"1,361"
3937,"1,201"
3938,"1,057"
3939,861
3940,933
3941,"1,122"
3942,"1,026"
3943,"1,112"
3944,970
3945,997
3946,711
3947,678
3948,920
3949,636
3950,671
3951,349
3952,948
3953,884
3954,927
3955,889
3956,780
3957,620042
3958,700915
3959,551461
3960,354091
3961,207018
3962,213815
3963,341789
3964,185207
3965,300860
3966,241175
3967,209379
3968,215205
3969,121935
3970,179729
3971,115360
3972,197414
3973,"68,783"
3974,124731
3975,"90,466"
3976,104785
3977,156990
3978,142409
3979,136766
3980,136687
3981,118149
3982,121282
3983,"95,606"
3984,101654
3985,104375
3986,102104
3987,"83,129"
3988,"98,413"
3989,"55,507"
3990,"86,596"
3991,"74,603"
3992,"88,989"
3993,"63,201"
3994,"81,043"
3995,"39,190"
3996,"58,380"
3997,"59,078"
3998,"73,774"
3999,"66,289"
4000,"49,664"
4001,"52,084"
4002,"41,777"
4003,"36,889"
4004,"41,991"
4005,"42,248"
4006,"53,446"
4007,"32,840"
4008,"34,298"
4009,"49,636"
4010,"48,383"
4011,"42,557"
4012,"45,682"
4013,"26,442"
4014,"48,611"
4015,"38,980"
4016,"25,157"
4017,"38,131"
4018,"23,083"
4019,"19,872"
4020,"27,709"
4021,"29,086"
4022,"31,077"
4023,"36,627"
4024,"32,612"
4025,"30,840"
4026,"14,757"
4027,"28,955"
4028,"34,244"
4029,"32,620"
4030,"32,090"
4031,"18,796"
4032,"32,010"
4033,"21,880"
4034,"30,713"
4035,"32,282"
4036,"30,607"
4037,"21,277"
4038,"21,230"
4039,"21,974"
4040,"15,870"
4041,"12,264"
4042,"24,490"
4043,"15,193"
4044,"24,515"
4045,"25,715"
4046,"21,850"
4047,"11,369"
4048,"23,953"
4049,"22,765"
4050,"19,688"
4051,"20,036"
4052,"16,959"
4053,"22,135"
4054,"24,045"
4055,"12,866"
4056,"12,086"
4057,"21,914"
4058,"13,195"
4059,"17,865"
4060,"15,817"
4061,"16,102"
4062,"16,022"
4063,"15,856"
4064,"14,968"
4065,"16,266"
4066,"18,443"
4067,"17,547"
4068,"14,601"
4069,"16,172"
4070,"14,574"
4071,"16,018"
4072,"12,868"
4073,"10,643"
4074,"16,050"
4075,"13,681"
4076,"6,418"
4077,"8,582"
4078,"10,358"
4079,"12,754"
4080,"15,836"
4081,"11,598"
4082,"13,734"
4083,"8,845"
4084,"14,859"
4085,"11,593"
4086,"11,808"
4087,"13,165"
4088,"12,576"
4089,"10,838"
4090,"10,397"
4091,"10,006"
4092,"9,363"
4093,"9,732"
4094,"10,946"
4095,"11,936"
4096,"10,172"
4097,"8,356"
4098,"5,412"
4099,"11,355"
4100,"5,017"
4101,"9,960"
4102,"8,659"
4103,"8,575"
4104,"6,217"
4105,"4,676"
4106,"6,531"
4107,"7,975"
4108,"9,754"
4109,"8,484"
4110,"5,781"
4111,"8,542"
4112,"8,421"
4113,"8,343"
4114,"8,393"
4115,"5,085"
4116,"7,064"
4117,"8,484"
4118,"8,078"
4119,"3,577"
4120,"6,456"
4121,"5,774"
4122,"6,758"
4123,"7,518"
4124,"3,956"
4125,"7,138"
4126,"3,417"
4127,"7,022"
4128,"5,246"
4129,"5,717"
4130,"4,933"
4131,"7,134"
4132,"4,182"
4133,"4,363"
4134,"5,040"
4135,"6,335"
4136,"6,100"
4137,"4,851"
4138,"4,939"
4139,"5,034"
4140,"4,828"
4141,"6,414"
4142,"3,571"
4143,"5,405"
4144,"5,133"
4145,"6,006"
4146,"5,891"
4147,"5,242"
4148,"4,126"
4149,"4,941"
4150,"5,958"
4151,"5,471"
4152,"5,449"
4153,"4,521"
4154,"4,448"
4155,"4,450"
4156,"4,194"
4157,"5,037"
4158,"4,385"
4159,"3,152"
4160,"5,198"
4161,"4,155"
4162,"3,791"
4163,"2,939"
4164,"4,566"
4165,"3,608"
4166,"4,187"
4167,"4,446"
4168,"3,915"
4169,"4,329"
4170,"3,135"
4171,"3,639"
4172,"3,734"
4173,"3,715"
4174,"2,174"
4175,"2,016"
4176,"3,786"
4177,"3,612"
4178,"2,859"
4179,"2,836"
4180,"3,028"
4181,"2,677"
4182,"2,926"
4183,"3,343"
4184,"3,213"
4185,"2,481"
4186,"3,002"
4187,"2,621"
4188,"2,100"
4189,"2,343"
4190,"2,748"
4191,"3,035"
4192,"2,428"
4193,"2,229"
4194,"2,338"
4195,"1,715"
4196,"1,984"
4197,"1,827"
4198,"2,026"
4199,"1,812"
4200,"2,042"
4201,"2,024"
4202,"2,239"
4203,"1,471"
4204,"1,498"
4205,"1,011"
4206,733
4207,"1,248"
4208,"1,640"
4209,"1,726"
4210,"1,269"
4211,"1,369"
4212,"1,648"
4213,"1,665"
4214,"1,650"
4215,"1,519"
4216,779
4217,"1,051"
4218,"1,412"
4219,"1,407"
4220,"1,298"
4221,"1,254"
4222,"1,331"
4223,908
4224,"1,105"
4225,"1,231"
4226,921
4227,"1,161"
4228,"1,003"
4229,852
4230,613
4231,"1,084"
4232,"1,088"
4233,820
4234,989
4235,365
4236,902
4237,878
4238,972
4239,594
4240,918
4241,825
4242,890
4243,645772
4244,782270
4245,502075
4246,378257
4247,333087
4248,208418
4249,182796
4250,185546
4251,274268
4252,205015
4253,273881
4254,114498
4255,176132
4256,162144
4257,161465
4258,120165
4259,160393
4260,"82,389"
4261,120427
4262,"54,731"
4263,"80,682"
4264,138988
4265,134797
4266,120347
4267,"62,117"
4268,108374
4269,112547
4270,113396
4271,102202
4272,100555
4273,"78,576"
4274,"93,923"
4275,"99,926"
4276,"89,849"
4277,"64,282"
4278,"78,802"
4279,"67,270"
4280,"65,661"
4281,"67,882"
4282,"64,366"
4283,"65,256"
4284,"42,883"
4285,"63,362"
4286,"61,336"
4287,"29,273"
4288,"56,582"
4289,"43,885"
4290,"53,825"
4291,"53,073"
4292,"38,839"
4293,"35,237"
4294,"39,488"
4295,"31,165"
4296,"42,062"
4297,"35,860"
4298,"47,920"
4299,"40,406"
4300,"34,834"
4301,"39,696"
4302,"37,419"
4303,"22,114"
4304,"26,993"
4305,"15,125"
4306,"33,281"
4307,"20,289"
4308,"32,968"
4309,"28,994"
4310,"18,463"
4311,"28,789"
4312,"16,854"
4313,"32,159"
4314,"30,418"
4315,"17,671"
4316,"17,357"
4317,"20,961"
4318,"26,566"
4319,"23,281"
4320,"20,331"
4321,"23,315"
4322,"16,910"
4323,"23,021"
4324,"11,922"
4325,"24,056"
4326,"21,331"
4327,"24,339"
4328,"18,034"
4329,"10,127"
4330,"16,794"
4331,"22,919"
4332,"14,207"
4333,"17,231"
4334,"22,572"
4335,"12,788"
4336,"22,867"
4337,"19,626"
4338,"22,198"
4339,"19,041"
4340,"17,283"
4341,"17,668"
4342,"20,545"
4343,"19,260"
4344,"15,637"
4345,"16,032"
4346,"14,588"
4347,"15,569"
4348,"17,336"
4349,"13,912"
4350,"17,857"
4351,"16,581"
4352,"9,090"
4353,"13,938"
4354,"13,161"
4355,"11,736"
4356,"12,080"
4357,"9,486"
4358,"13,338"
4359,"13,682"
4360,"11,850"
4361,"11,658"
4362,"5,052"
4363,"8,154"
4364,"11,607"
4365,"10,092"
4366,"11,117"
4367,"12,671"
4368,"11,810"
4369,"7,597"
4370,"10,089"
4371,"12,464"
4372,"10,459"
4373,"11,485"
4374,"10,102"
4375,"9,579"
4376,"8,506"
4377,"10,777"
4378,"8,594"
4379,"7,999"
4380,"8,595"
4381,"10,250"
4382,"8,162"
4383,"10,143"
4384,"8,455"
4385,"8,438"
4386,"7,777"
4387,"9,064"
4388,"4,474"
4389,"5,926"
4390,"7,636"
4391,"8,314"
4392,"7,814"
4393,"7,310"
4394,"8,178"
4395,"4,994"
4396,"6,717"
4397,"3,820"
4398,"5,169"
4399,"3,952"
4400,"3,627"
4401,"7,440"
4402,"7,475"
4403,"6,210"
4404,"3,347"
4405,"5,642"
4406,"5,759"
4407,"6,838"
4408,"5,206"
4409,"6,372"
4410,"6,115"
4411,"4,875"
4412,"6,241"
4413,"5,014"
4414,"6,072"
4415,"5,209"
4416,"5,996"
4417,"5,533"
4418,"5,440"
4419,"4,369"
4420,"3,416"
4421,"4,587"
4422,"4,410"
4423,"4,260"
4424,"3,778"
4425,"4,333"
4426,"3,376"
4427,"4,335"
4428,"2,557"
4429,"5,074"
4430,"4,186"
4431,"3,949"
4432,"3,700"
4433,"3,961"
4434,"4,734"
4435,"4,209"
4436,"4,491"
4437,"4,374"
4438,"3,451"
4439,"4,513"
4440,"4,458"
4441,"4,308"
4442,"3,929"
4443,"3,201"
4444,"2,981"
4445,"2,417"
4446,"4,018"
4447,"3,872"
4448,"2,461"
4449,"2,892"
4450,"3,161"
4451,"2,954"
4452,"2,744"
4453,"3,468"
4454,"2,029"
4455,"2,613"
4456,"2,660"
4457,"1,759"
4458,"3,203"
4459,"2,358"
4460,"2,292"
4461,"2,302"
4462,"1,489"
4463,"2,437"
4464,"2,235"
4465,"1,800"
4466,"2,381"
4467,"2,348"
4468,"2,366"
4469,"2,020"
4470,"1,856"
4471,"1,963"
4472,"1,516"
4473,"1,026"
4474,"2,015"
4475,"1,454"
4476,"1,862"
4477,801
4478,"1,571"
4479,"1,717"
4480,894
4481,"1,440"
4482,"1,561"
4483,"1,471"
4484,812
4485,"1,204"
4486,"1,139"
4487,"1,177"
4488,"1,470"
4489,"1,005"
4490,"1,081"
4491,"1,370"
4492,"1,161"
4493,"1,342"
4494,"1,289"
4495,"1,381"
4496,"1,399"
4497,"1,187"
4498,"1,351"
4499,"1,202"
4500,"1,091"
4501,"1,089"
4502,"1,192"
4503,"1,189"
4504,"1,280"
4505,"1,345"
4506,"1,229"
4507,"1,073"
4508,905
4509,920
4510,"1,014"
4511,"1,082"
4512,"1,055"
4513,996
4514,734
4515,954
4516,386
4517,909
4518,969
4519,917
4520,663317
4521,848688
4522,412901
4523,316860
4524,434818
4525,206169
4526,357909
4527,183114
4528,154867
4529,250643
4530,191042
4531,105925
4532,131504
4533,142794
4534,137734
4535,179235
4536,156003
4537,118749
4538,126677
4539,"66,086"
4540,120470
4541,127852
4542,112511
4543,"65,464"
4544,"91,012"
4545,"43,096"
4546,105399
4547,"80,863"
4548,"81,388"
4549,"51,225"
4550,"91,833"
4551,"89,931"
4552,"64,606"
4553,"53,229"
4554,"74,387"
4555,"85,549"
4556,"86,558"
4557,"85,510"
4558,"68,886"
4559,"77,037"
4560,"51,887"
4561,"60,863"
4562,"58,361"
4563,"55,124"
4564,"44,319"
4565,"33,306"
4566,"48,047"
4567,"43,874"
4568,"47,588"
4569,"33,683"
4570,"42,562"
4571,"41,428"
4572,"46,987"
4573,"27,628"
4574,"30,796"
4575,"32,295"
4576,"22,255"
4577,"39,092"
4578,"31,304"
4579,"15,584"
4580,"32,436"
4581,"19,938"
4582,"16,826"
4583,"17,681"
4584,"26,280"
4585,"26,916"
4586,"27,208"
4587,"29,569"
4588,"23,766"
4589,"26,203"
4590,"29,137"
4591,"16,027"
4592,"16,167"
4593,"26,802"
4594,"12,744"
4595,"21,660"
4596,"18,054"
4597,"21,884"
4598,"18,552"
4599,"23,348"
4600,"17,546"
4601,"13,794"
4602,"21,183"
4603,"13,156"
4604,"22,314"
4605,"18,191"
4606,"19,269"
4607,"18,063"
4608,"18,599"
4609,"21,860"
4610,"20,993"
4611,"19,616"
4612,"12,138"
4613,"11,417"
4614,"17,243"
4615,"14,509"
4616,"12,725"
4617,"17,582"
4618,"16,007"
4619,"9,350"
4620,"15,596"
4621,"16,748"
4622,"7,265"
4623,"13,260"
4624,"12,143"
4625,"13,804"
4626,"14,916"
4627,"15,189"
4628,"12,919"
4629,"11,862"
4630,"12,077"
4631,"12,494"
4632,"12,719"
4633,"11,643"
4634,"13,407"
4635,"11,240"
4636,"11,958"
4637,"10,216"
4638,"8,209"
4639,"9,782"
4640,"9,727"
4641,"11,770"
4642,"10,408"
4643,"7,989"
4644,"9,554"
4645,"11,201"
4646,"8,950"
4647,"10,135"
4648,"8,187"
4649,"10,916"
4650,"8,252"
4651,"9,524"
4652,"8,438"
4653,"7,942"
4654,"9,027"
4655,"4,724"
4656,"5,780"
4657,"5,484"
4658,"7,335"
4659,"7,902"
4660,"3,731"
4661,"8,180"
4662,"4,796"
4663,"6,986"
4664,"5,663"
4665,"3,165"
4666,"5,870"
4667,"6,055"
4668,"7,579"
4669,"7,474"
4670,"7,194"
4671,"5,510"
4672,"6,413"
4673,"6,265"
4674,"5,449"
4675,"6,443"
4676,"6,275"
4677,"6,088"
4678,"2,963"
4679,"6,527"
4680,"3,156"
4681,"5,483"
4682,"6,698"
4683,"6,218"
4684,"6,005"
4685,"5,817"
4686,"4,996"
4687,"2,935"
4688,"5,679"
4689,"4,418"
4690,"5,362"
4691,"3,668"
4692,"5,330"
4693,"4,206"
4694,"3,963"
4695,"3,996"
4696,"4,893"
4697,"4,961"
4698,"2,520"
4699,"4,133"
4700,"4,392"
4701,"3,802"
4702,"2,713"
4703,"3,574"
4704,"3,576"
4705,"4,295"
4706,"3,572"
4707,"4,211"
4708,"4,398"
4709,"4,039"
4710,"3,290"
4711,"3,228"
4712,"2,753"
4713,"3,710"
4714,"3,268"
4715,"3,243"
4716,"2,902"
4717,"2,592"
4718,"3,102"
4719,"3,195"
4720,"1,930"
4721,"2,431"
4722,"2,447"
4723,"2,488"
4724,"2,162"
4725,"3,019"
4726,"2,329"
4727,"1,826"
4728,"2,112"
4729,"2,359"
4730,"2,373"
4731,"1,388"
4732,"1,255"
4733,"2,148"
4734,"1,943"
4735,"1,709"
4736,"1,965"
4737,"2,062"
4738,"1,622"
4739,"1,863"
4740,"1,512"
4741,"1,026"
4742,"1,565"
4743,"1,394"
4744,"1,200"
4745,"1,320"
4746,"1,693"
4747,"1,605"
4748,"1,345"
4749,"1,512"
4750,"1,523"
4751,"1,698"
4752,"1,776"
4753,"1,719"
4754,"1,516"
4755,"1,216"
4756,"1,628"
4757,723
4758,"1,191"
4759,838
4760,"1,368"
4761,"1,457"
4762,966
4763,"1,417"
4764,"1,216"
4765,"1,164"
4766,"1,330"
4767,"1,201"
4768,"1,366"
4769,"1,282"
4770,"1,186"
4771,"1,091"
4772,"1,073"
4773,908
4774,849
4775,"1,043"
4776,"1,043"
4777,394
4778,758
4779,837
4780,804
4781,813
4782,689216
4783,905246
4784,440443
4785,445835
4786,302681
4787,199629
4788,380910
4789,177152
4790,134415
4791,233017
4792,142294
4793,169731
4794,"98,398"
4795,192361
4796,191716
4797,131253
4798,115088
4799,155290
4800,105805
4801,"69,266"
4802,115704
4803,113811
4804,"93,637"
4805,"63,379"
4806,"81,329"
4807,"96,813"
4808,100809
4809,"79,232"
4810,"90,413"
4811,"64,018"
4812,"83,977"
4813,"82,963"
4814,"49,654"
4815,"71,066"
4816,"76,860"
4817,"79,107"
4818,"31,187"
4819,"62,553"
4820,"61,936"
4821,"56,998"
4822,"51,425"
4823,"51,086"
4824,"45,407"
4825,"39,666"
4826,"26,216"
4827,"31,927"
4828,"38,920"
4829,"38,471"
4830,"34,035"
4831,"42,515"
4832,"47,709"
4833,"23,725"
4834,"40,190"
4835,"39,734"
4836,"28,542"
4837,"24,920"
4838,"35,788"
4839,"16,008"
4840,"28,317"
4841,"26,936"
4842,"31,935"
4843,"15,920"
4844,"25,659"
4845,"27,993"
4846,"24,332"
4847,"16,655"
4848,"13,559"
4849,"26,214"
4850,"22,843"
4851,"25,369"
4852,"20,860"
4853,"23,886"
4854,"18,560"
4855,"14,031"
4856,"19,611"
4857,"14,048"
4858,"20,917"
4859,"18,837"
4860,"13,049"
4861,"17,061"
4862,"17,665"
4863,"19,129"
4864,"21,917"
4865,"21,376"
4866,"19,845"
4867,"14,316"
4868,"13,923"
4869,"14,699"
4870,"16,679"
4871,"14,908"
4872,"18,184"
4873,"19,195"
4874,"18,111"
4875,"15,403"
4876,"16,881"
4877,"15,750"
4878,"16,132"
4879,"13,136"
4880,"8,458"
4881,"9,395"
4882,"11,546"
4883,"13,698"
4884,"12,065"
4885,"10,115"
4886,"11,620"
4887,"9,948"
4888,"11,939"
4889,"12,172"
4890,"7,011"
4891,"9,067"
4892,"12,898"
4893,"12,464"
4894,"11,997"
4895,"10,009"
4896,"11,371"
4897,"10,806"
4898,"9,975"
4899,"10,098"
4900,"9,012"
4901,"9,363"
4902,"8,338"
4903,"9,422"
4904,"4,517"
4905,"9,984"
4906,"8,911"
4907,"6,390"
4908,"6,804"
4909,"8,707"
4910,"4,888"
4911,"9,901"
4912,"7,494"
4913,"7,173"
4914,"6,523"
4915,"7,174"
4916,"6,388"
4917,"3,771"
4918,"7,298"
4919,"6,098"
4920,"4,616"
4921,"7,526"
4922,"6,095"
4923,"7,114"
4924,"6,055"
4925,"7,092"
4926,"6,721"
4927,"5,597"
4928,"6,149"
4929,"3,054"
4930,"6,029"
4931,"5,420"
4932,"4,167"
4933,"5,485"
4934,"2,560"
4935,"5,293"
4936,"5,279"
4937,"4,121"
4938,"4,957"
4939,"5,008"
4940,"2,579"
4941,"4,794"
4942,"3,263"
4943,"4,964"
4944,"3,749"
4945,"4,788"
4946,"4,620"
4947,"4,518"
4948,"4,544"
4949,"4,181"
4950,"3,833"
4951,"4,354"
4952,"3,392"
4953,"3,984"
4954,"4,059"
4955,"3,396"
4956,"3,846"
4957,"3,254"
4958,"3,797"
4959,"2,732"
4960,"3,397"
4961,"2,996"
4962,"3,127"
4963,"2,397"
4964,"2,916"
4965,"3,169"
4966,"2,677"
4967,"3,496"
4968,"3,051"
4969,"2,829"
4970,"1,650"
4971,"1,372"
4972,"2,958"
4973,"3,099"
4974,"2,898"
4975,"2,366"
4976,"2,713"
4977,"2,054"
4978,"2,875"
4979,"2,256"
4980,"2,321"
4981,"2,237"
4982,"2,133"
4983,"2,290"
4984,"1,801"
4985,"2,160"
4986,"1,983"
4987,"2,273"
4988,"1,475"
4989,"1,622"
4990,"2,077"
4991,"2,379"
4992,"2,046"
4993,"2,116"
4994,"2,009"
4995,"2,189"
4996,"1,117"
4997,"1,498"
4998,"1,978"
4999,"1,702"
5000,"1,553"
5001,"1,084"
5002,964
5003,"1,725"
5004,"1,818"
5005,"1,576"
5006,"1,299"
5007,"1,565"
5008,907
5009,"1,362"
5010,"1,641"
5011,"1,503"
5012,858
5013,"1,263"
5014,"1,536"
5015,"1,339"
5016,"1,296"
5017,"1,276"
5018,"1,400"
5019,"1,361"
5020,"1,340"
5021,"1,423"
5022,"1,003"
5023,"1,273"
5024,884
5025,"1,236"
5026,"1,237"
5027,989
5028,"1,069"
5029,941
5030,394
5031,696
5032,925
5033,718
5034,733
5035,713
5036,730
5037,538
5038,795
5039,710871
5040,949263
5041,536947
5042,445497
5043,285563
5044,189417
5045,171011
5046,313299
5047,149939
5048,228614
5049,114394
5050,213172
5051,196371
5052,"91,014"
5053,139364
5054,114996
5055,178198
5056,109831
5057,"71,404"
5058,103721
5059,"72,206"
5060,113408
5061,101692
5062,100859
5063,"81,229"
5064,"81,833"
5065,"72,363"
5066,"94,995"
5067,"62,146"
5068,"71,332"
5069,"78,250"
5070,"77,942"
5071,"71,948"
5072,"65,983"
5073,"65,631"
5074,"67,250"
5075,"57,420"
5076,"56,745"
5077,"28,837"
5078,"31,647"
5079,"45,608"
5080,"36,651"
5081,"42,572"
5082,"30,348"
5083,"46,414"
5084,"40,261"
5085,"19,140"
5086,"38,540"
5087,"38,848"
5088,"31,791"
5089,"29,121"
5090,"30,176"
5091,"16,296"
5092,"22,457"
5093,"30,529"
5094,"31,386"
5095,"14,989"
5096,"22,426"
5097,"26,114"
5098,"22,471"
5099,"27,781"
5100,"22,886"
5101,"23,118"
5102,"20,597"
5103,"24,932"
5104,"12,788"
5105,"23,564"
5106,"23,678"
5107,"24,277"
5108,"23,969"
5109,"22,994"
5110,"18,081"
5111,"18,656"
5112,"23,639"
5113,"18,195"
5114,"19,263"
5115,"19,341"
5116,"18,879"
5117,"12,752"
5118,"12,208"
5119,"18,446"
5120,"11,735"
5121,"12,143"
5122,"20,238"
5123,"15,267"
5124,"17,090"
5125,"16,509"
5126,"13,885"
5127,"12,012"
5128,"12,596"
5129,"15,917"
5130,"10,223"
5131,"7,946"
5132,"10,639"
5133,"12,630"
5134,"9,933"
5135,"13,461"
5136,"11,029"
5137,"10,835"
5138,"11,371"
5139,"9,897"
5140,"10,642"
5141,"11,332"
5142,"8,889"
5143,"9,733"
5144,"10,455"
5145,"9,894"
5146,"9,313"
5147,"8,845"
5148,"9,299"
5149,"8,339"
5150,"7,783"
5151,"7,968"
5152,"4,961"
5153,"7,312"
5154,"7,498"
5155,"6,953"
5156,"6,702"
5157,"7,993"
5158,"6,972"
5159,"8,412"
5160,"5,863"
5161,"6,450"
5162,"8,435"
5163,"7,733"
5164,"7,165"
5165,"7,881"
5166,"6,395"
5167,"3,598"
5168,"7,459"
5169,"4,708"
5170,"4,378"
5171,"6,969"
5172,"5,623"
5173,"6,857"
5174,"5,576"
5175,"5,723"
5176,"3,029"
5177,"3,937"
5178,"5,360"
5179,"6,062"
5180,"4,447"
5181,"6,209"
5182,"5,614"
5183,"5,574"
5184,"5,271"
5185,"4,995"
5186,"5,311"
5187,"4,359"
5188,"3,471"
5189,"4,508"
5190,"4,749"
5191,"4,260"
5192,"4,399"
5193,"4,300"
5194,"3,621"
5195,"1,924"
5196,"4,172"
5197,"3,192"
5198,"1,978"
5199,"3,732"
5200,"3,917"
5201,"3,579"
5202,"4,037"
5203,"4,074"
5204,"3,845"
5205,"2,911"
5206,"2,574"
5207,"1,849"
5208,"2,800"
5209,"3,170"
5210,"3,231"
5211,"2,682"
5212,"1,507"
5213,"2,596"
5214,"2,543"
5215,"2,416"
5216,"2,698"
5217,"2,437"
5218,"1,994"
5219,"2,827"
5220,"2,395"
5221,"1,781"
5222,"2,256"
5223,"2,567"
5224,"2,648"
5225,"1,809"
5226,"2,378"
5227,"2,374"
5228,"2,630"
5229,"2,153"
5230,"2,005"
5231,"1,879"
5232,"2,159"
5233,"2,475"
5234,"1,908"
5235,"1,810"
5236,"2,057"
5237,"2,102"
5238,"1,740"
5239,"2,145"
5240,"1,603"
5241,"1,876"
5242,"2,084"
5243,"2,041"
5244,"1,815"
5245,"1,761"
5246,"1,837"
5247,"1,444"
5248,"1,846"
5249,971
5250,"1,770"
5251,"1,129"
5252,"1,697"
5253,"1,357"
5254,"1,698"
5255,"1,291"
5256,"1,450"
5257,"1,444"
5258,"1,489"
5259,"1,229"
5260,"1,398"
5261,"1,140"
5262,"1,511"
5263,"1,444"
5264,763
5265,"1,197"
5266,"1,219"
5267,"1,277"
5268,"1,348"
5269,964
5270,747
5271,655
5272,"1,090"
5273,"1,048"
5274,852
5275,968
5276,688
5277,417
5278,955
5279,765
5280,761
5281,730276
5282,972994
5283,627023
5284,438632
5285,276591
5286,179905
5287,164289
5288,263928
5289,156413
5290,233123
5291,200017
5292,"97,432"
5293,194048
5294,197427
5295,"74,580"
5296,"97,756"
5297,"73,315"
5298,"82,598"
5299,106029
5300,111850
5301,104288
5302,109426
5303,110151
5304,"83,479"
5305,"77,971"
5306,"87,412"
5307,"83,876"
5308,"60,199"
5309,"70,997"
5310,"75,612"
5311,"72,507"
5312,"67,529"
5313,"62,991"
5314,"31,844"
5315,"57,328"
5316,"56,182"
5317,"51,423"
5318,"50,451"
5319,"38,870"
5320,"44,386"
5321,"37,014"
5322,"42,414"
5323,"29,681"
5324,"44,039"
5325,"31,598"
5326,"28,253"
5327,"36,024"
5328,"29,386"
5329,"14,483"
5330,"28,939"
5331,"19,943"
5332,"31,429"
5333,"13,745"
5334,"29,758"
5335,"27,963"
5336,"16,615"
5337,"28,298"
5338,"21,488"
5339,"22,723"
5340,"25,404"
5341,"21,483"
5342,"21,654"
5343,"23,476"
5344,"18,477"
5345,"20,345"
5346,"18,416"
5347,"18,124"
5348,"22,281"
5349,"21,650"
5350,"16,008"
5351,"18,847"
5352,"15,901"
5353,"19,595"
5354,"15,763"
5355,"19,790"
5356,"10,163"
5357,"13,896"
5358,"11,277"
5359,"15,477"
5360,"10,765"
5361,"8,469"
5362,"17,905"
5363,"18,972"
5364,"13,703"
5365,"15,988"
5366,"15,790"
5367,"14,344"
5368,"14,726"
5369,"10,781"
5370,"12,029"
5371,"8,992"
5372,"11,815"
5373,"8,350"
5374,"11,138"
5375,"12,837"
5376,"12,349"
5377,"7,706"
5378,"13,170"
5379,"9,923"
5380,"12,595"
5381,"9,170"
5382,"10,672"
5383,"8,739"
5384,"10,231"
5385,"8,553"
5386,"7,139"
5387,"7,990"
5388,"4,942"
5389,"9,044"
5390,"7,911"
5391,"7,893"
5392,"8,203"
5393,"8,161"
5394,"6,705"
5395,"5,962"
5396,"6,079"
5397,"6,461"
5398,"6,238"
5399,"6,859"
5400,"7,420"
5401,"7,139"
5402,"6,915"
5403,"3,380"
5404,"3,132"
5405,"5,407"
5406,"6,878"
5407,"5,846"
5408,"5,756"
5409,"5,692"
5410,"3,801"
5411,"5,666"
5412,"5,739"
5413,"5,221"
5414,"4,234"
5415,"2,538"
5416,"4,086"
5417,"5,215"
5418,"5,027"
5419,"4,622"
5420,"4,873"
5421,"4,282"
5422,"5,030"
5423,"4,006"
5424,"4,442"
5425,"4,004"
5426,"3,893"
5427,"3,585"
5428,"4,649"
5429,"4,457"
5430,"3,393"
5431,"3,913"
5432,"3,696"
5433,"3,408"
5434,"3,448"
5435,"3,708"
5436,"1,576"
5437,"3,346"
5438,"3,487"
5439,"2,624"
5440,"3,023"
5441,"2,968"
5442,"2,569"
5443,"3,016"
5444,"2,749"
5445,"3,133"
5446,"2,245"
5447,"3,049"
5448,"2,500"
5449,"2,746"
5450,"2,839"
5451,"1,797"
5452,"2,659"
5453,"2,244"
5454,"2,547"
5455,"2,414"
5456,"1,786"
5457,"2,113"
5458,"1,529"
5459,"2,136"
5460,"1,382"
5461,"1,891"
5462,"2,006"
5463,"1,761"
5464,"1,597"
5465,"1,764"
5466,"1,868"
5467,"1,529"
5468,"1,537"
5469,"1,016"
5470,"1,761"
5471,"1,781"
5472,"1,421"
5473,"1,317"
5474,"1,346"
5475,"1,536"
5476,"1,390"
5477,"1,301"
5478,"1,533"
5479,"1,368"
5480,"1,275"
5481,"1,111"
5482,"1,141"
5483,"1,151"
5484,"1,515"
5485,872
5486,"1,497"
5487,"1,254"
5488,"1,248"
5489,"1,248"
5490,"1,186"
5491,853
5492,"1,251"
5493,"1,182"
5494,720
5495,902
5496,995
5497,"1,051"
5498,"1,034"
5499,967
5500,645
5501,"1,001"
5502,994
5503,952
5504,898
5505,685
5506,737836
5507,989746
5508,697196
5509,423581
5510,268499
5511,173028
5512,290137
5513,153180
5514,160695
5515,185091
5516,209138
5517,187714
5518,169645
5519,"82,952"
5520,"91,074"
5521,117076
5522,"73,399"
5523,102985
5524,"60,825"
5525,"80,718"
5526,116178
5527,"99,156"
5528,"76,406"
5529,"81,679"
5530,"68,381"
5531,"70,062"
5532,"81,009"
5533,"57,631"
5534,"72,661"
5535,"69,434"
5536,"68,155"
5537,"69,041"
5538,"66,985"
5539,"34,228"
5540,"55,754"
5541,"48,341"
5542,"40,134"
5543,"42,326"
5544,"41,948"
5545,"28,124"
5546,"33,017"
5547,"41,842"
5548,"38,743"
5549,"32,623"
5550,"32,274"
5551,"35,677"
5552,"33,354"
5553,"31,864"
5554,"31,263"
5555,"31,369"
5556,"24,732"
5557,"13,313"
5558,"26,637"
5559,"23,258"
5560,"17,513"
5561,"26,288"
5562,"24,679"
5563,"11,890"
5564,"22,996"
5565,"21,148"
5566,"17,452"
5567,"19,807"
5568,"15,195"
5569,"18,135"
5570,"18,252"
5571,"16,332"
5572,"14,850"
5573,"15,112"
5574,"17,166"
5575,"15,684"
5576,"18,064"
5577,"10,687"
5578,"16,919"
5579,"17,800"
5580,"16,285"
5581,"11,685"
5582,"9,605"
5583,"15,102"
5584,"15,241"
5585,"13,868"
5586,"7,785"
5587,"12,323"
5588,"11,898"
5589,"10,371"
5590,"13,289"
5591,"12,871"
5592,"12,527"
5593,"10,763"
5594,"10,178"
5595,"8,883"
5596,"7,205"
5597,"11,445"
5598,"12,679"
5599,"8,914"
5600,"8,641"
5601,"10,872"
5602,"7,482"
5603,"8,418"
5604,"6,759"
5605,"5,798"
5606,"8,678"
5607,"8,133"
5608,"9,638"
5609,"7,487"
5610,"4,827"
5611,"7,481"
5612,"8,437"
5613,"6,963"
5614,"7,912"
5615,"6,521"
5616,"7,074"
5617,"4,143"
5618,"6,570"
5619,"7,300"
5620,"6,949"
5621,"5,597"
5622,"3,288"
5623,"6,114"
5624,"6,794"
5625,"6,181"
5626,"5,213"
5627,"6,242"
5628,"6,813"
5629,"3,128"
5630,"5,350"
5631,"2,981"
5632,"4,906"
5633,"5,007"
5634,"5,317"
5635,"5,385"
5636,"5,888"
5637,"5,534"
5638,"4,933"
5639,"4,835"
5640,"4,029"
5641,"5,017"
5642,"3,683"
5643,"4,313"
5644,"2,878"
5645,"4,223"
5646,"4,408"
5647,"4,120"
5648,"4,369"
5649,"3,223"
5650,"3,830"
5651,"3,932"
5652,"3,182"
5653,"3,787"
5654,"3,349"
5655,"3,511"
5656,"2,678"
5657,"1,473"
5658,"3,375"
5659,"3,042"
5660,"2,518"
5661,"3,171"
5662,"2,918"
5663,"1,841"
5664,"2,618"
5665,"2,616"
5666,"2,462"
5667,"2,000"
5668,"2,332"
5669,"2,277"
5670,"2,060"
5671,"2,288"
5672,"2,239"
5673,"1,901"
5674,"1,950"
5675,"2,059"
5676,"1,834"
5677,"1,611"
5678,"1,642"
5679,"1,903"
5680,"1,895"
5681,"1,521"
5682,"1,284"
5683,"1,061"
5684,"1,812"
5685,"1,787"
5686,"1,086"
5687,"1,445"
5688,"1,160"
5689,"1,502"
5690,979
5691,705
5692,"1,521"
5693,"1,172"
5694,"1,503"
5695,"1,428"
5696,"1,413"
5697,"1,281"
5698,"1,388"
5699,"1,136"
5700,"1,288"
5701,"1,069"
5702,851
5703,"1,145"
5704,"1,196"
5705,724
5706,980
5707,"1,100"
5708,"1,250"
5709,"1,109"
5710,"1,135"
5711,"1,091"
5712,"1,038"
5713,"1,161"
5714,"1,101"
5715,871
5716,832
5717,797
5718,724
5719,924
5720,752
5721,980503
5722,720464
5723,740899
5724,397309
5725,252989
5726,305892
5727,164286
5728,161304
5729,141989
5730,212458
5731,167492
5732,170585
5733,"97,274"
5734,118973
5735,"68,814"
5736,"69,310"
5737,"99,704"
5738,119473
5739,114578
5740,"67,107"
5741,"48,995"
5742,"77,367"
5743,"86,276"
5744,"55,830"
5745,"65,439"
5746,"67,616"
5747,"36,502"
5748,"73,753"
5749,"58,375"
5750,"66,379"
5751,"67,392"
5752,"67,498"
5753,"51,210"
5754,"54,107"
5755,"54,039"
5756,"40,316"
5757,"36,310"
5758,"45,714"
5759,"39,984"
5760,"40,220"
5761,"39,082"
5762,"26,031"
5763,"34,055"
5764,"34,420"
5765,"31,122"
5766,"38,992"
5767,"32,627"
5768,"32,765"
5769,"31,704"
5770,"29,310"
5771,"24,354"
5772,"12,620"
5773,"22,146"
5774,"26,497"
5775,"24,094"
5776,"22,332"
5777,"20,800"
5778,"15,182"
5779,"17,970"
5780,"19,881"
5781,"17,012"
5782,"21,034"
5783,"16,097"
5784,"14,067"
5785,"15,712"
5786,"16,911"
5787,"18,146"
5788,"18,263"
5789,"12,386"
5790,"8,218"
5791,"12,537"
5792,"15,241"
5793,"16,211"
5794,"10,249"
5795,"14,973"
5796,"13,542"
5797,"15,153"
5798,"16,444"
5799,"14,762"
5800,"12,430"
5801,"12,656"
5802,"8,170"
5803,"12,934"
5804,"7,042"
5805,"11,564"
5806,"11,014"
5807,"10,333"
5808,"7,727"
5809,"6,777"
5810,"11,343"
5811,"10,511"
5812,"7,735"
5813,"8,682"
5814,"9,318"
5815,"9,364"
5816,"7,492"
5817,"8,497"
5818,"8,117"
5819,"4,547"
5820,"7,025"
5821,"3,646"
5822,"6,585"
5823,"6,182"
5824,"6,710"
5825,"6,425"
5826,"7,680"
5827,"6,821"
5828,"6,567"
5829,"3,360"
5830,"6,877"
5831,"7,158"
5832,"5,723"
5833,"4,239"
5834,"6,421"
5835,"5,047"
5836,"5,956"
5837,"6,237"
5838,"5,198"
5839,"5,007"
5840,"4,998"
5841,"3,524"
5842,"4,690"
5843,"4,489"
5844,"4,555"
5845,"2,326"
5846,"4,913"
5847,"3,977"
5848,"4,650"
5849,"3,478"
5850,"3,432"
5851,"3,261"
5852,"4,331"
5853,"3,789"
5854,"3,885"
5855,"1,566"
5856,"2,294"
5857,"3,756"
5858,"3,564"
5859,"3,291"
5860,"3,426"
5861,"3,280"
5862,"3,222"
5863,"2,767"
5864,"3,231"
5865,"2,799"
5866,"2,975"
5867,"2,597"
5868,"2,750"
5869,"2,932"
5870,"1,851"
5871,"2,746"
5872,"2,478"
5873,"1,870"
5874,"1,546"
5875,"1,846"
5876,"2,351"
5877,"1,428"
5878,"1,836"
5879,"1,252"
5880,"1,772"
5881,"1,877"
5882,"1,948"
5883,"1,916"
5884,"1,808"
5885,"1,783"
5886,"1,751"
5887,"1,511"
5888,"1,445"
5889,"1,521"
5890,"1,548"
5891,"1,458"
5892,"1,453"
5893,"1,437"
5894,"1,521"
5895,"1,455"
5896,"1,500"
5897,"1,438"
5898,"1,432"
5899,"1,280"
5900,946
5901,"1,187"
5902,"1,000"
5903,"1,061"
5904,825
5905,977
5906,"1,178"
5907,"1,015"
5908,"1,227"
5909,"1,052"
5910,"1,113"
5911,905
5912,"1,089"
5913,769
5914,696
5915,925
5916,776
5917,855
5918,1007113
5919,727636
5920,781210
5921,366992
5922,325282
5923,246055
5924,159997
5925,161743
5926,143311
5927,222665
5928,156537
5929,104462
5930,122747
5931,145565
5932,"99,755"
5933,125258
5934,"62,170"
5935,"53,715"
5936,"56,368"
5937,"40,477"
5938,"70,149"
5939,"76,442"
5940,"56,914"
5941,"66,660"
5942,"34,850"
5943,"67,647"
5944,"65,183"
5945,"69,642"
5946,"66,887"
5947,"56,519"
5948,"65,305"
5949,"58,188"
5950,"45,114"
5951,"53,576"
5952,"40,754"
5953,"40,037"
5954,"37,509"
5955,"39,172"
5956,"39,462"
5957,"37,849"
5958,"40,543"
5959,"35,653"
5960,"31,568"
5961,"29,261"
5962,"37,411"
5963,"23,929"
5964,"30,961"
5965,"34,310"
5966,"33,128"
5967,"26,367"
5968,"29,292"
5969,"27,997"
5970,"21,969"
5971,"24,209"
5972,"11,502"
5973,"25,479"
5974,"18,434"
5975,"21,436"
5976,"22,718"
5977,"17,251"
5978,"17,079"
5979,"20,210"
5980,"14,392"
5981,"19,936"
5982,"16,722"
5983,"18,796"
5984,"12,461"
5985,"17,039"
5986,"13,639"
5987,"15,145"
5988,"16,794"
5989,"10,362"
5990,"14,247"
5991,"16,045"
5992,"12,893"
5993,"14,732"
5994,"8,043"
5995,"13,147"
5996,"12,798"
5997,"12,643"
5998,"14,098"
5999,"13,183"
6000,"10,490"
6001,"10,882"
6002,"8,142"
6003,"6,700"
6004,"10,337"
6005,"9,999"
6006,"4,743"
6007,"9,974"
6008,"4,482"
6009,"8,236"
6010,"7,333"
6011,"7,403"
6012,"9,570"
6013,"5,872"
6014,"8,986"
6015,"8,674"
6016,"6,860"
6017,"7,048"
6018,"6,889"
6019,"4,390"
6020,"6,919"
6021,"6,952"
6022,"3,473"
6023,"6,956"
6024,"7,144"
6025,"6,221"
6026,"6,779"
6027,"6,229"
6028,"6,423"
6029,"5,308"
6030,"6,398"
6031,"5,719"
6032,"6,258"
6033,"4,196"
6034,"5,146"
6035,"4,279"
6036,"3,185"
6037,"2,391"
6038,"4,738"
6039,"4,620"
6040,"4,526"
6041,"4,247"
6042,"4,444"
6043,"3,856"
6044,"1,802"
6045,"2,838"
6046,"3,428"
6047,"2,421"
6048,"2,384"
6049,"3,482"
6050,"3,328"
6051,"3,434"
6052,"3,625"
6053,"3,442"
6054,"3,224"
6055,"3,104"
6056,"2,718"
6057,"2,745"
6058,"2,980"
6059,"2,978"
6060,"1,854"
6061,"2,831"
6062,"1,613"
6063,"1,765"
6064,"2,057"
6065,"2,122"
6066,"2,481"
6067,"2,160"
6068,"2,225"
6069,"2,212"
6070,"2,062"
6071,"1,871"
6072,"1,946"
6073,"1,351"
6074,"1,839"
6075,"1,380"
6076,"1,564"
6077,"1,771"
6078,"1,698"
6079,"1,752"
6080,"1,419"
6081,"1,449"
6082,"1,575"
6083,"1,475"
6084,"1,523"
6085,"1,402"
6086,"1,513"
6087,"1,295"
6088,"1,397"
6089,"1,300"
6090,"1,292"
6091,968
6092,"1,121"
6093,"1,152"
6094,"1,215"
6095,"1,130"
6096,"1,090"
6097,"1,012"
6098,670
6099,790
6100,639
6101,721
