,Power
0,-94.03389831
1,68.57142857
2,-89.46153846
3,75.57692308
4,126.1111111
5,60.96296296
6,71.33333333
7,130.25
8,67.95652174
9,106.225
10,60.8
11,87.31034483
12,74.4
13,131.6
14,149.7096774
15,125.4358974
16,80.0
17,94.33333333
18,86.45454545
19,79.76666667
20,72.58139535
21,66.97058824
22,104.2
23,
24,105.1692308
25,75.64864865
26,91.61016949
27,225.0
28,103.6769231
29,192.4
30,89.34782609
31,76.31578947
32,
33,182.5714286
34,196.3361345
35,97.71875
36,95.0
37,74.73333333
38,93.01190476
39,81.66666667
40,90.625
41,0.12
42,70600.12
43,80120.12
44,68.75
45,137.7741935
46,5370354.7741935
47,145.0
48,50.0
49,53.0
50,51.77777778
51,517777.7778
52,199.7272727
53,52.84615385
54,
55,66.42857143
56,114.8202247
57,167.25
58,61.27272727
59,117.7058824
60,103.4285714
61,118.1851852
62,52.38461538
63,68.90909091
64,124.8571429
65,
66,103.1086957
67,101.8947368
68,178.5555556
69,99.0
70,64.625
71,52.44444444
72,85.69230769
73,67.0
74,53.88235294
75,
76,135.2909091
77,53.81818182
78,94.03846154
79,112.75
80,80.0
81,99.0
82,246.3333333
83,86.0
84,85.71428571
85,88.09090909
86,92.82051282
87,69.0
88,113.375
89,166.3157895
90,113.3529412
91,98.04761905
92,85.28
93,50.0
94,93.58695652
95,70.72727273
96,184.1666667
97,128.8888889
98,188.3333333
99,115.3
100,114.6538462
101,64.0
102,100.5945946
103,176.25
104,86.63855422
105,73.48837209
106,150.4545455
107,165.0
108,96.0
109,172.3157895
110,113.3529412
111,63.56410256
112,213.1538462
113,104.2264151
114,117.4311927
115,184.0
116,108.0
117,105.7142857
118,55.375
119,78.85294118
120,84.2
121,293.5333333
122,223.5454545
123,97.6
124,146.122449
125,109.6666667
126,114.0
127,144.6363636
128,73.23809524
129,223.8333333
130,81.28571429
131,70.33333333
132,92.33333333
133,117.5789474
134,151.6666667
135,202.125
136,74.0
137,51.375
138,67.0
139,40.81818182
140,213.5
141,50.0
142,114.2692308
143,70.92156863
144,94.0625
145,92.36363636
146,120.1538462
147,283.0
148,96.05263158
149,113.2826087
150,75.4
151,47.75
152,104.2017544
153,113.84
154,67.02325581
155,75.09090909
156,96.92592593
157,115.8333333
158,166.0
159,61.0
160,88.0
161,105.875
162,144.2307692
163,131.6
164,82.25
165,110.0
166,83.5
167,190.0
168,40.0
169,110.0
170,92.30769231
171,123.9333333
172,210.0
173,95.09677419
174,103.0
175,250.0
176,98.2
177,138.2833333
178,48.66666667
179,59.6
180,90.88461538
181,79.30645161
182,113.8
183,309.0
184,109.1052632
185,76.0
186,58.44444444
187,420.0
188,55.0
189,115.0
190,126.5
191,68.875
192,55.4
193,105.0
194,53.0
195,69.6
196,148.5185185
197,111.3076923
198,107.3793103
199,326.0
200,116.2916667
201,235.0
202,52.5
203,64.45454545
204,120.3333333
205,50.0
206,103.0
207,59.875
208,33.33333333
209,81.16666667
210,70.0
211,48.0
212,97.57894737
213,82.15789474
214,82.2
215,80.42857143
216,128.5
217,131.6666667
218,207.6097561
219,47.45454545
220,105.0
221,96.0
222,35.8
223,77.0
224,68.26923077
225,80.5
226,230.0
227,81.0
228,45.0
229,74.0
230,428.2
231,145.75
232,146.0
233,50.875
234,114.6818182
235,75.5
236,110.0
237,74.21428571
238,89.0
239,125.7058824
240,73.0
241,228.0
242,135.3773585
243,66.66666667
244,60.0
245,104.1666667
246,81.375
247,66.0
248,109.0769231
249,99.52380952
250,110.0
251,220.5
252,199.0
253,135.5
254,72.0
255,89.33333333
256,100.0
257,59.58333333
258,125.0487805
259,84.92682927
260,135.5555556
261,221.0
262,51.4
263,177.0
264,88.73333333
265,99.0
266,82.33333333
267,121.0625
268,82.0
269,67.0
270,150.6086957
271,70.0
272,253.6666667
273,282.25
274,122.6666667
275,108.625
276,89.0
277,75.0
278,63.0
279,94.0
280,134.3333333
281,115.3333333
282,60.0
283,410.0
284,93.6
285,103.0
286,116.25
287,74.0
288,49.13333333
289,190.0
290,69.875
291,60.625
292,103.0833333
293,163.5
294,105.25
295,94.0
296,120.4255319
297,91.75
298,70.25
299,381.0
300,91.75
301,98.0
302,127.6666667
303,390.0
304,111.2
305,45.0
306,316.3333333
307,93.35714286
308,121.0
309,174.3333333
310,101.0
311,190.0
312,103.5
313,63.29411765
314,110.6666667
315,89.2
316,117.7857143
317,114.0
318,126.7777778
319,101.8181818
320,84.0
321,125.36
322,257.5
323,54.5
324,82.15789474
325,119.6666667
326,69.0
327,88.0
328,163.7142857
329,137.5
330,66.35483871
331,121.0
332,98.0
333,29.0
334,93.6
335,54.0
336,113.2826087
337,78.0
338,73.08333333
339,72.85185185
340,224.7777778
341,89.26315789
342,126.1451613
343,147.0
344,188.0
345,81.74193548
346,122.1428571
347,144.375
348,115.4666667
349,141.4444444
350,114.5
351,75.0
352,103.0
353,90.94117647
354,90.85714286
355,368.6666667
356,80.0
357,73.0
358,250.0
359,118.0
360,250.0
361,79.875
362,67.33333333
363,72.625
364,329.0
365,64.0
366,48.0
367,336.0
368,104.2173913
369,120.4255319
370,133.3333333
371,230.0
372,129.5
373,225.0
374,110.0
375,91.44117647
376,114.0
377,196.3361345
378,234.8461538
379,51.0
380,108.3636364
381,102.7261905
382,87.07692308
383,55.0
384,242.0
385,433.5
386,170.0
387,110.0
388,173.0
389,230.0
390,83.0
391,338.0
392,105.5454545
393,121.0
394,239.2
395,51.33333333
396,117.0243902
397,110.0
398,78.4
399,450.0
400,105.0
401,112.0714286
402,419.0
403,123.2666667
404,116.08
405,59.5
406,101.12
407,91.75
408,147.0
409,102.0
410,94.03389831
411,68.57142857
412,89.46153846
413,75.57692308
414,126.1111111
415,60.96296296
416,71.33333333
417,130.25
418,67.95652174
419,87.31034483
420,60.8
421,106.225
422,74.4
423,131.6
424,125.4358974
425,149.7096774
426,86.45454545
427,72.58139535
428,79.76666667
429,80.0
430,94.33333333
431,91.61016949
432,66.97058824
433,105.1692308
434,75.64864865
435,104.2
436,103.6769231
437,225.0
438,182.5714286
439,89.34782609
440,192.4
441,81.66666667
442,76.31578947
443,95.0
444,93.01190476
445,196.3361345
446,145.0
447,137.7741935
448,90.625
449,67.0
450,74.73333333
451,99.0
452,117.7058824
453,53.88235294
454,97.71875
455,199.7272727
456,167.25
457,50.0
458,53.81818182
459,61.27272727
460,124.8571429
461,103.4285714
462,52.84615385
463,53.0
464,114.8202247
465,118.1851852
466,66.42857143
467,51.77777778
468,68.90909091
469,101.8947368
470,178.5555556
471,135.2909091
472,52.38461538
473,103.1086957
474,64.625
475,92.82051282
476,52.44444444
477,85.69230769
478,93.58695652
479,112.75
480,98.04761905
481,63.56410256
482,94.03846154
483,85.71428571
484,113.3529412
485,246.3333333
486,166.3157895
487,69.0
488,80.0
489,113.375
490,85.28
491,114.6538462
492,64.0
493,99.0
494,184.1666667
495,188.3333333
496,73.48837209
497,88.09090909
498,172.3157895
499,50.0
500,104.2264151
501,128.8888889
502,74.0
503,70.72727273
504,84.2
505,117.4311927
506,100.5945946
507,113.3529412
508,96.0
509,115.3
510,78.85294118
511,176.25
512,213.1538462
513,97.6
514,146.122449
515,86.0
516,109.6666667
517,165.0
518,223.5454545
519,92.33333333
520,150.4545455
521,184.0
522,114.0
523,293.5333333
524,70.92156863
525,94.0625
526,117.5789474
527,223.8333333
528,55.375
529,144.6363636
530,105.7142857
531,92.36363636
532,86.63855422
533,70.33333333
534,75.4
535,108.0
536,50.0
537,67.0
538,40.81818182
539,202.125
540,151.6666667
541,213.5
542,166.0
543,47.75
544,40.0
545,96.05263158
546,113.2826087
547,104.2017544
548,115.8333333
549,67.02325581
550,61.0
551,92.30769231
552,75.09090909
553,95.09677419
554,105.875
555,96.92592593
556,103.0
557,120.1538462
558,110.0
559,81.28571429
560,98.2
561,131.6
562,138.2833333
563,82.25
564,88.0
565,190.0
566,109.1052632
567,250.0
568,116.2916667
569,114.2692308
570,48.66666667
571,90.88461538
572,48.0
573,76.0
574,309.0
575,105.0
576,55.0
577,79.30645161
578,53.0
579,115.0
580,113.8
581,110.0
582,59.6
583,210.0
584,126.5
585,420.0
586,82.2
587,107.3793103
588,144.2307692
589,58.44444444
590,68.26923077
591,97.57894737
592,33.33333333
593,111.3076923
594,128.5
595,64.45454545
596,123.9333333
597,82.15789474
598,113.84
599,105.0
600,59.875
601,70.0
602,103.0
603,68.875
604,47.45454545
605,80.42857143
606,148.5185185
607,83.5
608,69.6
609,326.0
610,50.0
611,207.6097561
612,96.0
613,80.5
614,120.3333333
615,51.375
616,50.875
617,235.0
618,55.4
619,66.66666667
620,131.6666667
621,77.0
622,114.6818182
623,125.7058824
624,35.8
625,81.375
626,110.0
627,52.5
628,84.92682927
629,74.0
630,230.0
631,70.0
632,375.0
633,67.0
634,73.23809524
635,74.21428571
636,81.16666667
637,146.0
638,428.2
639,104.1666667
640,109.0769231
641,135.5
642,228.0
643,60.0
644,81.0
645,135.3773585
646,88.73333333
647,145.75
648,199.0
649,51.4
650,82.0
651,99.0
652,59.58333333
653,221.0
654,177.0
655,283.0
656,89.0
657,82.33333333
658,115.3333333
659,63.0
660,220.5
661,69.875
662,121.0625
663,72.0
664,89.0
665,75.0
666,108.625
667,253.6666667
668,122.6666667
669,99.52380952
670,73.0
671,134.3333333
672,45.0
673,94.0
674,110.0
675,94.0
676,135.5555556
677,70.25
678,98.0
679,60.0
680,91.75
681,91.75
682,282.25
683,410.0
684,100.0
685,163.5
686,74.0
687,110.6666667
688,29.0
689,111.2
690,125.36
691,82.15789474
692,127.6666667
693,84.0
694,381.0
695,117.7857143
696,89.2
697,78.0
698,72.85185185
699,60.625
700,103.5
701,174.3333333
702,93.6
703,121.0
704,120.4255319
705,390.0
706,63.29411765
707,66.35483871
708,103.0833333
709,116.25
710,45.0
711,73.08333333
712,150.6086957
713,119.6666667
714,190.0
715,103.0
716,114.0
717,79.875
718,75.0
719,125.0487805
720,316.3333333
721,98.0
722,101.0
723,137.5
724,69.0
725,126.1451613
726,67.33333333
727,88.0
728,115.4666667
729,163.7142857
730,257.5
731,54.5
732,121.0
733,190.0
734,90.94117647
735,188.0
736,336.0
737,118.0
738,144.375
739,122.1428571
740,114.5
741,250.0
742,141.4444444
743,224.7777778
744,133.3333333
745,120.4255319
746,110.0
747,87.07692308
748,54.0
749,250.0
750,80.0
751,72.625
752,196.3361345
753,48.0
754,129.5
755,64.0
756,51.0
757,93.6
758,90.85714286
759,368.6666667
760,105.5454545
761,83.0
762,81.74193548
763,114.0
764,113.2826087
765,51.33333333
766,110.0
767,234.8461538
768,105.25
769,91.44117647
770,173.0
771,117.0243902
772,59.5
773,230.0
774,102.7261905
775,329.0
776,102.0
777,433.5
778,242.0
779,55.0
780,47.0
781,101.12
782,78.4
783,57.86666667
784,75.5
785,49.13333333
786,74.0
787,98.0
788,338.0
789,64.2
790,239.2
791,450.0
792,112.0714286
793,121.0
794,105.0
795,102.0
796,100.8
797,419.0
798,147.0
799,106.3023256
800,103.0
801,60.11111111
802,70.30769231
803,101.8181818
804,94.03389831
805,68.57142857
806,89.46153846
807,75.57692308
808,126.1111111
809,71.33333333
810,60.96296296
811,130.25
812,67.95652174
813,87.31034483
814,60.8
815,106.225
816,74.4
817,72.58139535
818,86.45454545
819,125.4358974
820,131.6
821,149.7096774
822,80.0
823,79.76666667
824,94.33333333
825,91.61016949
826,66.97058824
827,105.1692308
828,103.6769231
829,225.0
830,81.66666667
831,75.64864865
832,182.5714286
833,89.34782609
834,192.4
835,104.2
836,67.0
837,76.31578947
838,95.0
839,53.88235294
840,145.0
841,93.01190476
842,99.0
843,137.7741935
844,53.81818182
845,117.7058824
846,196.3361345
847,90.625
848,167.25
849,63.56410256
850,92.82051282
851,124.8571429
852,103.4285714
853,199.7272727
854,61.27272727
855,118.1851852
856,114.8202247
857,93.58695652
858,50.0
859,52.84615385
860,135.2909091
861,101.8947368
862,68.90909091
863,178.5555556
864,53.0
865,74.73333333
866,66.42857143
867,98.04761905
868,97.71875
869,52.44444444
870,85.71428571
871,52.38461538
872,64.625
873,112.75
874,113.3529412
875,103.1086957
876,74.0
877,51.77777778
878,166.3157895
879,69.0
880,85.69230769
881,94.03846154
882,246.3333333
883,113.375
884,114.6538462
885,64.0
886,85.28
887,80.0
888,84.2
889,73.48837209
890,188.3333333
891,172.3157895
892,184.1666667
893,104.2264151
894,117.4311927
895,50.0
896,78.85294118
897,97.6
898,99.0
899,70.92156863
900,109.6666667
901,146.122449
902,92.33333333
903,223.5454545
904,94.0625
905,128.8888889
906,88.09090909
907,113.3529412
908,75.4
909,114.0
910,96.0
911,213.1538462
912,92.36363636
913,117.5789474
914,293.5333333
915,115.3
916,100.5945946
917,223.8333333
918,70.72727273
919,50.0
920,176.25
921,70.33333333
922,184.0
923,144.6363636
924,166.0
925,67.0
926,40.81818182
927,55.375
928,40.0
929,105.7142857
930,165.0
931,213.5
932,202.125
933,151.6666667
934,150.4545455
935,47.75
936,104.2017544
937,92.30769231
938,48.0
939,115.8333333
940,95.09677419
941,61.0
942,103.0
943,96.05263158
944,116.2916667
945,67.02325581
946,108.0
947,113.2826087
948,110.0
949,105.875
950,98.2
951,68.26923077
952,138.2833333
953,86.0
954,250.0
955,75.09090909
956,109.1052632
957,105.0
958,96.92592593
959,82.2
960,131.6
961,53.0
962,90.88461538
963,82.25
964,76.0
965,309.0
966,48.66666667
967,115.0
968,190.0
969,55.0
970,107.3793103
971,97.57894737
972,88.0
973,79.30645161
974,126.5
975,420.0
976,120.1538462
977,66.66666667
978,113.8
979,33.33333333
980,50.875
981,128.5
982,105.0
983,59.6
984,70.0
985,86.63855422
986,82.15789474
987,111.3076923
988,84.92682927
989,114.6818182
990,125.7058824
991,64.45454545
992,59.875
993,210.0
994,47.45454545
995,70.0
996,81.375
997,80.5
998,110.0
999,67.0
1000,96.0
1001,103.0
1002,110.0
1003,58.44444444
1004,80.42857143
1005,207.6097561
1006,77.0
1007,148.5185185
1008,35.8
1009,144.2307692
1010,81.28571429
1011,131.6666667
1012,326.0
1013,68.875
1014,235.0
1015,120.3333333
1016,69.6
1017,123.9333333
1018,50.0
1019,74.0
1020,114.2692308
1021,74.21428571
1022,230.0
1023,69.875
1024,88.73333333
1025,135.5
1026,375.0
1027,104.1666667
1028,109.0769231
1029,60.0
1030,89.0
1031,45.0
1032,146.0
1033,55.4
1034,113.84
1035,51.4
1036,115.3333333
1037,99.0
1038,428.2
1039,82.0
1040,228.0
1041,83.5
1042,199.0
1043,59.58333333
1044,177.0
1045,135.3773585
1046,63.0
1047,221.0
1048,91.75
1049,82.33333333
1050,98.0
1051,52.5
1052,70.25
1053,145.75
1054,121.0625
1055,94.0
1056,283.0
1057,91.75
1058,220.5
1059,75.0
1060,81.0
1061,134.3333333
1062,108.625
1063,29.0
1064,94.0
1065,122.6666667
1066,81.16666667
1067,60.0
1068,72.85185185
1069,253.6666667
1070,125.36
1071,78.0
1072,110.6666667
1073,82.15789474
1074,79.875
1075,72.0
1076,84.0
1077,163.5
1078,93.6
1079,73.08333333
1080,66.35483871
1081,117.7857143
1082,410.0
1083,89.2
1084,111.2
1085,75.0
1086,67.33333333
1087,127.6666667
1088,119.6666667
1089,282.25
1090,103.5
1091,381.0
1092,174.3333333
1093,126.1451613
1094,74.0
1095,99.52380952
1096,63.29411765
1097,121.0
1098,98.0
1099,135.5555556
1100,110.0
1101,115.4666667
1102,137.5
1103,390.0
1104,114.0
1105,120.4255319
1106,69.0
1107,316.3333333
1108,103.0833333
1109,89.0
1110,190.0
1111,90.94117647
1112,336.0
1113,60.625
1114,88.0
1115,73.0
1116,87.07692308
1117,133.3333333
1118,105.5454545
1119,118.0
1120,163.7142857
1121,250.0
1122,110.0
1123,188.0
1124,83.0
1125,121.0
1126,196.3361345
1127,120.4255319
1128,257.5
1129,101.0
1130,51.0
1131,114.5
1132,141.4444444
1133,144.375
1134,54.5
1135,103.0
1136,122.1428571
1137,72.625
1138,250.0
1139,129.5
1140,51.33333333
1141,48.0
1142,116.25
1143,64.0
1144,100.0
1145,59.5
1146,57.86666667
1147,47.0
1148,224.7777778
1149,110.0
1150,102.0
1151,98.0
1152,117.0243902
1153,368.6666667
1154,74.0
1155,173.0
1156,90.85714286
1157,54.0
1158,114.0
1159,80.0
1160,64.2
1161,101.12
1162,100.8
1163,234.8461538
1164,78.4
1165,150.6086957
1166,230.0
1167,70.30769231
1168,433.5
1169,60.11111111
1170,58.66666667
1171,75.0
1172,91.44117647
1173,106.3023256
1174,190.0
1175,102.0
1176,450.0
1177,112.0714286
1178,72.42857143
1179,81.74193548
1180,239.2
1181,102.7261905
1182,130.5555556
1183,121.8571429
1184,105.0
1185,419.0
1186,338.0
1187,66.0
1188,242.0
1189,147.0
1190,121.0
1191,360.0
1192,220.0
1193,55.0
1194,49.28571429
1195,44.0
1196,94.03389831
1197,68.57142857
1198,89.46153846
1199,75.57692308
1200,130.25
1201,126.1111111
1202,71.33333333
1203,60.96296296
1204,67.95652174
1205,87.31034483
1206,60.8
1207,106.225
1208,74.4
1209,72.58139535
1210,86.45454545
1211,125.4358974
1212,131.6
1213,149.7096774
1214,91.61016949
1215,80.0
1216,94.33333333
1217,79.76666667
1218,81.66666667
1219,105.1692308
1220,103.6769231
1221,67.0
1222,66.97058824
1223,225.0
1224,182.5714286
1225,53.88235294
1226,63.56410256
1227,99.0
1228,75.64864865
1229,192.4
1230,53.81818182
1231,89.34782609
1232,76.31578947
1233,145.0
1234,93.01190476
1235,92.82051282
1236,137.7741935
1237,117.7058824
1238,95.0
1239,104.2
1240,93.58695652
1241,124.8571429
1242,167.25
1243,196.3361345
1244,103.4285714
1245,74.0
1246,199.7272727
1247,61.27272727
1248,90.625
1249,135.2909091
1250,118.1851852
1251,114.8202247
1252,98.04761905
1253,68.90909091
1254,85.71428571
1255,178.5555556
1256,52.84615385
1257,101.8947368
1258,50.0
1259,113.3529412
1260,112.75
1261,53.0
1262,52.44444444
1263,166.3157895
1264,69.0
1265,66.42857143
1266,52.38461538
1267,64.625
1268,113.375
1269,97.71875
1270,84.2
1271,246.3333333
1272,114.6538462
1273,74.73333333
1274,94.03846154
1275,64.0
1276,117.4311927
1277,172.3157895
1278,85.69230769
1279,85.28
1280,103.1086957
1281,73.48837209
1282,70.92156863
1283,104.2264151
1284,188.3333333
1285,51.77777778
1286,97.6
1287,80.0
1288,184.1666667
1289,78.85294118
1290,109.6666667
1291,75.4
1292,146.122449
1293,92.33333333
1294,94.0625
1295,223.5454545
1296,50.0
1297,114.0
1298,92.36363636
1299,117.5789474
1300,293.5333333
1301,166.0
1302,223.8333333
1303,213.1538462
1304,50.0
1305,40.0
1306,96.0
1307,113.3529412
1308,88.09090909
1309,128.8888889
1310,48.0
1311,67.0
1312,68.26923077
1313,115.3
1314,70.33333333
1315,213.5
1316,40.81818182
1317,144.6363636
1318,116.2916667
1319,184.0
1320,47.75
1321,92.30769231
1322,103.0
1323,100.5945946
1324,55.375
1325,151.6666667
1326,202.125
1327,99.0
1328,95.09677419
1329,105.7142857
1330,104.2017544
1331,115.8333333
1332,61.0
1333,82.2
1334,176.25
1335,70.72727273
1336,98.2
1337,70.0
1338,105.0
1339,96.05263158
1340,250.0
1341,67.02325581
1342,84.92682927
1343,138.2833333
1344,110.0
1345,50.875
1346,66.66666667
1347,53.0
1348,109.1052632
1349,165.0
1350,105.875
1351,97.57894737
1352,67.0
1353,114.6818182
1354,125.7058824
1355,107.3793103
1356,115.0
1357,76.0
1358,113.2826087
1359,309.0
1360,150.4545455
1361,96.92592593
1362,81.375
1363,55.0
1364,90.88461538
1365,33.33333333
1366,131.6
1367,105.0
1368,82.25
1369,128.5
1370,75.09090909
1371,126.5
1372,190.0
1373,110.0
1374,420.0
1375,79.30645161
1376,82.15789474
1377,108.0
1378,111.3076923
1379,47.45454545
1380,80.5
1381,48.66666667
1382,59.875
1383,88.0
1384,64.45454545
1385,70.0
1386,69.875
1387,96.0
1388,113.8
1389,77.0
1390,103.0
1391,45.0
1392,120.1538462
1393,59.6
1394,210.0
1395,207.6097561
1396,110.0
1397,88.73333333
1398,80.42857143
1399,35.8
1400,74.21428571
1401,135.5
1402,74.0
1403,148.5185185
1404,58.44444444
1405,235.0
1406,326.0
1407,89.0
1408,131.6666667
1409,91.75
1410,115.3333333
1411,120.3333333
1412,230.0
1413,104.1666667
1414,109.0769231
1415,68.875
1416,375.0
1417,99.0
1418,51.4
1419,82.0
1420,60.0
1421,29.0
1422,98.0
1423,70.25
1424,72.85185185
1425,50.0
1426,63.0
1427,146.0
1428,428.2
1429,79.875
1430,177.0
1431,78.0
1432,125.36
1433,69.6
1434,199.0
1435,91.75
1436,59.58333333
1437,228.0
1438,94.0
1439,221.0
1440,144.2307692
1441,134.3333333
1442,110.6666667
1443,82.15789474
1444,55.4
1445,75.0
1446,82.33333333
1447,93.6
1448,121.0625
1449,73.08333333
1450,84.0
1451,108.625
1452,220.5
1453,94.0
1454,67.33333333
1455,283.0
1456,135.3773585
1457,66.35483871
1458,60.0
1459,123.9333333
1460,75.0
1461,114.2692308
1462,117.7857143
1463,253.6666667
1464,145.75
1465,122.6666667
1466,89.2
1467,163.5
1468,119.6666667
1469,126.1451613
1470,111.2
1471,115.4666667
1472,81.0
1473,81.28571429
1474,105.5454545
1475,86.0
1476,410.0
1477,98.0
1478,127.6666667
1479,103.5
1480,72.0
1481,174.3333333
1482,381.0
1483,83.5
1484,63.29411765
1485,87.07692308
1486,137.5
1487,121.0
1488,336.0
1489,133.3333333
1490,83.0
1491,390.0
1492,90.94117647
1493,69.0
1494,114.0
1495,118.0
1496,57.86666667
1497,52.5
1498,113.84
1499,282.25
1500,250.0
1501,316.3333333
1502,110.0
1503,47.0
1504,196.3361345
1505,98.0
1506,88.0
1507,59.5
1508,51.33333333
1509,120.4255319
1510,102.0
1511,120.4255319
1512,51.0
1513,74.0
1514,74.0
1515,190.0
1516,188.0
1517,103.0833333
1518,64.2
1519,163.7142857
1520,81.16666667
1521,110.0
1522,117.0243902
1523,250.0
1524,72.625
1525,129.5
1526,101.12
1527,58.66666667
1528,141.4444444
1529,48.0
1530,114.5
1531,100.8
1532,64.0
1533,173.0
1534,122.1428571
1535,70.30769231
1536,144.375
1537,60.11111111
1538,75.0
1539,72.42857143
1540,60.625
1541,54.5
1542,257.5
1543,224.7777778
1544,121.0
1545,99.52380952
1546,78.4
1547,121.8571429
1548,114.0
1549,49.28571429
1550,368.6666667
1551,44.0
1552,130.5555556
1553,230.0
1554,106.3023256
1555,90.85714286
1556,135.5555556
1557,103.0
1558,234.8461538
1559,433.5
1560,87.71428571
1561,102.0
1562,66.0
1563,450.0
1564,110.0
1565,110.3333333
1566,112.0714286
1567,54.0
1568,239.2
1569,105.0
1570,87.71428571
1571,419.0
1572,220.0
1573,360.0
1574,91.44117647
1575,104.1428571
1576,121.0
1577,43.0
1578,101.0
1579,116.25
1580,235.0
1581,98.57142857
1582,102.7261905
1583,68.57142857
1584,94.03389831
1585,89.46153846
1586,75.57692308
1587,130.25
1588,126.1111111
1589,71.33333333
1590,60.96296296
1591,67.95652174
1592,87.31034483
1593,60.8
1594,106.225
1595,74.4
1596,72.58139535
1597,86.45454545
1598,131.6
1599,125.4358974
1600,149.7096774
1601,91.61016949
1602,63.56410256
1603,67.0
1604,111.0
1605,81.66666667
1606,53.88235294
1607,80.0
1608,103.6769231
1609,105.1692308
1610,99.0
1611,94.33333333
1612,225.0
1613,182.5714286
1614,53.81818182
1615,66.97058824
1616,92.82051282
1617,79.76666667
1618,192.4
1619,74.0
1620,75.64864865
1621,117.7058824
1622,89.34782609
1623,93.58695652
1624,93.01190476
1625,137.7741935
1626,145.0
1627,76.31578947
1628,95.0
1629,124.8571429
1630,104.2
1631,167.25
1632,103.4285714
1633,196.3361345
1634,98.04761905
1635,199.7272727
1636,68.75
1637,135.2909091
1638,61.27272727
1639,85.71428571
1640,114.8202247
1641,118.1851852
1642,68.90909091
1643,113.3529412
1644,90.625
1645,178.5555556
1646,112.75
1647,166.3157895
1648,69.0
1649,101.8947368
1650,84.2
1651,50.0
1652,52.84615385
1653,70.92156863
1654,117.4311927
1655,52.44444444
1656,113.375
1657,53.0
1658,172.3157895
1659,64.0
1660,75.4
1661,246.3333333
1662,114.6538462
1663,104.2264151
1664,97.6
1665,109.6666667
1666,85.28
1667,94.03846154
1668,78.85294118
1669,188.3333333
1670,73.48837209
1671,94.0625
1672,92.33333333
1673,52.38461538
1674,146.122449
1675,184.1666667
1676,64.625
1677,223.5454545
1678,66.42857143
1679,85.69230769
1680,80.0
1681,92.36363636
1682,114.0
1683,68.26923077
1684,97.71875
1685,166.0
1686,48.0
1687,117.5789474
1688,50.0
1689,40.0
1690,74.73333333
1691,223.8333333
1692,50.0
1693,293.5333333
1694,116.2916667
1695,103.1086957
1696,70.0
1697,84.92682927
1698,51.77777778
1699,67.0
1700,103.0
1701,50.875
1702,92.30769231
1703,213.5
1704,67.0
1705,82.2
1706,213.1538462
1707,47.75
1708,66.66666667
1709,113.3529412
1710,95.09677419
1711,70.33333333
1712,184.0
1713,115.3
1714,104.2017544
1715,144.6363636
1716,105.0
1717,96.0
1718,40.81818182
1719,115.8333333
1720,61.0
1721,98.2
1722,114.6818182
1723,283.0
1724,125.7058824
1725,202.125
1726,151.6666667
1727,53.0
1728,250.0
1729,128.8888889
1730,81.375
1731,138.2833333
1732,97.57894737
1733,69.875
1734,109.1052632
1735,110.0
1736,67.02325581
1737,110.0
1738,33.33333333
1739,107.3793103
1740,96.05263158
1741,115.0
1742,55.375
1743,105.7142857
1744,105.875
1745,88.09090909
1746,309.0
1747,45.0
1748,105.0
1749,76.0
1750,55.0
1751,128.5
1752,420.0
1753,90.88461538
1754,82.15789474
1755,100.5945946
1756,126.5
1757,82.25
1758,47.45454545
1759,131.6
1760,80.5
1761,96.92592593
1762,88.73333333
1763,99.0
1764,59.875
1765,190.0
1766,70.0
1767,79.30645161
1768,111.3076923
1769,96.0
1770,64.45454545
1771,75.09090909
1772,77.0
1773,91.75
1774,113.2826087
1775,135.5
1776,176.25
1777,70.72727273
1778,74.21428571
1779,72.85185185
1780,103.0
1781,88.0
1782,29.0
1783,113.8
1784,35.8
1785,89.0
1786,207.6097561
1787,70.25
1788,48.66666667
1789,74.0
1790,80.42857143
1791,115.3333333
1792,79.875
1793,110.0
1794,235.0
1795,98.0
1796,165.0
1797,150.4545455
1798,125.36
1799,78.0
1800,210.0
1801,326.0
1802,148.5185185
1803,108.0
1804,104.1666667
1805,109.0769231
1806,99.0
1807,51.4
1808,82.0
1809,230.0
1810,60.0
1811,82.15789474
1812,91.75
1813,110.6666667
1814,63.0
1815,177.0
1816,94.0
1817,134.3333333
1818,93.6
1819,67.33333333
1820,120.1538462
1821,73.08333333
1822,120.3333333
1823,428.2
1824,131.6666667
1825,68.875
1826,221.0
1827,59.6
1828,59.58333333
1829,146.0
1830,66.35483871
1831,84.0
1832,228.0
1833,58.44444444
1834,75.0
1835,199.0
1836,75.0
1837,105.5454545
1838,94.0
1839,60.0
1840,108.625
1841,121.0625
1842,117.7857143
1843,57.86666667
1844,220.5
1845,115.4666667
1846,82.33333333
1847,119.6666667
1848,87.07692308
1849,126.1451613
1850,89.2
1851,55.4
1852,163.5
1853,83.0
1854,98.0
1855,253.6666667
1856,47.0
1857,111.2
1858,69.6
1859,98.0
1860,59.5
1861,137.5
1862,122.6666667
1863,133.3333333
1864,127.6666667
1865,135.3773585
1866,103.5
1867,336.0
1868,174.3333333
1869,102.0
1870,69.0
1871,250.0
1872,144.2307692
1873,58.66666667
1874,90.94117647
1875,50.0
1876,410.0
1877,118.0
1878,74.0
1879,63.29411765
1880,381.0
1881,64.2
1882,390.0
1883,51.33333333
1884,110.0
1885,121.0
1886,196.3361345
1887,114.0
1888,145.75
1889,316.3333333
1890,101.12
1891,51.0
1892,60.11111111
1893,117.0243902
1894,120.4255319
1895,72.42857143
1896,100.8
1897,70.30769231
1898,88.0
1899,110.0
1900,75.0
1901,49.28571429
1902,44.0
1903,250.0
1904,188.0
1905,120.4255319
1906,282.25
1907,173.0
1908,129.5
1909,190.0
1910,72.625
1911,48.0
1912,64.0
1913,121.8571429
1914,81.0
1915,141.4444444
1916,87.71428571
1917,163.7142857
1918,103.0833333
1919,78.4
1920,114.5
1921,130.5555556
1922,72.0
1923,110.3333333
1924,144.375
1925,87.71428571
1926,106.3023256
1927,122.1428571
1928,80.8125
1929,104.1428571
1930,66.0
1931,224.7777778
1932,230.0
1933,71.0
1934,450.0
1935,102.0
1936,110.5
1937,433.5
1938,98.57142857
1939,234.8461538
1940,239.2
1941,368.6666667
1942,220.0
1943,112.0714286
1944,360.0
1945,105.0
1946,43.0
1947,74.0
1948,235.0
1949,257.5
1950,121.0
1951,100.6666667
1952,82.15789474
1953,54.5
1954,274.0
1955,126.5
1956,67.68421053
1957,68.57142857
1958,94.03389831
1959,89.46153846
1960,75.57692308
1961,130.25
1962,71.33333333
1963,126.1111111
1964,67.95652174
1965,87.31034483
1966,60.96296296
1967,60.8
1968,106.225
1969,63.56410256
1970,72.58139535
1971,74.4
1972,86.45454545
1973,125.4358974
1974,131.6
1975,67.0
1976,149.7096774
1977,91.61016949
1978,53.88235294
1979,81.66666667
1980,99.0
1981,53.81818182
1982,111.0
1983,74.0
1984,105.1692308
1985,92.82051282
1986,103.6769231
1987,225.0
1988,182.5714286
1989,80.0
1990,94.33333333
1991,66.97058824
1992,93.58695652
1993,192.4
1994,117.7058824
1995,75.64864865
1996,137.7741935
1997,93.01190476
1998,76.31578947
1999,89.34782609
2000,79.76666667
2001,145.0
2002,124.8571429
2003,95.0
2004,103.4285714
2005,98.04761905
2006,167.25
2007,196.3361345
2008,85.71428571
2009,135.2909091
2010,199.7272727
2011,68.75
2012,104.2
2013,113.3529412
2014,114.8202247
2015,61.27272727
2016,70.92156863
2017,68.90909091
2018,118.1851852
2019,112.75
2020,84.2
2021,178.5555556
2022,166.3157895
2023,69.0
2024,75.4
2025,117.4311927
2026,90.625
2027,172.3157895
2028,68.26923077
2029,109.6666667
2030,64.0
2031,113.375
2032,97.6
2033,101.8947368
2034,94.0625
2035,78.85294118
2036,92.33333333
2037,246.3333333
2038,104.2264151
2039,223.5454545
2040,48.0
2041,85.28
2042,146.122449
2043,188.3333333
2044,50.0
2045,114.6538462
2046,184.1666667
2047,73.48837209
2048,52.44444444
2049,166.0
2050,84.92682927
2051,94.03846154
2052,52.84615385
2053,53.0
2054,92.36363636
2055,50.875
2056,70.0
2057,114.0
2058,67.0
2059,40.0
2060,116.2916667
2061,117.5789474
2062,50.0
2063,52.38461538
2064,223.8333333
2065,80.0
2066,293.5333333
2067,103.0
2068,66.66666667
2069,69.875
2070,82.2
2071,50.0
2072,64.625
2073,114.6818182
2074,67.0
2075,45.0
2076,125.7058824
2077,47.75
2078,92.30769231
2079,85.69230769
2080,213.5
2081,81.375
2082,66.42857143
2083,105.0
2084,53.0
2085,95.09677419
2086,61.0
2087,98.2
2088,104.2017544
2089,213.1538462
2090,110.0
2091,115.8333333
2092,250.0
2093,144.6363636
2094,184.0
2095,70.33333333
2096,97.57894737
2097,97.71875
2098,283.0
2099,33.33333333
2100,115.3
2101,138.2833333
2102,109.1052632
2103,151.6666667
2104,107.3793103
2105,115.0
2106,202.125
2107,110.0
2108,88.73333333
2109,113.3529412
2110,105.0
2111,72.85185185
2112,309.0
2113,67.02325581
2114,96.0
2115,91.75
2116,55.0
2117,128.5
2118,40.81818182
2119,29.0
2120,76.0
2121,105.875
2122,47.45454545
2123,70.25
2124,82.15789474
2125,96.05263158
2126,420.0
2127,128.8888889
2128,80.5
2129,70.0
2130,90.88461538
2131,96.0
2132,126.5
2133,135.5
2134,82.25
2135,105.7142857
2136,79.875
2137,59.875
2138,74.21428571
2139,131.6
2140,79.30645161
2141,111.3076923
2142,74.73333333
2143,89.0
2144,125.36
2145,78.0
2146,96.92592593
2147,77.0
2148,190.0
2149,55.375
2150,64.45454545
2151,35.8
2152,98.0
2153,115.3333333
2154,74.0
2155,103.1086957
2156,75.09090909
2157,103.0
2158,82.15789474
2159,88.09090909
2160,207.6097561
2161,110.6666667
2162,235.0
2163,67.33333333
2164,113.8
2165,88.0
2166,51.4
2167,93.6
2168,57.86666667
2169,91.75
2170,73.08333333
2171,326.0
2172,99.0
2173,82.0
2174,105.5454545
2175,110.0
2176,80.42857143
2177,104.1666667
2178,109.0769231
2179,66.35483871
2180,48.66666667
2181,134.3333333
2182,63.0
2183,60.0
2184,230.0
2185,94.0
2186,148.5185185
2187,99.0
2188,84.0
2189,87.07692308
2190,177.0
2191,210.0
2192,75.0
2193,428.2
2194,221.0
2195,75.0
2196,113.2826087
2197,59.58333333
2198,59.5
2199,47.0
2200,115.4666667
2201,228.0
2202,58.66666667
2203,60.0
2204,51.77777778
2205,83.0
2206,98.0
2207,126.1451613
2208,117.7857143
2209,119.6666667
2210,94.0
2211,146.0
2212,176.25
2213,120.3333333
2214,199.0
2215,68.875
2216,74.0
2217,64.2
2218,102.0
2219,89.2
2220,150.4545455
2221,108.625
2222,121.0625
2223,100.5945946
2224,60.11111111
2225,133.3333333
2226,98.0
2227,59.6
2228,163.5
2229,137.5
2230,336.0
2231,220.5
2232,72.42857143
2233,250.0
2234,51.33333333
2235,82.33333333
2236,49.28571429
2237,196.3361345
2238,101.12
2239,118.0
2240,90.94117647
2241,69.0
2242,103.5
2243,127.6666667
2244,253.6666667
2245,44.0
2246,70.30769231
2247,174.3333333
2248,111.2
2249,108.0
2250,110.0
2251,100.8
2252,117.0243902
2253,63.29411765
2254,390.0
2255,51.0
2256,120.1538462
2257,122.6666667
2258,75.0
2259,381.0
2260,120.4255319
2261,410.0
2262,316.3333333
2263,110.0
2264,131.6666667
2265,121.0
2266,80.8125
2267,87.71428571
2268,114.0
2269,165.0
2270,135.3773585
2271,121.8571429
2272,71.0
2273,173.0
2274,250.0
2275,129.5
2276,72.625
2277,48.0
2278,87.71428571
2279,88.0
2280,110.3333333
2281,78.4
2282,104.1428571
2283,130.5555556
2284,188.0
2285,190.0
2286,64.0
2287,55.4
2288,120.4255319
2289,66.0
2290,106.3023256
2291,110.5
2292,67.68421053
2293,145.75
2294,98.57142857
2295,102.0
2296,450.0
2297,43.0
2298,103.0833333
2299,82.15789474
2300,220.0
2301,144.375
2302,230.0
2303,163.7142857
2304,72.0
2305,100.6666667
2306,239.2
2307,112.0714286
2308,141.4444444
2309,235.0
2310,360.0
2311,105.0
2312,41.4
2313,274.0
2314,224.7777778
2315,126.5
2316,433.5
2317,233.0
2318,43.0
2319,294.0
2320,234.8461538
2321,68.57142857
2322,94.03389831
2323,89.46153846
2324,75.57692308
2325,130.25
2326,71.33333333
2327,126.1111111
2328,67.95652174
2329,87.31034483
2330,60.96296296
2331,60.8
2332,63.56410256
2333,106.225
2334,67.0
2335,72.58139535
2336,74.4
2337,53.88235294
2338,86.45454545
2339,125.4358974
2340,91.61016949
2341,131.6
2342,74.0
2343,149.7096774
2344,99.0
2345,81.66666667
2346,53.81818182
2347,92.82051282
2348,182.5714286
2349,225.0
2350,105.1692308
2351,103.6769231
2352,93.58695652
2353,111.0
2354,117.7058824
2355,192.4
2356,66.97058824
2357,80.0
2358,94.33333333
2359,137.7741935
2360,75.64864865
2361,93.01190476
2362,76.31578947
2363,124.8571429
2364,98.04761905
2365,145.0
2366,95.0
2367,103.4285714
2368,85.71428571
2369,89.34782609
2370,196.3361345
2371,167.25
2372,135.2909091
2373,70.92156863
2374,199.7272727
2375,113.3529412
2376,68.75
2377,75.4
2378,68.26923077
2379,84.2
2380,112.75
2381,114.8202247
2382,117.4311927
2383,79.76666667
2384,61.27272727
2385,166.3157895
2386,68.90909091
2387,178.5555556
2388,118.1851852
2389,84.92682927
2390,109.6666667
2391,50.875
2392,48.0
2393,69.0
2394,172.3157895
2395,67.0
2396,97.6
2397,94.0625
2398,223.5454545
2399,104.2
2400,92.33333333
2401,78.85294118
2402,70.0
2403,64.0
2404,104.2264151
2405,166.0
2406,69.875
2407,113.375
2408,146.122449
2409,85.28
2410,246.3333333
2411,188.3333333
2412,40.0
2413,92.36363636
2414,184.1666667
2415,45.0
2416,101.8947368
2417,114.0
2418,116.2916667
2419,90.625
2420,73.48837209
2421,66.66666667
2422,50.0
2423,52.44444444
2424,103.0
2425,52.84615385
2426,82.2
2427,114.6818182
2428,114.6538462
2429,117.5789474
2430,81.375
2431,94.03846154
2432,125.7058824
2433,223.8333333
2434,293.5333333
2435,50.0
2436,50.0
2437,80.0
2438,110.0
2439,105.0
2440,92.30769231
2441,67.0
2442,47.75
2443,72.85185185
2444,53.0
2445,53.0
2446,213.5
2447,70.25
2448,88.73333333
2449,95.09677419
2450,98.2
2451,91.75
2452,250.0
2453,97.57894737
2454,61.0
2455,33.33333333
2456,104.2017544
2457,115.8333333
2458,29.0
2459,144.6363636
2460,283.0
2461,213.1538462
2462,107.3793103
2463,115.0
2464,52.38461538
2465,138.2833333
2466,109.1052632
2467,115.3
2468,105.0
2469,184.0
2470,110.0
2471,151.6666667
2472,79.875
2473,135.5
2474,55.0
2475,128.5
2476,70.33333333
2477,309.0
2478,47.45454545
2479,67.02325581
2480,125.36
2481,202.125
2482,64.625
2483,66.42857143
2484,82.15789474
2485,78.0
2486,80.5
2487,76.0
2488,96.0
2489,74.21428571
2490,420.0
2491,57.86666667
2492,70.0
2493,89.0
2494,105.875
2495,113.3529412
2496,85.69230769
2497,126.5
2498,82.25
2499,98.0
2500,90.88461538
2501,96.0
2502,96.05263158
2503,105.5454545
2504,110.6666667
2505,82.15789474
2506,115.3333333
2507,40.81818182
2508,77.0
2509,79.30645161
2510,111.3076923
2511,35.8
2512,67.33333333
2513,131.6
2514,59.875
2515,87.07692308
2516,74.0
2517,93.6
2518,73.08333333
2519,190.0
2520,105.7142857
2521,97.71875
2522,59.5
2523,58.66666667
2524,91.75
2525,66.35483871
2526,51.4
2527,64.45454545
2528,128.8888889
2529,82.0
2530,207.6097561
2531,96.92592593
2532,99.0
2533,134.3333333
2534,47.0
2535,60.11111111
2536,94.0
2537,63.0
2538,235.0
2539,326.0
2540,84.0
2541,103.0
2542,60.0
2543,64.2
2544,104.1666667
2545,115.4666667
2546,110.0
2547,109.0769231
2548,75.0
2549,230.0
2550,74.0
2551,177.0
2552,75.09090909
2553,98.0
2554,102.0
2555,49.28571429
2556,83.0
2557,80.42857143
2558,75.0
2559,55.375
2560,72.42857143
2561,148.5185185
2562,119.6666667
2563,59.58333333
2564,44.0
2565,126.1451613
2566,221.0
2567,113.8
2568,88.0
2569,60.0
2570,196.3361345
2571,101.12
2572,428.2
2573,48.66666667
2574,228.0
2575,133.3333333
2576,117.7857143
2577,89.2
2578,70.30769231
2579,210.0
2580,250.0
2581,137.5
2582,94.0
2583,98.0
2584,51.33333333
2585,336.0
2586,80.8125
2587,118.0
2588,100.8
2589,90.94117647
2590,69.0
2591,163.5
2592,117.0243902
2593,146.0
2594,75.0
2595,199.0
2596,71.0
2597,103.5
2598,120.3333333
2599,253.6666667
2600,110.0
2601,121.0625
2602,127.6666667
2603,51.0
2604,174.3333333
2605,108.625
2606,88.09090909
2607,87.71428571
2608,111.2
2609,110.0
2610,390.0
2611,120.4255319
2612,220.5
2613,63.29411765
2614,121.8571429
2615,120.1538462
2616,68.875
2617,82.33333333
2618,316.3333333
2619,67.68421053
2620,104.1428571
2621,113.2826087
2622,87.71428571
2623,173.0
2624,381.0
2625,110.3333333
2626,114.0
2627,122.6666667
2628,410.0
2629,121.0
2630,250.0
2631,110.5
2632,129.5
2633,48.0
2634,130.5555556
2635,72.625
2636,78.4
2637,99.0
2638,98.57142857
2639,106.3023256
2640,66.0
2641,72.0
2642,82.15789474
2643,64.47619048
2644,41.4
2645,64.0
2646,188.0
2647,43.0
2648,450.0
2649,135.3773585
2650,220.0
2651,102.0
2652,120.4255319
2653,190.0
2654,100.6666667
2655,235.0
2656,103.1086957
2657,43.0
2658,88.0
2659,150.4545455
2660,112.0714286
2661,100.6666667
2662,233.0
2663,274.0
2664,96.0
2665,91.6
2666,100.5945946
2667,126.5
2668,294.0
2669,230.0
2670,105.0
2671,239.2
2672,93.5
2673,360.0
2674,68.57142857
2675,94.03389831
2676,130.25
2677,89.46153846
2678,75.57692308
2679,71.33333333
2680,67.95652174
2681,126.1111111
2682,63.56410256
2683,87.31034483
2684,60.96296296
2685,60.8
2686,106.225
2687,67.0
2688,74.0
2689,53.88235294
2690,72.58139535
2691,91.61016949
2692,125.4358974
2693,99.0
2694,131.6
2695,74.4
2696,86.45454545
2697,53.81818182
2698,149.7096774
2699,92.82051282
2700,81.66666667
2701,93.58695652
2702,182.5714286
2703,225.0
2704,105.1692308
2705,103.6769231
2706,117.7058824
2707,192.4
2708,111.0
2709,66.97058824
2710,94.33333333
2711,137.7741935
2712,80.0
2713,76.31578947
2714,124.8571429
2715,75.64864865
2716,93.01190476
2717,98.04761905
2718,85.71428571
2719,70.92156863
2720,68.26923077
2721,95.0
2722,103.4285714
2723,145.0
2724,50.875
2725,75.4
2726,135.2909091
2727,196.3361345
2728,84.92682927
2729,113.3529412
2730,199.7272727
2731,84.2
2732,67.0
2733,167.25
2734,69.875
2735,117.4311927
2736,48.0
2737,112.75
2738,68.75
2739,70.0
2740,89.34782609
2741,109.6666667
2742,45.0
2743,114.8202247
2744,166.3157895
2745,223.5454545
2746,94.0625
2747,92.33333333
2748,97.6
2749,172.3157895
2750,78.85294118
2751,166.0
2752,178.5555556
2753,68.90909091
2754,61.27272727
2755,118.1851852
2756,69.0
2757,104.2264151
2758,40.0
2759,146.122449
2760,70.25
2761,92.36363636
2762,116.2916667
2763,85.28
2764,114.6818182
2765,64.0
2766,66.66666667
2767,81.375
2768,188.3333333
2769,72.85185185
2770,113.375
2771,246.3333333
2772,82.2
2773,103.0
2774,184.1666667
2775,114.0
2776,125.7058824
2777,50.0
2778,110.0
2779,104.2
2780,50.0
2781,91.75
2782,92.30769231
2783,73.48837209
2784,88.73333333
2785,117.5789474
2786,29.0
2787,105.0
2788,101.8947368
2789,293.5333333
2790,223.8333333
2791,53.0
2792,47.75
2793,52.44444444
2794,52.84615385
2795,33.33333333
2796,80.0
2797,67.0
2798,250.0
2799,213.5
2800,97.57894737
2801,57.86666667
2802,98.2
2803,95.09677419
2804,94.03846154
2805,61.0
2806,90.625
2807,115.8333333
2808,125.36
2809,114.6538462
2810,107.3793103
2811,104.2017544
2812,79.875
2813,115.0
2814,135.5
2815,78.0
2816,105.0
2817,138.2833333
2818,283.0
2819,109.1052632
2820,144.6363636
2821,87.07692308
2822,55.0
2823,128.5
2824,309.0
2825,47.45454545
2826,110.0
2827,213.1538462
2828,115.3
2829,82.15789474
2830,74.21428571
2831,105.5454545
2832,89.0
2833,96.0
2834,59.5
2835,151.6666667
2836,67.02325581
2837,50.0
2838,60.11111111
2839,79.76666667
2840,98.0
2841,80.5
2842,70.0
2843,58.66666667
2844,420.0
2845,110.6666667
2846,70.33333333
2847,82.15789474
2848,76.0
2849,53.0
2850,67.33333333
2851,93.6
2852,202.125
2853,105.875
2854,126.5
2855,184.0
2856,115.3333333
2857,82.25
2858,49.28571429
2859,64.625
2860,64.2
2861,73.08333333
2862,90.88461538
2863,66.35483871
2864,35.8
2865,47.0
2866,74.0
2867,77.0
2868,113.3529412
2869,74.0
2870,79.30645161
2871,91.75
2872,51.4
2873,59.875
2874,72.42857143
2875,44.0
2876,115.4666667
2877,82.0
2878,52.38461538
2879,102.0
2880,134.3333333
2881,99.0
2882,98.0
2883,111.3076923
2884,94.0
2885,63.0
2886,131.6
2887,84.0
2888,75.0
2889,101.12
2890,80.8125
2891,196.3361345
2892,83.0
2893,190.0
2894,96.0
2895,66.42857143
2896,96.05263158
2897,207.6097561
2898,40.81818182
2899,235.0
2900,326.0
2901,230.0
2902,75.0
2903,177.0
2904,104.1666667
2905,70.30769231
2906,110.0
2907,60.0
2908,119.6666667
2909,126.1451613
2910,71.0
2911,133.3333333
2912,109.0769231
2913,96.92592593
2914,64.45454545
2915,51.33333333
2916,250.0
2917,60.0
2918,100.8
2919,105.7142857
2920,137.5
2921,103.0
2922,118.0
2923,117.0243902
2924,89.2
2925,98.0
2926,336.0
2927,221.0
2928,75.0
2929,67.68421053
2930,69.0
2931,117.7857143
2932,90.94117647
2933,148.5185185
2934,80.42857143
2935,51.0
2936,87.71428571
2937,228.0
2938,428.2
2939,163.5
2940,75.09090909
2941,103.5
2942,110.0
2943,94.0
2944,55.375
2945,120.1538462
2946,104.1428571
2947,110.0
2948,121.8571429
2949,59.58333333
2950,253.6666667
2951,120.4255319
2952,127.6666667
2953,110.5
2954,87.71428571
2955,174.3333333
2956,390.0
2957,111.2
2958,63.29411765
2959,110.3333333
2960,146.0
2961,173.0
2962,128.8888889
2963,72.0
2964,121.0625
2965,64.47619048
2966,250.0
2967,98.57142857
2968,48.66666667
2969,129.5
2970,130.5555556
2971,48.0
2972,120.3333333
2973,78.4
2974,82.33333333
2975,199.0
2976,41.4
2977,72.625
2978,66.0
2979,113.8
2980,122.6666667
2981,114.0
2982,121.0
2983,381.0
2984,106.3023256
2985,210.0
2986,88.0
2987,82.15789474
2988,220.5
2989,91.6
2990,100.6666667
2991,108.625
2992,43.0
2993,316.3333333
2994,43.0
2995,220.0
2996,450.0
2997,410.0
2998,100.6666667
2999,235.0
3000,102.0
3001,96.0
3002,188.0
3003,112.0714286
3004,64.0
3005,54.35714286
3006,274.0
3007,233.0
3008,104.6363636
3009,80.92592593
3010,294.0
3011,126.5
3012,131.0
3013,93.5
3014,120.4255319
3015,68.57142857
3016,130.25
3017,94.03389831
3018,89.46153846
3019,75.57692308
3020,63.56410256
3021,67.95652174
3022,126.1111111
3023,71.33333333
3024,60.96296296
3025,87.31034483
3026,60.8
3027,106.225
3028,74.0
3029,67.0
3030,53.88235294
3031,72.58139535
3032,91.61016949
3033,99.0
3034,125.4358974
3035,53.81818182
3036,92.82051282
3037,131.6
3038,74.4
3039,81.66666667
3040,93.58695652
3041,149.7096774
3042,86.45454545
3043,225.0
3044,182.5714286
3045,117.7058824
3046,105.1692308
3047,103.6769231
3048,192.4
3049,50.875
3050,111.0
3051,66.97058824
3052,68.26923077
3053,137.7741935
3054,76.31578947
3055,70.92156863
3056,124.8571429
3057,69.875
3058,84.92682927
3059,98.04761905
3060,94.33333333
3061,67.0
3062,93.01190476
3063,85.71428571
3064,75.64864865
3065,75.4
3066,80.0
3067,45.0
3068,103.4285714
3069,95.0
3070,84.2
3071,135.2909091
3072,70.25
3073,48.0
3074,113.3529412
3075,70.0
3076,145.0
3077,196.3361345
3078,199.7272727
3079,117.4311927
3080,109.6666667
3081,112.75
3082,167.25
3083,223.5454545
3084,94.0625
3085,72.85185185
3086,68.75
3087,92.33333333
3088,166.0
3089,166.3157895
3090,97.6
3091,81.375
3092,78.85294118
3093,114.8202247
3094,114.6818182
3095,172.3157895
3096,178.5555556
3097,40.0
3098,68.90909091
3099,66.66666667
3100,91.75
3101,57.86666667
3102,103.0
3103,82.2
3104,116.2916667
3105,125.7058824
3106,104.2264151
3107,110.0
3108,146.122449
3109,88.73333333
3110,89.34782609
3111,69.0
3112,29.0
3113,92.30769231
3114,61.27272727
3115,85.28
3116,92.36363636
3117,50.0
3118,114.0
3119,188.3333333
3120,184.1666667
3121,246.3333333
3122,118.1851852
3123,113.375
3124,64.0
3125,33.33333333
3126,53.0
3127,50.0
3128,60.11111111
3129,105.0
3130,87.07692308
3131,47.75
3132,125.36
3133,73.48837209
3134,250.0
3135,117.5789474
3136,293.5333333
3137,59.5
3138,97.57894737
3139,67.0
3140,79.875
3141,98.2
3142,135.5
3143,223.8333333
3144,52.44444444
3145,78.0
3146,80.0
3147,213.5
3148,107.3793103
3149,95.09677419
3150,115.0
3151,49.28571429
3152,115.8333333
3153,58.66666667
3154,61.0
3155,105.5454545
3156,104.2017544
3157,105.0
3158,64.2
3159,101.8947368
3160,47.45454545
3161,74.21428571
3162,138.2833333
3163,110.6666667
3164,309.0
3165,104.2
3166,55.0
3167,109.1052632
3168,52.84615385
3169,89.0
3170,283.0
3171,98.0
3172,82.15789474
3173,128.5
3174,110.0
3175,96.0
3176,82.15789474
3177,94.03846154
3178,93.6
3179,144.6363636
3180,67.33333333
3181,80.5
3182,115.3
3183,44.0
3184,420.0
3185,70.0
3186,67.02325581
3187,47.0
3188,80.8125
3189,213.1538462
3190,72.42857143
3191,74.0
3192,73.08333333
3193,115.3333333
3194,66.35483871
3195,76.0
3196,90.625
3197,102.0
3198,114.6538462
3199,196.3361345
3200,115.4666667
3201,101.12
3202,126.5
3203,105.875
3204,151.6666667
3205,82.25
3206,98.0
3207,51.4
3208,202.125
3209,90.88461538
3210,74.0
3211,91.75
3212,77.0
3213,71.0
3214,67.68421053
3215,82.0
3216,35.8
3217,83.0
3218,64.625
3219,134.3333333
3220,84.0
3221,94.0
3222,70.33333333
3223,75.0
3224,184.0
3225,99.0
3226,79.30645161
3227,70.30769231
3228,59.875
3229,133.3333333
3230,63.0
3231,119.6666667
3232,126.1451613
3233,100.8
3234,51.33333333
3235,117.0243902
3236,75.0
3237,207.6097561
3238,137.5
3239,250.0
3240,118.0
3241,69.0
3242,177.0
3243,75.0
3244,230.0
3245,113.3529412
3246,51.0
3247,336.0
3248,326.0
3249,96.92592593
3250,98.0
3251,90.94117647
3252,235.0
3253,104.1666667
3254,87.71428571
3255,131.6
3256,104.1428571
3257,109.0769231
3258,120.1538462
3259,89.2
3260,110.0
3261,60.0
3262,190.0
3263,111.3076923
3264,96.0
3265,110.5
3266,163.5
3267,64.47619048
3268,117.7857143
3269,228.0
3270,121.8571429
3271,72.0
3272,110.0
3273,221.0
3274,60.0
3275,103.5
3276,110.0
3277,87.71428571
3278,120.4255319
3279,110.3333333
3280,173.0
3281,96.05263158
3282,148.5185185
3283,50.0
3284,103.0
3285,40.81818182
3286,253.6666667
3287,428.2
3288,41.4
3289,390.0
3290,98.57142857
3291,127.6666667
3292,64.45454545
3293,78.4
3294,91.6
3295,250.0
3296,130.5555556
3297,111.2
3298,63.29411765
3299,55.375
3300,129.5
3301,100.6666667
3302,48.0
3303,174.3333333
3304,66.0
3305,82.15789474
3306,80.92592593
3307,54.35714286
3308,43.0
3309,94.0
3310,120.3333333
3311,72.625
3312,53.0
3313,106.3023256
3314,121.0625
3315,104.6363636
3316,43.0
3317,220.0
3318,100.6666667
3319,80.42857143
3320,235.0
3321,131.0
3322,450.0
3323,114.0
3324,47.14285714
3325,67.0
3326,96.0
3327,122.6666667
3328,381.0
3329,102.0
3330,30.0
3331,233.0
3332,93.5
3333,52.38461538
3334,112.0714286
3335,52.0
3336,294.0
3337,274.0
3338,147.0
3339,146.0
3340,75.09090909
3341,126.5
3342,105.7142857
3343,71.0
3344,49.8
3345,68.57142857
3346,63.56410256
3347,130.25
3348,89.46153846
3349,75.57692308
3350,94.03389831
3351,67.95652174
3352,126.1111111
3353,60.96296296
3354,87.31034483
3355,71.33333333
3356,74.0
3357,67.0
3358,106.225
3359,60.8
3360,53.88235294
3361,99.0
3362,91.61016949
3363,53.81818182
3364,72.58139535
3365,92.82051282
3366,125.4358974
3367,93.58695652
3368,131.6
3369,81.66666667
3370,74.4
3371,225.0
3372,149.7096774
3373,182.5714286
3374,117.7058824
3375,86.45454545
3376,50.875
3377,105.1692308
3378,69.875
3379,68.26923077
3380,103.6769231
3381,192.4
3382,70.25
3383,70.92156863
3384,84.92682927
3385,67.0
3386,45.0
3387,76.31578947
3388,66.97058824
3389,137.7741935
3390,124.8571429
3391,85.71428571
3392,75.4
3393,111.0
3394,93.01190476
3395,98.04761905
3396,70.0
3397,48.0
3398,103.4285714
3399,94.33333333
3400,72.85185185
3401,84.2
3402,135.2909091
3403,113.3529412
3404,75.64864865
3405,117.4311927
3406,196.3361345
3407,223.5454545
3408,95.0
3409,57.86666667
3410,199.7272727
3411,109.6666667
3412,145.0
3413,81.375
3414,94.0625
3415,80.0
3416,60.11111111
3417,112.75
3418,91.75
3419,114.6818182
3420,166.0
3421,40.0
3422,97.6
3423,167.25
3424,87.07692308
3425,88.73333333
3426,66.66666667
3427,92.33333333
3428,110.0
3429,166.3157895
3430,29.0
3431,125.7058824
3432,59.5
3433,103.0
3434,68.90909091
3435,82.2
3436,172.3157895
3437,78.85294118
3438,178.5555556
3439,92.30769231
3440,114.8202247
3441,68.75
3442,116.2916667
3443,125.36
3444,33.33333333
3445,146.122449
3446,49.28571429
3447,104.2264151
3448,53.0
3449,50.0
3450,114.0
3451,85.28
3452,188.3333333
3453,92.36363636
3454,250.0
3455,64.2
3456,61.27272727
3457,105.0
3458,47.75
3459,135.5
3460,78.0
3461,184.1666667
3462,79.875
3463,58.66666667
3464,73.48837209
3465,69.0
3466,97.57894737
3467,246.3333333
3468,293.5333333
3469,105.5454545
3470,89.34782609
3471,50.0
3472,117.5789474
3473,107.3793103
3474,67.0
3475,113.375
3476,115.0
3477,118.1851852
3478,80.8125
3479,52.44444444
3480,98.2
3481,110.6666667
3482,44.0
3483,213.5
3484,80.0
3485,74.21428571
3486,64.0
3487,104.2017544
3488,115.8333333
3489,95.09677419
3490,47.45454545
3491,93.6
3492,223.8333333
3493,82.15789474
3494,98.0
3495,72.42857143
3496,89.0
3497,47.0
3498,61.0
3499,105.0
3500,74.0
3501,309.0
3502,283.0
3503,138.2833333
3504,96.0
3505,67.33333333
3506,67.68421053
3507,55.0
3508,109.1052632
3509,101.12
3510,82.15789474
3511,196.3361345
3512,110.0
3513,73.08333333
3514,80.5
3515,115.4666667
3516,115.3333333
3517,66.35483871
3518,420.0
3519,102.0
3520,128.5
3521,67.02325581
3522,144.6363636
3523,71.0
3524,98.0
3525,115.3
3526,51.4
3527,70.0
3528,83.0
3529,126.5
3530,70.30769231
3531,82.0
3532,76.0
3533,91.75
3534,94.0
3535,75.0
3536,84.0
3537,105.875
3538,134.3333333
3539,213.1538462
3540,96.92592593
3541,82.25
3542,77.0
3543,74.0
3544,101.8947368
3545,133.3333333
3546,94.03846154
3547,117.0243902
3548,100.8
3549,51.33333333
3550,202.125
3551,119.6666667
3552,90.88461538
3553,69.0
3554,99.0
3555,52.84615385
3556,120.1538462
3557,137.5
3558,250.0
3559,118.0
3560,126.1451613
3561,51.0
3562,64.47619048
3563,104.1428571
3564,75.0
3565,35.8
3566,151.6666667
3567,79.30645161
3568,110.5
3569,59.875
3570,87.71428571
3571,72.0
3572,336.0
3573,98.0
3574,90.94117647
3575,64.625
3576,207.6097561
3577,177.0
3578,230.0
3579,75.0
3580,121.8571429
3581,163.5
3582,104.2
3583,89.2
3584,63.0
3585,228.0
3586,184.0
3587,110.0
3588,41.4
3589,87.71428571
3590,173.0
3591,109.0769231
3592,110.3333333
3593,104.1666667
3594,114.6538462
3595,235.0
3596,326.0
3597,120.4255319
3598,91.6
3599,110.0
3600,103.5
3601,80.92592593
3602,60.0
3603,117.7857143
3604,110.0
3605,78.4
3606,54.35714286
3607,98.57142857
3608,131.6
3609,100.6666667
3610,47.14285714
3611,390.0
3612,104.6363636
3613,190.0
3614,250.0
3615,253.6666667
3616,130.5555556
3617,43.0
3618,221.0
3619,67.0
3620,129.5
3621,131.0
3622,48.0
3623,66.0
3624,96.0
3625,82.15789474
3626,30.0
3627,148.5185185
3628,49.8
3629,111.2
3630,235.0
3631,220.0
3632,43.0
3633,127.6666667
3634,52.0
3635,100.6666667
3636,113.3529412
3637,450.0
3638,428.2
3639,72.625
3640,111.3076923
3641,96.0
3642,70.33333333
3643,233.0
3644,106.3023256
3645,93.5
3646,174.3333333
3647,56.25
3648,120.3333333
3649,147.0
3650,102.0
3651,112.0714286
3652,294.0
3653,74.0
3654,274.0
3655,71.0
3656,239.0
3657,96.05263158
3658,68.57142857
3659,63.56410256
3660,130.25
3661,89.46153846
3662,75.57692308
3663,67.95652174
3664,94.03389831
3665,74.0
3666,126.1111111
3667,60.96296296
3668,87.31034483
3669,71.33333333
3670,67.0
3671,106.225
3672,53.88235294
3673,60.8
3674,99.0
3675,91.61016949
3676,53.81818182
3677,92.82051282
3678,93.58695652
3679,72.58139535
3680,125.4358974
3681,50.875
3682,70.25
3683,131.6
3684,81.66666667
3685,225.0
3686,69.875
3687,182.5714286
3688,117.7058824
3689,74.4
3690,149.7096774
3691,68.26923077
3692,67.0
3693,45.0
3694,70.92156863
3695,84.92682927
3696,105.1692308
3697,192.4
3698,103.6769231
3699,86.45454545
3700,60.11111111
3701,76.31578947
3702,75.4
3703,72.85185185
3704,124.8571429
3705,57.86666667
3706,85.71428571
3707,70.0
3708,137.7741935
3709,48.0
3710,66.97058824
3711,93.01190476
3712,103.4285714
3713,87.07692308
3714,81.375
3715,59.5
3716,223.5454545
3717,91.75
3718,98.04761905
3719,84.2
3720,113.3529412
3721,135.2909091
3722,196.3361345
3723,114.6818182
3724,117.4311927
3725,111.0
3726,109.6666667
3727,94.33333333
3728,94.0625
3729,49.28571429
3730,88.73333333
3731,166.0
3732,199.7272727
3733,95.0
3734,64.2
3735,40.0
3736,110.0
3737,29.0
3738,112.75
3739,145.0
3740,66.66666667
3741,68.90909091
3742,75.64864865
3743,125.7058824
3744,125.36
3745,103.0
3746,97.6
3747,92.30769231
3748,82.2
3749,33.33333333
3750,166.3157895
3751,53.0
3752,78.85294118
3753,172.3157895
3754,92.33333333
3755,80.0
3756,80.8125
3757,250.0
3758,167.25
3759,178.5555556
3760,78.0
3761,116.2916667
3762,135.5
3763,58.66666667
3764,146.122449
3765,114.0
3766,105.0
3767,114.8202247
3768,50.0
3769,79.875
3770,73.48837209
3771,44.0
3772,105.5454545
3773,188.3333333
3774,47.75
3775,104.2264151
3776,68.75
3777,67.68421053
3778,85.28
3779,97.57894737
3780,110.6666667
3781,107.3793103
3782,184.1666667
3783,92.36363636
3784,115.0
3785,293.5333333
3786,72.42857143
3787,93.6
3788,74.0
3789,52.44444444
3790,74.21428571
3791,47.0
3792,82.15789474
3793,61.27272727
3794,117.5789474
3795,67.0
3796,101.12
3797,98.0
3798,213.5
3799,89.0
3800,196.3361345
3801,246.3333333
3802,104.2017544
3803,115.8333333
3804,67.33333333
3805,47.45454545
3806,98.2
3807,50.0
3808,115.4666667
3809,96.0
3810,95.09677419
3811,283.0
3812,309.0
3813,71.0
3814,73.08333333
3815,102.0
3816,66.35483871
3817,115.3333333
3818,138.2833333
3819,113.375
3820,96.92592593
3821,80.0
3822,55.0
3823,118.1851852
3824,61.0
3825,105.0
3826,69.0
3827,110.0
3828,109.1052632
3829,223.8333333
3830,98.0
3831,80.5
3832,67.02325581
3833,82.15789474
3834,420.0
3835,115.3
3836,83.0
3837,70.30769231
3838,51.4
3839,64.47619048
3840,120.1538462
3841,117.0243902
3842,94.0
3843,128.5
3844,69.0
3845,51.33333333
3846,75.0
3847,110.5
3848,84.0
3849,144.6363636
3850,51.0
3851,100.8
3852,133.3333333
3853,104.1428571
3854,134.3333333
3855,91.75
3856,72.0
3857,126.5
3858,77.0
3859,82.0
3860,250.0
3861,137.5
3862,118.0
3863,119.6666667
3864,90.88461538
3865,75.0
3866,82.25
3867,126.1451613
3868,87.71428571
3869,336.0
3870,59.875
3871,80.92592593
3872,98.0
3873,90.94117647
3874,105.875
3875,76.0
3876,41.4
3877,99.0
3878,74.0
3879,121.8571429
3880,54.35714286
3881,91.6
3882,70.0
3883,47.14285714
3884,163.5
3885,173.0
3886,110.0
3887,87.71428571
3888,79.30645161
3889,230.0
3890,78.4
3891,49.8
3892,110.3333333
3893,228.0
3894,89.2
3895,207.6097561
3896,89.34782609
3897,177.0
3898,67.0
3899,120.4255319
3900,104.6363636
3901,100.6666667
3902,202.125
3903,30.0
3904,98.57142857
3905,131.0
3906,103.5
3907,213.1538462
3908,43.0
3909,52.0
3910,110.0
3911,390.0
3912,64.0
3913,131.6
3914,35.8
3915,82.15789474
3916,250.0
3917,66.0
3918,151.6666667
3919,117.7857143
3920,48.0
3921,130.5555556
3922,56.25
3923,109.0769231
3924,235.0
3925,220.0
3926,235.0
3927,43.0
3928,100.6666667
3929,129.5
3930,450.0
3931,50.25
3932,104.1666667
3933,253.6666667
3934,64.625
3935,110.0
3936,233.0
3937,93.5
3938,66.0
3939,75.0
3940,96.0
3941,147.0
3942,326.0
3943,74.0
3944,69.0
3945,111.2
3946,73.0
3947,94.03846154
3948,166.0
3949,72.625
3950,112.0714286
3951,71.0
3952,239.0
3953,149.0
3954,274.0
3955,105.0740741
3956,148.5185185
3957,68.57142857
3958,63.56410256
3959,130.25
3960,89.46153846
3961,67.95652174
3962,75.57692308
3963,74.0
3964,60.96296296
3965,126.1111111
3966,94.03389831
3967,87.31034483
3968,67.0
3969,53.88235294
3970,106.225
3971,71.33333333
3972,70.25
3973,60.8
3974,91.61016949
3975,53.81818182
3976,50.875
3977,99.0
3978,93.58695652
3979,69.875
3980,92.82051282
3981,125.4358974
3982,225.0
3983,72.58139535
3984,68.26923077
3985,117.7058824
3986,182.5714286
3987,81.66666667
3988,131.6
3989,45.0
3990,60.11111111
3991,67.0
3992,84.92682927
3993,70.92156863
3994,149.7096774
3995,74.4
3996,57.86666667
3997,72.85185185
3998,87.07692308
3999,192.4
4000,105.1692308
4001,59.5
4002,75.4
4003,76.31578947
4004,70.0
4005,48.0
4006,103.6769231
4007,49.28571429
4008,85.71428571
4009,81.375
4010,91.75
4011,124.8571429
4012,64.2
4013,137.7741935
4014,223.5454545
4015,114.6818182
4016,103.4285714
4017,88.73333333
4018,93.01190476
4019,94.0625
4020,66.97058824
4021,86.45454545
4022,109.6666667
4023,196.3361345
4024,113.3529412
4025,166.0
4026,29.0
4027,117.4311927
4028,125.36
4029,110.0
4030,135.2909091
4031,68.90909091
4032,84.2
4033,66.66666667
4034,125.7058824
4035,98.04761905
4036,199.7272727
4037,94.33333333
4038,92.30769231
4039,80.8125
4040,33.33333333
4041,40.0
4042,103.0
4043,112.75
4044,67.68421053
4045,95.0
4046,145.0
4047,53.0
4048,97.6
4049,82.2
4050,44.0
4051,78.0
4052,58.66666667
4053,135.5
4054,250.0
4055,52.44444444
4056,73.48837209
4057,105.5454545
4058,111.0
4059,79.875
4060,105.0
4061,110.6666667
4062,72.42857143
4063,166.3157895
4064,114.0
4065,78.85294118
4066,172.3157895
4067,146.122449
4068,107.3793103
4069,116.2916667
4070,97.57894737
4071,93.6
4072,74.0
4073,50.0
4074,101.12
4075,178.5555556
4076,47.75
4077,47.0
4078,115.0
4079,188.3333333
4080,196.3361345
4081,82.15789474
4082,74.21428571
4083,184.1666667
4084,293.5333333
4085,114.8202247
4086,96.92592593
4087,167.25
4088,115.4666667
4089,89.0
4090,98.0
4091,67.33333333
4092,92.33333333
4093,85.28
4094,71.0
4095,104.2264151
4096,102.0
4097,73.08333333
4098,67.0
4099,104.2017544
4100,68.75
4101,213.5
4102,117.5789474
4103,115.8333333
4104,75.64864865
4105,47.45454545
4106,96.0
4107,66.35483871
4108,283.0
4109,64.47619048
4110,80.0
4111,120.1538462
4112,115.3333333
4113,98.0
4114,110.5
4115,83.0
4116,70.30769231
4117,309.0
4118,69.0
4119,50.0
4120,72.0
4121,95.09677419
4122,246.3333333
4123,117.0243902
4124,51.0
4125,80.92592593
4126,51.33333333
4127,104.1428571
4128,115.3
4129,110.0
4130,67.02325581
4131,138.2833333
4132,51.4
4133,55.0
4134,80.5
4135,133.3333333
4136,100.8
4137,109.1052632
4138,47.14285714
4139,90.88461538
4140,94.0
4141,250.0
4142,61.0
4143,420.0
4144,84.0
4145,137.5
4146,118.0
4147,49.8
4148,54.35714286
4149,75.0
4150,134.3333333
4151,105.0
4152,119.6666667
4153,75.0
4154,92.36363636
4155,41.4
4156,82.15789474
4157,223.8333333
4158,91.75
4159,98.2
4160,126.1451613
4161,87.71428571
4162,80.0
4163,77.0
4164,91.6
4165,82.0
4166,336.0
4167,90.94117647
4168,126.5
4169,121.8571429
4170,98.0
4171,78.4
4172,67.0
4173,113.375
4174,59.875
4175,30.0
4176,173.0
4177,104.6363636
4178,163.5
4179,87.71428571
4180,144.6363636
4181,110.0
4182,110.3333333
4183,128.5
4184,131.0
4185,52.0
4186,100.6666667
4187,56.25
4188,82.25
4189,99.0
4190,118.1851852
4191,230.0
4192,228.0
4193,120.4255319
4194,98.57142857
4195,43.0
4196,74.0
4197,50.25
4198,177.0
4199,105.875
4200,89.2
4201,207.6097561
4202,390.0
4203,82.15789474
4204,76.0
4205,66.0
4206,48.0
4207,61.27272727
4208,66.0
4209,131.6
4210,103.5
4211,79.30645161
4212,235.0
4213,250.0
4214,235.0
4215,220.0
4216,43.0
4217,100.6666667
4218,130.5555556
4219,450.0
4220,69.0
4221,93.5
4222,233.0
4223,73.0
4224,110.0
4225,74.0
4226,96.0
4227,147.0
4228,66.0
4229,56.85714286
4230,18.0
4231,105.0740741
4232,149.0
4233,49.33333333
4234,166.0
4235,71.0
4236,57.0
4237,55.0
4238,239.0
4239,69.0
4240,253.6666667
4241,74.0
4242,117.7857143
4243,68.57142857
4244,63.56410256
4245,130.25
4246,74.0
4247,89.46153846
4248,67.95652174
4249,75.57692308
4250,60.96296296
4251,126.1111111
4252,67.0
4253,70.25
4254,53.88235294
4255,87.31034483
4256,106.225
4257,94.03389831
4258,50.875
4259,69.875
4260,71.33333333
4261,91.61016949
4262,60.8
4263,53.81818182
4264,99.0
4265,93.58695652
4266,60.11111111
4267,45.0
4268,68.26923077
4269,92.82051282
4270,225.0
4271,125.4358974
4272,117.7058824
4273,67.0
4274,182.5714286
4275,87.07692308
4276,84.92682927
4277,70.92156863
4278,131.6
4279,59.5
4280,81.66666667
4281,57.86666667
4282,72.58139535
4283,72.85185185
4284,49.28571429
4285,149.7096774
4286,64.2
4287,74.4
4288,192.4
4289,48.0
4290,91.75
4291,81.375
4292,75.4
4293,76.31578947
4294,70.0
4295,85.71428571
4296,114.6818182
4297,105.1692308
4298,223.5454545
4299,88.73333333
4300,124.8571429
4301,103.6769231
4302,125.36
4303,103.4285714
4304,80.8125
4305,29.0
4306,67.68421053
4307,137.7741935
4308,110.0
4309,109.6666667
4310,94.0625
4311,166.0
4312,33.33333333
4313,196.3361345
4314,125.7058824
4315,52.44444444
4316,68.90909091
4317,92.30769231
4318,113.3529412
4319,44.0
4320,66.66666667
4321,103.0
4322,93.01190476
4323,117.4311927
4324,53.0
4325,135.2909091
4326,78.0
4327,199.7272727
4328,58.66666667
4329,40.0
4330,94.33333333
4331,135.5
4332,112.75
4333,66.97058824
4334,84.2
4335,73.48837209
4336,250.0
4337,97.6
4338,105.5454545
4339,82.2
4340,110.6666667
4341,72.42857143
4342,98.04761905
4343,101.12
4344,145.0
4345,79.875
4346,105.0
4347,96.92592593
4348,95.0
4349,74.0
4350,196.3361345
4351,93.6
4352,47.0
4353,107.3793103
4354,97.57894737
4355,82.15789474
4356,114.0
4357,115.0
4358,74.21428571
4359,115.4666667
4360,166.3157895
4361,78.85294118
4362,47.75
4363,50.0
4364,71.0
4365,67.33333333
4366,120.1538462
4367,172.3157895
4368,116.2916667
4369,184.1666667
4370,89.0
4371,293.5333333
4372,102.0
4373,146.122449
4374,64.47619048
4375,98.0
4376,73.08333333
4377,80.92592593
4378,86.45454545
4379,47.14285714
4380,188.3333333
4381,69.0
4382,66.35483871
4383,110.5
4384,178.5555556
4385,49.8
4386,72.0
4387,104.2017544
4388,51.0
4389,54.35714286
4390,115.3333333
4391,117.0243902
4392,213.5
4393,70.30769231
4394,283.0
4395,83.0
4396,115.8333333
4397,47.45454545
4398,96.0
4399,67.0
4400,51.33333333
4401,98.0
4402,104.1428571
4403,114.8202247
4404,50.0
4405,90.88461538
4406,117.5789474
4407,250.0
4408,41.4
4409,133.3333333
4410,100.8
4411,115.3
4412,137.5
4413,85.28
4414,118.0
4415,67.0
4416,309.0
4417,91.6
4418,119.6666667
4419,94.0
4420,51.4
4421,78.4
4422,110.0
4423,75.0
4424,67.02325581
4425,84.0
4426,111.0
4427,75.0
4428,30.0
4429,134.3333333
4430,420.0
4431,91.75
4432,52.0
4433,87.71428571
4434,138.2833333
4435,56.25
4436,90.94117647
4437,167.25
4438,80.5
4439,126.1451613
4440,121.8571429
4441,104.6363636
4442,336.0
4443,109.1052632
4444,98.0
4445,77.0
4446,173.0
4447,131.0
4448,55.0
4449,50.25
4450,246.3333333
4451,110.3333333
4452,87.71428571
4453,104.2264151
4454,61.0
4455,110.0
4456,163.5
4457,59.875
4458,100.6666667
4459,95.09677419
4460,82.0
4461,92.33333333
4462,68.75
4463,126.5
4464,82.15789474
4465,43.0
4466,66.0
4467,98.57142857
4468,230.0
4469,223.8333333
4470,120.4255319
4471,69.0
4472,82.15789474
4473,66.0
4474,390.0
4475,56.85714286
4476,235.0
4477,48.0
4478,228.0
4479,235.0
4480,18.0
4481,66.0
4482,55.0
4483,207.6097561
4484,43.0
4485,49.33333333
4486,80.0
4487,99.0
4488,220.0
4489,100.6666667
4490,73.0
4491,93.5
4492,105.875
4493,105.0740741
4494,105.0
4495,450.0
4496,74.0
4497,177.0
4498,250.0
4499,105.0
4500,15.6
4501,144.6363636
4502,57.0
4503,89.2
4504,149.0
4505,233.0
4506,147.0
4507,74.0
4508,53.33928571
4509,96.0
4510,57.36363636
4511,131.6
4512,166.0
4513,81.69230769
4514,44.55555556
4515,43.0
4516,71.0
4517,74.8
4518,130.5555556
4519,239.0
4520,68.57142857
4521,63.56410256
4522,74.0
4523,89.46153846
4524,130.25
4525,67.95652174
4526,70.25
4527,60.96296296
4528,75.57692308
4529,126.1111111
4530,67.0
4531,53.88235294
4532,50.875
4533,106.225
4534,87.31034483
4535,69.875
4536,60.11111111
4537,91.61016949
4538,93.58695652
4539,45.0
4540,99.0
4541,87.07692308
4542,68.26923077
4543,53.81818182
4544,94.03389831
4545,60.8
4546,225.0
4547,67.0
4548,59.5
4549,71.33333333
4550,117.7058824
4551,125.4358974
4552,70.92156863
4553,49.28571429
4554,57.86666667
4555,182.5714286
4556,84.92682927
4557,92.82051282
4558,72.85185185
4559,64.2
4560,81.66666667
4561,131.6
4562,91.75
4563,81.375
4564,48.0
4565,76.31578947
4566,149.7096774
4567,114.6818182
4568,192.4
4569,75.4
4570,67.68421053
4571,88.73333333
4572,223.5454545
4573,85.71428571
4574,80.8125
4575,70.0
4576,52.44444444
4577,125.36
4578,72.58139535
4579,29.0
4580,110.0
4581,103.4285714
4582,33.33333333
4583,74.4
4584,44.0
4585,124.8571429
4586,166.0
4587,125.7058824
4588,105.1692308
4589,109.6666667
4590,196.3361345
4591,68.90909091
4592,137.7741935
4593,103.6769231
4594,53.0
4595,103.0
4596,66.66666667
4597,78.0
4598,58.66666667
4599,135.5
4600,92.30769231
4601,94.0625
4602,113.3529412
4603,73.48837209
4604,101.12
4605,110.6666667
4606,96.92592593
4607,117.4311927
4608,72.42857143
4609,250.0
4610,105.5454545
4611,196.3361345
4612,112.75
4613,93.01190476
4614,135.2909091
4615,74.0
4616,94.33333333
4617,199.7272727
4618,82.2
4619,47.0
4620,97.6
4621,93.6
4622,40.0
4623,105.0
4624,47.14285714
4625,120.1538462
4626,115.4666667
4627,80.92592593
4628,107.3793103
4629,82.15789474
4630,49.8
4631,79.875
4632,74.21428571
4633,97.57894737
4634,69.0
4635,64.47619048
4636,71.0
4637,145.0
4638,115.0
4639,114.0
4640,67.33333333
4641,110.5
4642,102.0
4643,54.35714286
4644,89.0
4645,98.04761905
4646,72.0
4647,84.2
4648,73.08333333
4649,293.5333333
4650,66.35483871
4651,95.0
4652,166.3157895
4653,98.0
4654,117.0243902
4655,51.0
4656,184.1666667
4657,50.0
4658,70.30769231
4659,116.2916667
4660,51.33333333
4661,172.3157895
4662,83.0
4663,67.0
4664,66.97058824
4665,47.75
4666,41.4
4667,90.88461538
4668,146.122449
4669,104.1428571
4670,250.0
4671,52.0
4672,78.85294118
4673,56.25
4674,78.4
4675,137.5
4676,91.6
4677,115.3333333
4678,50.0
4679,283.0
4680,47.45454545
4681,188.3333333
4682,104.2017544
4683,133.3333333
4684,118.0
4685,100.8
4686,115.8333333
4687,30.0
4688,98.0
4689,50.25
4690,213.5
4691,96.0
4692,119.6666667
4693,75.0
4694,115.3
4695,94.0
4696,104.6363636
4697,309.0
4698,67.0
4699,178.5555556
4700,90.94117647
4701,420.0
4702,51.4
4703,84.0
4704,117.5789474
4705,131.0
4706,87.71428571
4707,121.8571429
4708,134.3333333
4709,173.0
4710,91.75
4711,110.0
4712,98.0
4713,126.1451613
4714,336.0
4715,66.0
4716,110.3333333
4717,87.71428571
4718,69.0
4719,100.6666667
4720,77.0
4721,110.0
4722,56.85714286
4723,163.5
4724,67.02325581
4725,138.2833333
4726,75.0
4727,43.0
4728,85.28
4729,98.57142857
4730,55.0
4731,59.875
4732,18.0
4733,66.0
4734,15.6
4735,49.33333333
4736,105.0
4737,235.0
4738,114.8202247
4739,57.36363636
4740,82.15789474
4741,66.0
4742,120.4255319
4743,80.5
4744,44.55555556
4745,53.33928571
4746,105.0740741
4747,57.0
4748,82.0
4749,126.5
4750,74.0
4751,235.0
4752,390.0
4753,230.0
4754,93.5
4755,73.0
4756,74.0
4757,48.0
4758,109.1052632
4759,43.0
4760,207.6097561
4761,149.0
4762,100.6666667
4763,220.0
4764,43.0
4765,54.0
4766,450.0
4767,81.69230769
4768,233.0
4769,147.0
4770,74.8
4771,98.0
4772,166.0
4773,46.0
4774,96.0
4775,155.5454545
4776,250.0
4777,71.0
4778,61.66666667
4779,51.5
4780,177.0
4781,228.0
4782,68.57142857
4783,63.56410256
4784,74.0
4785,70.25
4786,89.46153846
4787,67.95652174
4788,130.25
4789,60.96296296
4790,75.57692308
4791,126.1111111
4792,50.875
4793,67.0
4794,53.88235294
4795,60.11111111
4796,69.875
4797,106.225
4798,91.61016949
4799,87.07692308
4800,87.31034483
4801,45.0
4802,93.58695652
4803,68.26923077
4804,59.5
4805,49.28571429
4806,67.0
4807,99.0
4808,225.0
4809,57.86666667
4810,64.2
4811,70.92156863
4812,117.7058824
4813,125.4358974
4814,53.81818182
4815,72.85185185
4816,182.5714286
4817,84.92682927
4818,60.8
4819,91.75
4820,92.82051282
4821,81.375
4822,131.6
4823,67.68421053
4824,114.6818182
4825,81.66666667
4826,52.44444444
4827,76.31578947
4828,48.0
4829,94.03389831
4830,80.8125
4831,88.73333333
4832,223.5454545
4833,71.33333333
4834,192.4
4835,125.36
4836,75.4
4837,85.71428571
4838,149.7096774
4839,29.0
4840,44.0
4841,70.0
4842,110.0
4843,33.33333333
4844,166.0
4845,125.7058824
4846,109.6666667
4847,103.4285714
4848,53.0
4849,196.3361345
4850,96.92592593
4851,101.12
4852,124.8571429
4853,135.5
4854,58.66666667
4855,68.90909091
4856,103.0
4857,137.7741935
4858,78.0
4859,110.6666667
4860,73.48837209
4861,47.14285714
4862,72.58139535
4863,72.42857143
4864,196.3361345
4865,250.0
4866,80.92592593
4867,92.30769231
4868,66.66666667
4869,105.1692308
4870,120.1538462
4871,74.0
4872,103.6769231
4873,105.5454545
4874,69.0
4875,49.8
4876,93.6
4877,113.3529412
4878,115.4666667
4879,117.4311927
4880,47.0
4881,94.0625
4882,82.15789474
4883,82.2
4884,105.0
4885,54.35714286
4886,107.3793103
4887,112.75
4888,97.6
4889,64.47619048
4890,74.4
4891,94.33333333
4892,110.5
4893,199.7272727
4894,71.0
4895,72.0
4896,74.21428571
4897,135.2909091
4898,97.57894737
4899,102.0
4900,67.33333333
4901,89.0
4902,52.0
4903,79.875
4904,40.0
4905,117.0243902
4906,67.0
4907,93.01190476
4908,115.0
4909,56.25
4910,51.0
4911,293.5333333
4912,114.0
4913,73.08333333
4914,41.4
4915,66.35483871
4916,50.25
4917,51.33333333
4918,70.30769231
4919,90.88461538
4920,83.0
4921,250.0
4922,78.4
4923,91.6
4924,145.0
4925,104.1428571
4926,137.5
4927,98.0
4928,118.0
4929,30.0
4930,133.3333333
4931,166.3157895
4932,184.1666667
4933,100.8
4934,50.0
4935,104.6363636
4936,283.0
4937,56.85714286
4938,95.0
4939,119.6666667
4940,47.45454545
4941,69.0
4942,50.0
4943,104.2017544
4944,75.0
4945,309.0
4946,131.0
4947,98.0
4948,146.122449
4949,66.0
4950,115.8333333
4951,90.94117647
4952,94.0
4953,173.0
4954,172.3157895
4955,420.0
4956,116.2916667
4957,15.6
4958,121.8571429
4959,115.3
4960,55.0
4961,87.71428571
4962,115.3333333
4963,98.0
4964,84.0
4965,57.36363636
4966,91.75
4967,134.3333333
4968,213.5
4969,110.3333333
4970,18.0
4971,47.75
4972,66.0
4973,100.6666667
4974,105.0
4975,49.33333333
4976,336.0
4977,44.55555556
4978,126.1451613
4979,87.71428571
4980,163.5
4981,110.0
4982,110.0
4983,117.5789474
4984,43.0
4985,188.3333333
4986,53.33928571
4987,98.57142857
4988,77.0
4989,96.0
4990,54.0
4991,235.0
4992,74.0
4993,105.0740741
4994,57.0
4995,98.04761905
4996,67.0
4997,82.15789474
4998,74.0
4999,43.0
5000,46.0
5001,51.4
5002,66.0
5003,93.5
5004,235.0
5005,78.85294118
5006,73.0
5007,98.0
5008,59.875
5009,61.66666667
5010,149.0
5011,74.8
5012,43.0
5013,120.4255319
5014,390.0
5015,81.69230769
5016,207.6097561
5017,51.5
5018,147.0
5019,450.0
5020,220.0
5021,233.0
5022,70.0
5023,155.5454545
5024,100.6666667
5025,138.2833333
5026,230.0
5027,178.5555556
5028,166.0
5029,59.6
5030,71.0
5031,85.28
5032,234.0
5033,34.0
5034,49.42857143
5035,96.0
5036,75.0
5037,22.33333333
5038,61.76470588
5039,68.57142857
5040,63.56410256
5041,70.25
5042,74.0
5043,89.46153846
5044,67.95652174
5045,60.96296296
5046,130.25
5047,50.875
5048,60.11111111
5049,75.57692308
5050,126.1111111
5051,69.875
5052,53.88235294
5053,67.0
5054,106.225
5055,87.07692308
5056,91.61016949
5057,45.0
5058,59.5
5059,49.28571429
5060,68.26923077
5061,64.2
5062,93.58695652
5063,67.0
5064,57.86666667
5065,87.31034483
5066,225.0
5067,70.92156863
5068,72.85185185
5069,117.7058824
5070,125.4358974
5071,99.0
5072,182.5714286
5073,91.75
5074,84.92682927
5075,67.68421053
5076,81.375
5077,52.44444444
5078,53.81818182
5079,114.6818182
5080,80.8125
5081,88.73333333
5082,76.31578947
5083,223.5454545
5084,131.6
5085,60.8
5086,125.36
5087,92.82051282
5088,48.0
5089,81.66666667
5090,44.0
5091,29.0
5092,85.71428571
5093,110.0
5094,192.4
5095,33.33333333
5096,75.4
5097,96.92592593
5098,47.14285714
5099,101.12
5100,109.6666667
5101,166.0
5102,70.0
5103,125.7058824
5104,53.0
5105,149.7096774
5106,135.5
5107,80.92592593
5108,69.0
5109,196.3361345
5110,58.66666667
5111,110.6666667
5112,196.3361345
5113,103.0
5114,120.1538462
5115,78.0
5116,72.42857143
5117,103.4285714
5118,68.90909091
5119,49.8
5120,73.48837209
5121,137.7741935
5122,250.0
5123,74.0
5124,115.4666667
5125,93.6
5126,124.8571429
5127,54.35714286
5128,52.0
5129,105.5454545
5130,112.75
5131,47.0
5132,82.15789474
5133,64.47619048
5134,92.30769231
5135,110.5
5136,72.0
5137,105.0
5138,56.25
5139,107.3793103
5140,67.0
5141,71.0
5142,50.25
5143,113.3529412
5144,117.0243902
5145,74.21428571
5146,102.0
5147,89.0
5148,82.2
5149,97.6
5150,67.33333333
5151,117.4311927
5152,51.0
5153,105.1692308
5154,72.58139535
5155,66.66666667
5156,41.4
5157,97.57894737
5158,56.85714286
5159,103.6769231
5160,94.33333333
5161,90.88461538
5162,293.5333333
5163,91.6
5164,70.30769231
5165,199.7272727
5166,78.4
5167,51.33333333
5168,250.0
5169,94.0625
5170,83.0
5171,69.0
5172,73.08333333
5173,137.5
5174,114.0
5175,66.35483871
5176,30.0
5177,71.33333333
5178,15.6
5179,118.0
5180,115.0
5181,104.1428571
5182,135.2909091
5183,133.3333333
5184,57.36363636
5185,66.0
5186,104.6363636
5187,98.0
5188,44.55555556
5189,55.0
5190,131.0
5191,79.875
5192,100.8
5193,119.6666667
5194,75.0
5195,50.0
5196,90.94117647
5197,49.33333333
5198,18.0
5199,66.0
5200,105.0
5201,54.0
5202,283.0
5203,309.0
5204,173.0
5205,53.33928571
5206,184.1666667
5207,47.45454545
5208,420.0
5209,121.8571429
5210,104.2017544
5211,110.3333333
5212,40.0
5213,115.8333333
5214,46.0
5215,94.0
5216,74.0
5217,145.0
5218,98.0
5219,100.6666667
5220,61.66666667
5221,43.0
5222,84.0
5223,105.0740741
5224,98.0
5225,50.0
5226,43.0
5227,57.0
5228,235.0
5229,87.71428571
5230,115.3
5231,91.75
5232,166.3157895
5233,74.0
5234,163.5
5235,87.71428571
5236,98.57142857
5237,51.5
5238,110.0
5239,98.0
5240,70.0
5241,336.0
5242,134.3333333
5243,146.122449
5244,93.5
5245,213.5
5246,74.8
5247,82.15789474
5248,235.0
5249,66.0
5250,116.2916667
5251,93.01190476
5252,126.1451613
5253,73.0
5254,149.0
5255,94.03389831
5256,81.69230769
5257,95.0
5258,155.5454545
5259,110.0
5260,59.6
5261,34.0
5262,147.0
5263,390.0
5264,43.0
5265,61.76470588
5266,207.6097561
5267,450.0
5268,233.0
5269,49.42857143
5270,77.0
5271,22.33333333
5272,220.0
5273,166.0
5274,117.5789474
5275,234.0
5276,100.6666667
5277,71.0
5278,132.0
5279,120.4255319
5280,70.2
5281,68.57142857
5282,63.56410256
5283,70.25
5284,74.0
5285,89.46153846
5286,67.95652174
5287,60.96296296
5288,60.11111111
5289,50.875
5290,130.25
5291,126.1111111
5292,75.57692308
5293,69.875
5294,87.07692308
5295,53.88235294
5296,106.225
5297,45.0
5298,49.28571429
5299,67.0
5300,59.5
5301,91.61016949
5302,68.26923077
5303,64.2
5304,57.86666667
5305,67.0
5306,225.0
5307,93.58695652
5308,70.92156863
5309,72.85185185
5310,117.7058824
5311,125.4358974
5312,91.75
5313,67.68421053
5314,52.44444444
5315,182.5714286
5316,81.375
5317,84.92682927
5318,99.0
5319,80.8125
5320,114.6818182
5321,87.31034483
5322,88.73333333
5323,76.31578947
5324,223.5454545
5325,44.0
5326,47.14285714
5327,125.36
5328,96.92592593
5329,29.0
5330,131.6
5331,85.71428571
5332,69.0
5333,33.33333333
5334,101.12
5335,110.0
5336,53.81818182
5337,80.92592593
5338,48.0
5339,49.8
5340,196.3361345
5341,120.1538462
5342,109.6666667
5343,135.5
5344,81.66666667
5345,166.0
5346,52.0
5347,110.6666667
5348,192.4
5349,125.7058824
5350,75.4
5351,72.42857143
5352,103.0
5353,196.3361345
5354,58.66666667
5355,92.82051282
5356,53.0
5357,54.35714286
5358,73.48837209
5359,74.0
5360,68.90909091
5361,60.8
5362,115.4666667
5363,250.0
5364,70.0
5365,78.0
5366,93.6
5367,56.25
5368,149.7096774
5369,112.75
5370,50.25
5371,137.7741935
5372,72.0
5373,103.4285714
5374,56.85714286
5375,64.47619048
5376,67.0
5377,47.0
5378,110.5
5379,82.15789474
5380,105.5454545
5381,105.0
5382,117.0243902
5383,124.8571429
5384,69.0
5385,107.3793103
5386,41.4
5387,15.6
5388,51.0
5389,74.21428571
5390,89.0
5391,102.0
5392,57.36363636
5393,91.6
5394,90.88461538
5395,44.55555556
5396,92.30769231
5397,67.33333333
5398,78.4
5399,70.30769231
5400,250.0
5401,71.0
5402,137.5
5403,51.33333333
5404,30.0
5405,97.6
5406,293.5333333
5407,97.57894737
5408,54.0
5409,66.0
5410,83.0
5411,118.0
5412,55.0
5413,82.2
5414,49.33333333
5415,18.0
5416,53.33928571
5417,104.6363636
5418,133.3333333
5419,113.3529412
5420,105.0
5421,66.35483871
5422,104.1428571
5423,117.4311927
5424,66.0
5425,61.66666667
5426,46.0
5427,73.08333333
5428,131.0
5429,199.7272727
5430,114.0
5431,90.94117647
5432,173.0
5433,74.0
5434,51.5
5435,119.6666667
5436,50.0
5437,43.0
5438,100.8
5439,94.33333333
5440,75.0
5441,98.0
5442,70.0
5443,105.0740741
5444,57.0
5445,309.0
5446,115.0
5447,74.0
5448,110.3333333
5449,98.0
5450,235.0
5451,43.0
5452,121.8571429
5453,420.0
5454,283.0
5455,104.2017544
5456,34.0
5457,93.5
5458,98.0
5459,74.8
5460,94.0625
5461,59.6
5462,100.6666667
5463,135.2909091
5464,115.3
5465,61.76470588
5466,235.0
5467,84.0
5468,163.5
5469,66.0
5470,155.5454545
5471,149.0
5472,73.0
5473,82.15789474
5474,87.71428571
5475,98.57142857
5476,87.71428571
5477,49.42857143
5478,81.69230769
5479,115.8333333
5480,94.0
5481,91.75
5482,110.0
5483,184.1666667
5484,147.0
5485,22.33333333
5486,390.0
5487,70.2
5488,79.875
5489,450.0
5490,207.6097561
5491,38.75
5492,233.0
5493,132.0
5494,36.66666667
5495,93.93452381
5496,67.66666667
5497,234.0
5498,117.625
5499,336.0
5500,37.0
5501,95.65
5502,166.0
5503,71.47058824
5504,84.4375
5505,66.66666667
5506,68.57142857
5507,63.56410256
5508,70.25
5509,74.0
5510,89.46153846
5511,67.95652174
5512,60.11111111
5513,60.96296296
5514,50.875
5515,126.1111111
5516,87.07692308
5517,69.875
5518,130.25
5519,75.57692308
5520,49.28571429
5521,59.5
5522,45.0
5523,91.61016949
5524,53.88235294
5525,106.225
5526,64.2
5527,68.26923077
5528,67.0
5529,57.86666667
5530,67.0
5531,72.85185185
5532,225.0
5533,70.92156863
5534,117.7058824
5535,125.4358974
5536,91.75
5537,93.58695652
5538,67.68421053
5539,52.44444444
5540,81.375
5541,182.5714286
5542,80.8125
5543,114.6818182
5544,88.73333333
5545,76.31578947
5546,47.14285714
5547,223.5454545
5548,69.0
5549,44.0
5550,96.92592593
5551,84.92682927
5552,125.36
5553,99.0
5554,101.12
5555,80.92592593
5556,52.0
5557,33.33333333
5558,49.8
5559,120.1538462
5560,85.71428571
5561,196.3361345
5562,110.0
5563,29.0
5564,135.5
5565,109.6666667
5566,110.6666667
5567,131.6
5568,54.35714286
5569,166.0
5570,72.42857143
5571,56.85714286
5572,103.0
5573,50.25
5574,56.25
5575,74.0
5576,115.4666667
5577,73.48837209
5578,125.7058824
5579,250.0
5580,196.3361345
5581,112.75
5582,68.90909091
5583,192.4
5584,93.6
5585,67.0
5586,53.0
5587,72.0
5588,48.0
5589,87.31034483
5590,69.0
5591,64.47619048
5592,78.0
5593,15.6
5594,58.66666667
5595,44.55555556
5596,47.0
5597,57.36363636
5598,110.5
5599,82.15789474
5600,75.4
5601,117.0243902
5602,41.4
5603,81.66666667
5604,137.7741935
5605,103.4285714
5606,149.7096774
5607,54.0
5608,105.5454545
5609,107.3793103
5610,51.0
5611,105.0
5612,91.6
5613,90.88461538
5614,74.21428571
5615,78.4
5616,102.0
5617,53.81818182
5618,89.0
5619,250.0
5620,137.5
5621,53.33928571
5622,30.0
5623,61.66666667
5624,55.0
5625,66.0
5626,49.33333333
5627,70.30769231
5628,92.82051282
5629,18.0
5630,46.0
5631,51.33333333
5632,67.33333333
5633,124.8571429
5634,118.0
5635,51.5
5636,293.5333333
5637,105.0
5638,66.0
5639,43.0
5640,70.0
5641,104.6363636
5642,70.0
5643,97.57894737
5644,83.0
5645,74.0
5646,133.3333333
5647,71.0
5648,131.0
5649,97.6
5650,90.94117647
5651,104.1428571
5652,66.35483871
5653,74.0
5654,105.0740741
5655,173.0
5656,92.30769231
5657,50.0
5658,98.0
5659,57.0
5660,34.0
5661,119.6666667
5662,235.0
5663,43.0
5664,100.8
5665,199.7272727
5666,61.76470588
5667,73.08333333
5668,59.6
5669,93.5
5670,110.3333333
5671,74.8
5672,309.0
5673,75.0
5674,82.2
5675,121.8571429
5676,70.2
5677,49.42857143
5678,420.0
5679,155.5454545
5680,235.0
5681,114.0
5682,38.75
5683,22.33333333
5684,149.0
5685,104.2017544
5686,36.66666667
5687,73.0
5688,98.0
5689,81.69230769
5690,37.0
5691,60.8
5692,147.0
5693,82.15789474
5694,390.0
5695,117.625
5696,71.47058824
5697,67.66666667
5698,132.0
5699,98.0
5700,100.6666667
5701,163.5
5702,110.0
5703,98.57142857
5704,450.0
5705,66.0
5706,115.3
5707,113.3529412
5708,233.0
5709,207.6097561
5710,95.65
5711,75.25
5712,84.4375
5713,283.0
5714,234.0
5715,87.71428571
5716,84.0
5717,117.4311927
5718,59.0
5719,166.0
5720,87.71428571
5721,63.56410256
5722,68.57142857
5723,70.25
5724,74.0
5725,89.46153846
5726,60.11111111
5727,67.95652174
5728,50.875
5729,60.96296296
5730,87.07692308
5731,126.1111111
5732,69.875
5733,49.28571429
5734,59.5
5735,75.57692308
5736,45.0
5737,91.61016949
5738,64.2
5739,130.25
5740,106.225
5741,53.88235294
5742,57.86666667
5743,68.26923077
5744,70.92156863
5745,72.85185185
5746,117.7058824
5747,52.44444444
5748,225.0
5749,67.0
5750,125.4358974
5751,67.68421053
5752,91.75
5753,67.0
5754,93.58695652
5755,81.375
5756,80.8125
5757,47.14285714
5758,69.0
5759,88.73333333
5760,114.6818182
5761,182.5714286
5762,76.31578947
5763,44.0
5764,96.92592593
5765,52.0
5766,223.5454545
5767,49.8
5768,80.92592593
5769,101.12
5770,125.36
5771,120.1538462
5772,33.33333333
5773,56.85714286
5774,196.3361345
5775,84.92682927
5776,135.5
5777,109.6666667
5778,85.71428571
5779,50.25
5780,56.25
5781,110.6666667
5782,110.0
5783,54.35714286
5784,103.0
5785,74.0
5786,72.42857143
5787,99.0
5788,115.4666667
5789,112.75
5790,29.0
5791,44.55555556
5792,166.0
5793,69.0
5794,73.48837209
5795,67.0
5796,15.6
5797,57.36363636
5798,250.0
5799,93.6
5800,72.0
5801,131.6
5802,68.90909091
5803,196.3361345
5804,53.0
5805,64.47619048
5806,125.7058824
5807,54.0
5808,41.4
5809,47.0
5810,110.5
5811,117.0243902
5812,82.15789474
5813,61.66666667
5814,78.0
5815,192.4
5816,53.33928571
5817,91.6
5818,51.5
5819,51.0
5820,90.88461538
5821,18.0
5822,78.4
5823,49.33333333
5824,46.0
5825,107.3793103
5826,55.0
5827,43.0
5828,66.0
5829,30.0
5830,137.5
5831,250.0
5832,105.0
5833,103.4285714
5834,74.21428571
5835,70.0
5836,105.0
5837,105.5454545
5838,66.0
5839,70.30769231
5840,74.0
5841,137.7741935
5842,89.0
5843,118.0
5844,102.0
5845,51.33333333
5846,293.5333333
5847,48.0
5848,74.0
5849,75.4
5850,67.33333333
5851,34.0
5852,104.6363636
5853,105.0740741
5854,98.0
5855,50.0
5856,83.0
5857,131.0
5858,90.94117647
5859,57.0
5860,133.3333333
5861,61.76470588
5862,149.7096774
5863,58.66666667
5864,173.0
5865,97.57894737
5866,235.0
5867,70.2
5868,59.6
5869,104.1428571
5870,43.0
5871,119.6666667
5872,93.5
5873,38.75
5874,36.66666667
5875,97.6
5876,74.8
5877,37.0
5878,49.42857143
5879,22.33333333
5880,66.35483871
5881,100.8
5882,71.47058824
5883,155.5454545
5884,235.0
5885,117.625
5886,149.0
5887,110.3333333
5888,73.0
5889,67.66666667
5890,121.8571429
5891,81.69230769
5892,199.7272727
5893,75.25
5894,132.0
5895,71.0
5896,147.0
5897,390.0
5898,309.0
5899,95.65
5900,59.0
5901,84.4375
5902,81.66666667
5903,420.0
5904,98.0
5905,82.15789474
5906,450.0
5907,75.0
5908,233.0
5909,207.6097561
5910,104.2017544
5911,124.8571429
5912,234.0
5913,46.75
5914,110.0
5915,73.5
5916,163.5
5917,100.6666667
5918,63.56410256
5919,68.57142857
5920,70.25
5921,74.0
5922,60.11111111
5923,89.46153846
5924,67.95652174
5925,50.875
5926,60.96296296
5927,87.07692308
5928,126.1111111
5929,49.28571429
5930,59.5
5931,69.875
5932,91.61016949
5933,64.2
5934,45.0
5935,75.57692308
5936,106.225
5937,52.44444444
5938,57.86666667
5939,68.26923077
5940,70.92156863
5941,117.7058824
5942,53.88235294
5943,67.68421053
5944,125.4358974
5945,225.0
5946,91.75
5947,72.85185185
5948,130.25
5949,69.0
5950,67.0
5951,81.375
5952,47.14285714
5953,52.0
5954,80.8125
5955,88.73333333
5956,114.6818182
5957,96.92592593
5958,93.58695652
5959,49.8
5960,56.85714286
5961,67.0
5962,223.5454545
5963,76.31578947
5964,44.0
5965,80.92592593
5966,101.12
5967,120.1538462
5968,182.5714286
5969,196.3361345
5970,50.25
5971,56.25
5972,33.33333333
5973,125.36
5974,44.55555556
5975,109.6666667
5976,135.5
5977,54.35714286
5978,110.6666667
5979,57.36363636
5980,112.75
5981,69.0
5982,15.6
5983,115.4666667
5984,85.71428571
5985,67.0
5986,103.0
5987,74.0
5988,110.0
5989,73.48837209
5990,72.42857143
5991,250.0
5992,72.0
5993,84.92682927
5994,53.0
5995,54.0
5996,166.0
5997,61.66666667
5998,93.6
5999,51.5
6000,53.33928571
6001,43.0
6002,41.4
6003,68.90909091
6004,117.0243902
6005,64.47619048
6006,29.0
6007,196.3361345
6008,18.0
6009,46.0
6010,49.33333333
6011,70.0
6012,110.5
6013,47.0
6014,55.0
6015,91.6
6016,82.15789474
6017,90.88461538
6018,78.4
6019,51.0
6020,66.0
6021,137.5
6022,30.0
6023,125.7058824
6024,250.0
6025,131.6
6026,78.0
6027,74.0
6028,99.0
6029,107.3793103
6030,105.0
6031,66.0
6032,74.0
6033,34.0
6034,192.4
6035,105.0
6036,103.4285714
6037,51.33333333
6038,61.76470588
6039,98.0
6040,74.21428571
6041,105.0740741
6042,293.5333333
6043,70.2
6044,50.0
6045,38.75
6046,118.0
6047,37.0
6048,36.66666667
6049,57.0
6050,70.30769231
6051,90.94117647
6052,105.5454545
6053,104.6363636
6054,59.6
6055,235.0
6056,89.0
6057,93.5
6058,173.0
6059,131.0
6060,83.0
6061,71.47058824
6062,22.33333333
6063,43.0
6064,67.33333333
6065,49.42857143
6066,74.8
6067,133.3333333
6068,119.6666667
6069,117.625
6070,75.25
6071,67.66666667
6072,155.5454545
6073,46.75
6074,235.0
6075,59.0
6076,102.0
6077,104.1428571
6078,149.0
6079,132.0
6080,73.0
6081,97.57894737
6082,95.65
6083,73.5
6084,147.0
6085,84.4375
6086,390.0
6087,44.0
6088,81.69230769
6089,100.8
6090,86.0
6091,97.6
6092,110.3333333
6093,234.0
6094,233.0
6095,450.0
6096,121.8571429
6097,207.6097561
6098,137.7741935
6099,163.5
6100,110.0
6101,82.15789474
