,Price
0,30.61932203
1,18.53214286
2,31.24215385
3,22.1
4,47.84837037
5,18.1925
6,20.03375
7,39.97375
8,20.3776087
9,29.942625
10,15.46
11,26.4498867
12,20.7206
13,46.5274
14,57.92693548
15,46.06451282
16,26.3525
17,36.21929825
18,27.46483636
19,21.70216667
20,22.36209302
21,19.00794118
22,37.4265
23,
24,43.86363077
25,22.90364865
26,27.23911864
27,93.71425
28,37.31523077
29,78.07322727
30,32.06304348
31,19.93814035
32,
33,107.4521429
34,107.6705126
35,34.93603125
36,30.65053846
37,26.29166667
38,31.1045119
39,22.78208333
40,29.26025
41,290050.26025
42,2.26025
43,3.56025
44,24.09525
45,43.54851613
46,4.354851613
47,49.28583333
48,11.14333333
49,15.20916667
50,16.011
51,1.6011
52,82.06090909
53,16.59192308
54,
55,19.31857143
56,32.93965169
57,65.56875
58,19.37890909
59,39.39984314
60,37.46857143
61,42.66935185
62,13.48615385
63,19.08518182
64,53.78571429
65,
66,32.33086957
67,30.99513158
68,64.59222222
69,34.02059211
70,21.6
71,10.42388889
72,26.97346154
73,18.64264
74,12.35588235
75,
76,50.96109091
77,12.32981818
78,32.98557692
79,33.25025
80,22.95871429
81,32.1815
82,113.2693333
83,28.23090909
84,26.803
85,26.97522727
86,28.60820513
87,13.63642857
88,47.361875
89,72.79589474
90,35.28132353
91,39.35238095
92,27.4386
93,9.5628
94,26.51269565
95,21.847
96,61.86283333
97,47.52333333
98,77.41666667
99,43.97
100,38.72769231
101,15.14
102,28.60918919
103,78.74625
104,27.08277108
105,17.03876744
106,59.43242424
107,38.7525
108,33.798
109,66.58842105
110,36.52419118
111,16.20874359
112,85.82946154
113,34.9090566
114,35.81481651
115,76.5922
116,44.30857143
117,41.38957143
118,19.9680625
119,25.39952941
120,23.322
121,158.7922667
122,137.5695455
123,30.5976
124,52.95719388
125,31.5255
126,45.6995
127,44.14181818
128,22.84857143
129,52.085
130,23.35964286
131,17.82333333
132,21.02333333
133,39.70773684
134,36.01325
135,64.109625
136,17.182
137,17.065625
138,25.94322222
139,9.492272727
140,83.50125
141,9.8628
142,40.98307692
143,17.34364706
144,30.3775
145,22.77681818
146,33.70615385
147,145.6466667
148,27.13
149,32.4898913
150,14.293
151,13.88308333
152,43.06842105
153,38.9
154,18.76848837
155,22.12540909
156,31.30566667
157,49.82277778
158,59.0
159,19.45142857
160,20.6695
161,31.195
162,64.50769231
163,46.5274
164,20.36464286
165,51.646
166,30.351
167,94.098125
168,8.17
169,39.725
170,22.455
171,51.44133333
172,106.5488889
173,25.3433871
174,34.19
175,115.533
176,32.09
177,50.94
178,12.49833333
179,14.94
180,23.01661538
181,25.17006452
182,42.2862
183,135.1055
184,29.88478947
185,18.513
186,17.31777778
187,264.675
188,23.0525
189,39.7374
190,52.19640625
191,20.9225
192,13.1466
193,43.08
194,11.389
195,18.615
196,58.46907407
197,41.59161538
198,37.52210345
199,158.976
200,32.898125
201,114.8758333
202,11.395
203,14.22409091
204,37.44666667
205,9.465666667
206,33.12857143
207,14.333375
208,7.92
209,23.58666667
210,26.0
211,11.370625
212,37.01736842
213,23.16515789
214,22.69
215,18.76285714
216,42.74666667
217,42.5595
218,108.7471951
219,13.70454545
220,30.99
221,32.723
222,13.2053
223,26.19775
224,17.44569231
225,25.2075
226,116.545
227,33.495
228,12.6825
229,18.88233333
230,285.247
231,55.62
232,60.9552
233,13.11525
234,37.00904545
235,22.91875
236,30.236875
237,20.37
238,27.4066
239,36.38445588
240,22.047
241,60.87
242,43.26150943
243,13.24516667
244,24.674
245,45.59125
246,20.7195
247,14.04
248,45.76307692
249,42.50666667
250,33.40333333
251,84.60125
252,70.31925
253,62.39565385
254,24.612
255,20.75666667
256,32.73833333
257,18.657
258,46.85390244
259,24.84390244
260,38.93888889
261,55.4225
262,14.7754
263,55.25
264,36.64326667
265,30.352
266,20.20388889
267,37.350625
268,23.22409091
269,16.05676923
270,50.48413043
271,17.22277778
272,95.29916667
273,125.49625
274,53.62733333
275,26.59125
276,29.151
277,20.74
278,11.74
279,19.895
280,53.792
281,32.11766667
282,24.35
283,360.755
284,35.535
285,28.17
286,33.8615625
287,20.21333333
288,11.917
289,87.12
290,20.43008333
291,21.105625
292,35.37645833
293,55.2
294,31.1275
295,25.29875
296,57.22905851
297,36.70125
298,18.2955625
299,273.755
300,27.09825
301,19.71783333
302,44.62833333
303,134.789
304,28.803
305,10.83275
306,121.77
307,27.94142857
308,30.839
309,56.15916667
310,27.12333333
311,88.77777778
312,27.935
313,20.31264706
314,27.78966667
315,19.055
316,48.09553571
317,54.2675
318,46.95322222
319,32.65836364
320,29.57028571
321,41.616
322,105.465
323,13.44125
324,23.16515789
325,31.7425
326,11.7129
327,21.91166667
328,53.10142857
329,59.4905
330,17.31241935
331,35.72526667
332,43.9745
333,7.712
334,25.08266667
335,16.695
336,32.4898913
337,16.4455
338,17.587
339,20.27896296
340,78.47722222
341,28.87894737
342,36.90769355
343,59.7575
344,87.487
345,24.75629032
346,42.93428571
347,59.05425
348,30.0062
349,47.881
350,37.471875
351,15.16166667
352,27.9925
353,38.48247059
354,21.65952381
355,226.3833333
356,22.49
357,20.659
358,158.823
359,35.34
360,81.295
361,20.1241875
362,22.95383333
363,28.96891667
364,173.506625
365,23.8115
366,13.382
367,76.71
368,37.72247826
369,57.22905851
370,40.7645
371,88.46428571
372,38.025
373,57.97
374,30.081
375,37.04635294
376,37.773
377,107.6705126
378,146.2746154
379,11.745
380,33.43590909
381,37.31220238
382,18.84548718
383,17.325
384,85.05325
385,175.835
386,44.852
387,46.60136364
388,69.397
389,88.46428571
390,22.127
391,245.168
392,30.86290909
393,57.59
394,74.609
395,13.191
396,35.86943902
397,34.14
398,17.5296
399,646.605
400,34.33029412
401,35.27
402,177.5
403,42.55733333
404,37.904
405,14.350125
406,37.32636
407,39.721
408,61.235
409,24.84
410,30.61932203
411,18.53214286
412,31.24215385
413,22.1
414,47.84837037
415,18.1925
416,20.03375
417,39.97375
418,20.3776087
419,26.4498867
420,15.46
421,29.942625
422,20.7206
423,46.5274
424,46.06451282
425,57.92693548
426,27.46483636
427,22.36209302
428,21.70216667
429,26.3525
430,36.21929825
431,27.23911864
432,19.00794118
433,43.86363077
434,22.90364865
435,37.4265
436,37.31523077
437,93.71425
438,107.4521429
439,32.06304348
440,78.07322727
441,22.78208333
442,19.93814035
443,30.65053846
444,31.1045119
445,107.6705126
446,49.28583333
447,43.54851613
448,29.26025
449,18.64264
450,26.29166667
451,34.02059211
452,39.39984314
453,12.35588235
454,34.93603125
455,82.06090909
456,65.56875
457,11.14333333
458,12.32981818
459,19.37890909
460,53.78571429
461,37.46857143
462,16.59192308
463,15.20916667
464,32.93965169
465,42.66935185
466,19.31857143
467,16.011
468,19.08518182
469,30.99513158
470,64.59222222
471,50.96109091
472,13.48615385
473,32.33086957
474,21.6
475,28.60820513
476,10.42388889
477,26.97346154
478,26.51269565
479,33.25025
480,39.35238095
481,16.20874359
482,32.98557692
483,26.803
484,35.28132353
485,113.2693333
486,72.79589474
487,13.63642857
488,22.95871429
489,47.361875
490,27.4386
491,38.72769231
492,15.14
493,32.1815
494,61.86283333
495,77.41666667
496,17.03876744
497,26.97522727
498,66.58842105
499,9.5628
500,34.9090566
501,47.52333333
502,17.182
503,21.847
504,23.322
505,35.81481651
506,28.60918919
507,36.52419118
508,33.798
509,43.97
510,25.39952941
511,78.74625
512,85.82946154
513,30.5976
514,52.95719388
515,28.23090909
516,31.5255
517,38.7525
518,137.5695455
519,21.02333333
520,59.43242424
521,76.5922
522,45.6995
523,158.7922667
524,17.34364706
525,30.3775
526,39.70773684
527,52.085
528,19.9680625
529,44.14181818
530,41.38957143
531,22.77681818
532,27.08277108
533,17.82333333
534,14.293
535,44.30857143
536,9.8628
537,25.94322222
538,9.492272727
539,64.109625
540,36.01325
541,83.50125
542,59.0
543,13.88308333
544,8.17
545,27.13
546,32.4898913
547,43.06842105
548,49.82277778
549,18.76848837
550,19.45142857
551,22.455
552,22.12540909
553,25.3433871
554,31.195
555,31.30566667
556,34.19
557,33.70615385
558,51.646
559,23.35964286
560,32.09
561,46.5274
562,50.94
563,20.36464286
564,20.6695
565,94.098125
566,29.88478947
567,115.533
568,32.898125
569,40.98307692
570,12.49833333
571,23.01661538
572,11.370625
573,18.513
574,135.1055
575,43.08
576,23.0525
577,25.17006452
578,11.389
579,39.7374
580,42.2862
581,39.725
582,14.94
583,106.5488889
584,52.19640625
585,264.675
586,22.69
587,37.52210345
588,64.50769231
589,17.31777778
590,17.44569231
591,37.01736842
592,7.92
593,41.59161538
594,42.74666667
595,14.22409091
596,51.44133333
597,23.16515789
598,38.9
599,30.99
600,14.333375
601,26.0
602,33.12857143
603,20.9225
604,13.70454545
605,18.76285714
606,58.46907407
607,30.351
608,18.615
609,158.976
610,9.465666667
611,108.7471951
612,32.723
613,25.2075
614,37.44666667
615,17.065625
616,13.11525
617,114.8758333
618,13.1466
619,13.24516667
620,42.5595
621,26.19775
622,37.00904545
623,36.38445588
624,13.2053
625,20.7195
626,30.236875
627,11.395
628,24.84390244
629,18.88233333
630,116.545
631,17.22277778
632,171.1333333
633,16.05676923
634,22.84857143
635,20.37
636,23.58666667
637,60.9552
638,285.247
639,45.59125
640,45.76307692
641,62.39565385
642,60.87
643,24.674
644,33.495
645,43.26150943
646,36.64326667
647,55.62
648,70.31925
649,14.7754
650,23.22409091
651,30.352
652,18.657
653,55.4225
654,55.25
655,145.6466667
656,29.151
657,20.20388889
658,32.11766667
659,-11.74
660,84.60125
661,20.43008333
662,37.350625
663,24.612
664,27.4066
665,20.74
666,26.59125
667,95.29916667
668,53.62733333
669,42.50666667
670,-22.047
671,53.792
672,10.83275
673,19.895
674,33.40333333
675,25.29875
676,38.93888889
677,18.2955625
678,19.71783333
679,24.35
680,27.09825
681,36.70125
682,125.49625
683,360.755
684,32.73833333
685,55.2
686,20.21333333
687,27.78966667
688,7.712
689,28.803
690,41.616
691,23.16515789
692,44.62833333
693,29.57028571
694,273.755
695,48.09553571
696,19.055
697,16.4455
698,20.27896296
699,21.105625
700,27.935
701,56.15916667
702,25.08266667
703,30.839
704,57.22905851
705,134.789
706,20.31264706
707,17.31241935
708,35.37645833
709,33.8615625
710,12.6825
711,17.587
712,50.48413043
713,31.7425
714,88.77777778
715,28.17
716,54.2675
717,20.1241875
718,15.16166667
719,46.85390244
720,121.77
721,43.9745
722,27.12333333
723,59.4905
724,11.7129
725,36.90769355
726,22.95383333
727,21.91166667
728,30.0062
729,53.10142857
730,105.465
731,13.44125
732,35.72526667
733,87.12
734,38.48247059
735,87.487
736,76.71
737,35.34
738,59.05425
739,42.93428571
740,37.471875
741,81.295
742,47.881
743,78.47722222
744,40.7645
745,57.22905851
746,30.081
747,18.84548718
748,16.695
749,158.823
750,22.49
751,28.96891667
752,107.6705126
753,13.382
754,38.025
755,23.8115
756,11.745
757,35.535
758,21.65952381
759,226.3833333
760,30.86290909
761,22.127
762,24.75629032
763,37.773
764,32.4898913
765,13.191
766,46.60136364
767,146.2746154
768,31.1275
769,37.04635294
770,69.397
771,35.86943902
772,14.350125
773,88.46428571
774,37.31220238
775,173.506625
776,24.84
777,175.835
778,85.05325
779,17.325
780,9.358333333
781,37.32636
782,17.5296
783,16.29053333
784,22.91875
785,11.917
786,16.67175
787,23.245
788,245.168
789,14.4382
790,74.609
791,646.605
792,35.27
793,57.59
794,34.33029412
795,35.29583333
796,28.9602
797,177.5
798,61.235
799,45.78386047
800,27.9925
801,15.40377778
802,18.16715385
803,32.65836364
804,30.61932203
805,18.53214286
806,31.24215385
807,22.1
808,47.84837037
809,20.03375
810,18.1925
811,39.97375
812,20.3776087
813,26.4498867
814,15.46
815,29.942625
816,20.7206
817,22.36209302
818,27.46483636
819,46.06451282
820,46.5274
821,57.92693548
822,26.3525
823,21.70216667
824,36.21929825
825,27.23911864
826,19.00794118
827,43.86363077
828,37.31523077
829,93.71425
830,22.78208333
831,22.90364865
832,107.4521429
833,32.06304348
834,78.07322727
835,37.4265
836,18.64264
837,19.93814035
838,30.65053846
839,12.35588235
840,49.28583333
841,31.1045119
842,34.02059211
843,43.54851613
844,12.32981818
845,39.39984314
846,107.6705126
847,29.26025
848,65.56875
849,16.20874359
850,28.60820513
851,53.78571429
852,37.46857143
853,82.06090909
854,19.37890909
855,42.66935185
856,32.93965169
857,26.51269565
858,11.14333333
859,16.59192308
860,50.96109091
861,30.99513158
862,19.08518182
863,64.59222222
864,15.20916667
865,26.29166667
866,19.31857143
867,39.35238095
868,34.93603125
869,10.42388889
870,26.803
871,13.48615385
872,21.6
873,33.25025
874,35.28132353
875,32.33086957
876,17.182
877,16.011
878,72.79589474
879,13.63642857
880,26.97346154
881,32.98557692
882,113.2693333
883,47.361875
884,38.72769231
885,15.14
886,27.4386
887,22.95871429
888,23.322
889,17.03876744
890,77.41666667
891,66.58842105
892,61.86283333
893,34.9090566
894,35.81481651
895,9.5628
896,25.39952941
897,30.5976
898,32.1815
899,17.34364706
900,31.5255
901,52.95719388
902,21.02333333
903,137.5695455
904,30.3775
905,47.52333333
906,26.97522727
907,36.52419118
908,14.293
909,45.6995
910,33.798
911,85.82946154
912,22.77681818
913,39.70773684
914,158.7922667
915,43.97
916,28.60918919
917,52.085
918,21.847
919,9.8628
920,78.74625
921,17.82333333
922,76.5922
923,44.14181818
924,59.0
925,25.94322222
926,9.492272727
927,19.9680625
928,8.17
929,41.38957143
930,38.7525
931,83.50125
932,64.109625
933,36.01325
934,59.43242424
935,13.88308333
936,43.06842105
937,22.455
938,11.370625
939,49.82277778
940,25.3433871
941,19.45142857
942,34.19
943,27.13
944,32.898125
945,18.76848837
946,44.30857143
947,32.4898913
948,51.646
949,31.195
950,32.09
951,17.44569231
952,50.94
953,28.23090909
954,115.533
955,22.12540909
956,29.88478947
957,43.08
958,31.30566667
959,22.69
960,46.5274
961,11.389
962,23.01661538
963,20.36464286
964,18.513
965,135.1055
966,12.49833333
967,39.7374
968,94.098125
969,23.0525
970,37.52210345
971,37.01736842
972,20.6695
973,25.17006452
974,52.19640625
975,264.675
976,33.70615385
977,13.24516667
978,42.2862
979,7.92
980,13.11525
981,42.74666667
982,30.99
983,14.94
984,17.22277778
985,27.08277108
986,23.16515789
987,41.59161538
988,24.84390244
989,37.00904545
990,36.38445588
991,14.22409091
992,14.333375
993,106.5488889
994,13.70454545
995,26.0
996,20.7195
997,25.2075
998,39.725
999,16.05676923
1000,32.723
1001,33.12857143
1002,30.236875
1003,17.31777778
1004,18.76285714
1005,108.7471951
1006,26.19775
1007,58.46907407
1008,13.2053
1009,64.50769231
1010,23.35964286
1011,42.5595
1012,158.976
1013,20.9225
1014,114.8758333
1015,37.44666667
1016,18.615
1017,51.44133333
1018,9.465666667
1019,18.88233333
1020,40.98307692
1021,20.37
1022,116.545
1023,20.43008333
1024,36.64326667
1025,62.39565385
1026,171.1333333
1027,45.59125
1028,45.76307692
1029,24.674
1030,29.151
1031,10.83275
1032,60.9552
1033,13.1466
1034,38.9
1035,14.7754
1036,32.11766667
1037,30.352
1038,285.247
1039,23.22409091
1040,60.87
1041,30.351
1042,70.31925
1043,18.657
1044,55.25
1045,43.26150943
1046,11.74
1047,55.4225
1048,27.09825
1049,20.20388889
1050,19.71783333
1051,11.395
1052,18.2955625
1053,55.62
1054,37.350625
1055,25.29875
1056,145.6466667
1057,36.70125
1058,84.60125
1059,20.74
1060,33.495
1061,53.792
1062,26.59125
1063,7.712
1064,19.895
1065,53.62733333
1066,23.58666667
1067,24.35
1068,20.27896296
1069,95.29916667
1070,41.616
1071,16.4455
1072,27.78966667
1073,23.16515789
1074,20.1241875
1075,24.612
1076,29.57028571
1077,55.2
1078,25.08266667
1079,17.587
1080,17.31241935
1081,48.09553571
1082,360.755
1083,19.055
1084,28.803
1085,15.16166667
1086,22.95383333
1087,44.62833333
1088,31.7425
1089,125.49625
1090,27.935
1091,273.755
1092,56.15916667
1093,36.90769355
1094,20.21333333
1095,42.50666667
1096,20.31264706
1097,30.839
1098,43.9745
1099,38.93888889
1100,33.40333333
1101,30.0062
1102,59.4905
1103,134.789
1104,54.2675
1105,57.22905851
1106,11.7129
1107,121.77
1108,35.37645833
1109,27.4066
1110,88.77777778
1111,38.48247059
1112,76.71
1113,21.105625
1114,21.91166667
1115,22.047
1116,18.84548718
1117,40.7645
1118,30.86290909
1119,35.34
1120,53.10142857
1121,81.295
1122,30.081
1123,87.487
1124,22.127
1125,35.72526667
1126,107.6705126
1127,57.22905851
1128,105.465
1129,27.12333333
1130,11.745
1131,37.471875
1132,47.881
1133,59.05425
1134,13.44125
1135,28.17
1136,42.93428571
1137,28.96891667
1138,158.823
1139,38.025
1140,13.191
1141,13.382
1142,33.8615625
1143,23.8115
1144,32.73833333
1145,14.350125
1146,16.29053333
1147,9.358333333
1148,78.47722222
1149,46.60136364
1150,24.84
1151,23.245
1152,35.86943902
1153,226.3833333
1154,16.67175
1155,69.397
1156,21.65952381
1157,16.695
1158,37.773
1159,22.49
1160,14.4382
1161,37.32636
1162,28.9602
1163,146.2746154
1164,17.5296
1165,50.48413043
1166,88.46428571
1167,18.16715385
1168,175.835
1169,15.40377778
1170,12.47666667
1171,14.76166667
1172,37.04635294
1173,45.78386047
1174,87.12
1175,35.29583333
1176,646.605
1177,35.27
1178,20.49710714
1179,24.75629032
1180,74.609
1181,37.31220238
1182,43.89111111
1183,34.10357143
1184,34.33029412
1185,177.5
1186,245.168
1187,15.764
1188,85.05325
1189,61.235
1190,57.59
1191,260.287
1192,111.993
1193,17.325
1194,11.28285714
1195,7.863333333
1196,30.61932203
1197,18.53214286
1198,31.24215385
1199,22.1
1200,39.97375
1201,47.84837037
1202,20.03375
1203,18.1925
1204,20.3776087
1205,26.4498867
1206,15.46
1207,29.942625
1208,20.7206
1209,22.36209302
1210,27.46483636
1211,46.06451282
1212,46.5274
1213,57.92693548
1214,27.23911864
1215,26.3525
1216,36.21929825
1217,21.70216667
1218,22.78208333
1219,43.86363077
1220,37.31523077
1221,18.64264
1222,19.00794118
1223,93.71425
1224,107.4521429
1225,12.35588235
1226,16.20874359
1227,34.02059211
1228,22.90364865
1229,78.07322727
1230,12.32981818
1231,32.06304348
1232,19.93814035
1233,49.28583333
1234,31.1045119
1235,28.60820513
1236,43.54851613
1237,39.39984314
1238,30.65053846
1239,37.4265
1240,26.51269565
1241,53.78571429
1242,65.56875
1243,107.6705126
1244,37.46857143
1245,17.182
1246,82.06090909
1247,19.37890909
1248,29.26025
1249,50.96109091
1250,42.66935185
1251,32.93965169
1252,39.35238095
1253,19.08518182
1254,26.803
1255,64.59222222
1256,16.59192308
1257,30.99513158
1258,11.14333333
1259,35.28132353
1260,33.25025
1261,15.20916667
1262,10.42388889
1263,72.79589474
1264,13.63642857
1265,19.31857143
1266,13.48615385
1267,21.6
1268,47.361875
1269,34.93603125
1270,23.322
1271,113.2693333
1272,38.72769231
1273,26.29166667
1274,32.98557692
1275,15.14
1276,35.81481651
1277,66.58842105
1278,26.97346154
1279,27.4386
1280,32.33086957
1281,17.03876744
1282,17.34364706
1283,34.9090566
1284,77.41666667
1285,16.011
1286,30.5976
1287,22.95871429
1288,61.86283333
1289,25.39952941
1290,31.5255
1291,14.293
1292,52.95719388
1293,21.02333333
1294,30.3775
1295,137.5695455
1296,9.5628
1297,45.6995
1298,22.77681818
1299,39.70773684
1300,158.7922667
1301,59.0
1302,52.085
1303,85.82946154
1304,9.8628
1305,8.17
1306,33.798
1307,36.52419118
1308,26.97522727
1309,47.52333333
1310,11.370625
1311,25.94322222
1312,17.44569231
1313,43.97
1314,17.82333333
1315,83.50125
1316,9.492272727
1317,44.14181818
1318,32.898125
1319,76.5922
1320,13.88308333
1321,22.455
1322,34.19
1323,28.60918919
1324,19.9680625
1325,36.01325
1326,64.109625
1327,32.1815
1328,25.3433871
1329,41.38957143
1330,43.06842105
1331,49.82277778
1332,19.45142857
1333,22.69
1334,78.74625
1335,21.847
1336,32.09
1337,17.22277778
1338,43.08
1339,27.13
1340,115.533
1341,18.76848837
1342,24.84390244
1343,50.94
1344,51.646
1345,13.11525
1346,13.24516667
1347,11.389
1348,29.88478947
1349,38.7525
1350,31.195
1351,37.01736842
1352,16.05676923
1353,37.00904545
1354,36.38445588
1355,37.52210345
1356,39.7374
1357,18.513
1358,32.4898913
1359,135.1055
1360,59.43242424
1361,31.30566667
1362,20.7195
1363,23.0525
1364,23.01661538
1365,7.92
1366,46.5274
1367,30.99
1368,20.36464286
1369,42.74666667
1370,22.12540909
1371,52.19640625
1372,94.098125
1373,30.236875
1374,264.675
1375,25.17006452
1376,23.16515789
1377,44.30857143
1378,41.59161538
1379,13.70454545
1380,25.2075
1381,12.49833333
1382,14.333375
1383,20.6695
1384,14.22409091
1385,26.0
1386,20.43008333
1387,32.723
1388,42.2862
1389,26.19775
1390,33.12857143
1391,10.83275
1392,33.70615385
1393,14.94
1394,106.5488889
1395,108.7471951
1396,39.725
1397,36.64326667
1398,18.76285714
1399,13.2053
1400,20.37
1401,62.39565385
1402,18.88233333
1403,58.46907407
1404,17.31777778
1405,114.8758333
1406,158.976
1407,29.151
1408,42.5595
1409,27.09825
1410,32.11766667
1411,37.44666667
1412,116.545
1413,45.59125
1414,45.76307692
1415,20.9225
1416,171.1333333
1417,30.352
1418,14.7754
1419,23.22409091
1420,24.674
1421,7.712
1422,19.71783333
1423,18.2955625
1424,20.27896296
1425,9.465666667
1426,11.74
1427,60.9552
1428,285.247
1429,20.1241875
1430,55.25
1431,16.4455
1432,41.616
1433,18.615
1434,70.31925
1435,36.70125
1436,18.657
1437,60.87
1438,25.29875
1439,55.4225
1440,64.50769231
1441,53.792
1442,27.78966667
1443,23.16515789
1444,13.1466
1445,20.74
1446,20.20388889
1447,25.08266667
1448,37.350625
1449,17.587
1450,29.57028571
1451,26.59125
1452,84.60125
1453,19.895
1454,22.95383333
1455,145.6466667
1456,43.26150943
1457,17.31241935
1458,24.35
1459,51.44133333
1460,15.16166667
1461,40.98307692
1462,48.09553571
1463,95.29916667
1464,55.62
1465,53.62733333
1466,19.055
1467,55.2
1468,31.7425
1469,36.90769355
1470,28.803
1471,30.0062
1472,33.495
1473,23.35964286
1474,30.86290909
1475,28.23090909
1476,360.755
1477,43.9745
1478,44.62833333
1479,27.935
1480,24.612
1481,56.15916667
1482,273.755
1483,30.351
1484,20.31264706
1485,18.84548718
1486,59.4905
1487,30.839
1488,76.71
1489,40.7645
1490,22.127
1491,134.789
1492,38.48247059
1493,11.7129
1494,54.2675
1495,35.34
1496,16.29053333
1497,11.395
1498,38.9
1499,125.49625
1500,81.295
1501,121.77
1502,30.081
1503,9.358333333
1504,107.6705126
1505,23.245
1506,21.91166667
1507,14.350125
1508,13.191
1509,57.22905851
1510,24.84
1511,57.22905851
1512,11.745
1513,20.21333333
1514,16.67175
1515,88.77777778
1516,87.487
1517,35.37645833
1518,14.4382
1519,53.10142857
1520,23.58666667
1521,46.60136364
1522,35.86943902
1523,158.823
1524,28.96891667
1525,38.025
1526,37.32636
1527,12.47666667
1528,47.881
1529,13.382
1530,37.471875
1531,28.9602
1532,23.8115
1533,69.397
1534,42.93428571
1535,18.16715385
1536,59.05425
1537,15.40377778
1538,14.76166667
1539,20.49710714
1540,21.105625
1541,13.44125
1542,105.465
1543,78.47722222
1544,35.72526667
1545,42.50666667
1546,17.5296
1547,34.10357143
1548,37.773
1549,11.28285714
1550,226.3833333
1551,7.863333333
1552,43.89111111
1553,88.46428571
1554,45.78386047
1555,21.65952381
1556,38.93888889
1557,28.17
1558,146.2746154
1559,175.835
1560,18.19842857
1561,35.29583333
1562,15.764
1563,646.605
1564,33.40333333
1565,30.92666667
1566,35.27
1567,16.695
1568,74.609
1569,34.33029412
1570,17.42714286
1571,177.5
1572,111.993
1573,260.287
1574,37.04635294
1575,31.79107143
1576,57.59
1577,12.924
1578,27.12333333
1579,33.8615625
1580,110.0985
1581,38.79428571
1582,37.31220238
1583,18.53214286
1584,30.61932203
1585,31.24215385
1586,22.1
1587,39.97375
1588,47.84837037
1589,20.03375
1590,18.1925
1591,20.3776087
1592,26.4498867
1593,15.46
1594,29.942625
1595,20.7206
1596,22.36209302
1597,27.46483636
1598,46.5274
1599,46.06451282
1600,57.92693548
1601,27.23911864
1602,16.20874359
1603,18.64264
1604,31.38814286
1605,22.78208333
1606,12.35588235
1607,26.3525
1608,37.31523077
1609,43.86363077
1610,34.02059211
1611,36.21929825
1612,93.71425
1613,107.4521429
1614,12.32981818
1615,19.00794118
1616,28.60820513
1617,21.70216667
1618,78.07322727
1619,17.182
1620,22.90364865
1621,39.39984314
1622,32.06304348
1623,26.51269565
1624,31.1045119
1625,43.54851613
1626,49.28583333
1627,19.93814035
1628,30.65053846
1629,53.78571429
1630,37.4265
1631,65.56875
1632,37.46857143
1633,107.6705126
1634,39.35238095
1635,82.06090909
1636,24.09525
1637,50.96109091
1638,19.37890909
1639,26.803
1640,32.93965169
1641,42.66935185
1642,19.08518182
1643,35.28132353
1644,29.26025
1645,64.59222222
1646,33.25025
1647,72.79589474
1648,13.63642857
1649,30.99513158
1650,23.322
1651,11.14333333
1652,16.59192308
1653,17.34364706
1654,35.81481651
1655,10.42388889
1656,47.361875
1657,15.20916667
1658,66.58842105
1659,15.14
1660,14.293
1661,113.2693333
1662,38.72769231
1663,34.9090566
1664,30.5976
1665,31.5255
1666,27.4386
1667,32.98557692
1668,25.39952941
1669,77.41666667
1670,17.03876744
1671,30.3775
1672,21.02333333
1673,13.48615385
1674,52.95719388
1675,61.86283333
1676,21.6
1677,137.5695455
1678,19.31857143
1679,26.97346154
1680,22.95871429
1681,22.77681818
1682,45.6995
1683,17.44569231
1684,34.93603125
1685,59.0
1686,11.370625
1687,39.70773684
1688,9.5628
1689,8.17
1690,26.29166667
1691,52.085
1692,9.8628
1693,158.7922667
1694,32.898125
1695,32.33086957
1696,17.22277778
1697,24.84390244
1698,16.011
1699,25.94322222
1700,34.19
1701,13.11525
1702,22.455
1703,83.50125
1704,16.05676923
1705,22.69
1706,85.82946154
1707,13.88308333
1708,13.24516667
1709,36.52419118
1710,25.3433871
1711,17.82333333
1712,76.5922
1713,43.97
1714,43.06842105
1715,44.14181818
1716,43.08
1717,33.798
1718,9.492272727
1719,49.82277778
1720,19.45142857
1721,32.09
1722,37.00904545
1723,145.6466667
1724,36.38445588
1725,64.109625
1726,36.01325
1727,11.389
1728,115.533
1729,47.52333333
1730,20.7195
1731,50.94
1732,37.01736842
1733,20.43008333
1734,29.88478947
1735,51.646
1736,18.76848837
1737,30.236875
1738,7.92
1739,37.52210345
1740,27.13
1741,39.7374
1742,19.9680625
1743,41.38957143
1744,31.195
1745,26.97522727
1746,135.1055
1747,10.83275
1748,30.99
1749,18.513
1750,23.0525
1751,42.74666667
1752,264.675
1753,23.01661538
1754,23.16515789
1755,28.60918919
1756,52.19640625
1757,20.36464286
1758,13.70454545
1759,46.5274
1760,25.2075
1761,31.30566667
1762,36.64326667
1763,32.1815
1764,14.333375
1765,94.098125
1766,26.0
1767,25.17006452
1768,41.59161538
1769,32.723
1770,14.22409091
1771,22.12540909
1772,26.19775
1773,27.09825
1774,32.4898913
1775,62.39565385
1776,78.74625
1777,21.847
1778,20.37
1779,20.27896296
1780,33.12857143
1781,20.6695
1782,7.712
1783,42.2862
1784,13.2053
1785,29.151
1786,108.7471951
1787,18.2955625
1788,12.49833333
1789,18.88233333
1790,18.76285714
1791,32.11766667
1792,20.1241875
1793,39.725
1794,114.8758333
1795,19.71783333
1796,38.7525
1797,59.43242424
1798,41.616
1799,16.4455
1800,106.5488889
1801,158.976
1802,58.46907407
1803,44.30857143
1804,45.59125
1805,45.76307692
1806,30.352
1807,14.7754
1808,23.22409091
1809,116.545
1810,24.674
1811,23.16515789
1812,36.70125
1813,27.78966667
1814,11.74
1815,55.25
1816,25.29875
1817,53.792
1818,25.08266667
1819,22.95383333
1820,33.70615385
1821,17.587
1822,37.44666667
1823,285.247
1824,42.5595
1825,20.9225
1826,55.4225
1827,14.94
1828,18.657
1829,60.9552
1830,17.31241935
1831,29.57028571
1832,60.87
1833,17.31777778
1834,20.74
1835,70.31925
1836,15.16166667
1837,30.86290909
1838,19.895
1839,24.35
1840,26.59125
1841,37.350625
1842,48.09553571
1843,16.29053333
1844,84.60125
1845,30.0062
1846,20.20388889
1847,31.7425
1848,18.84548718
1849,36.90769355
1850,19.055
1851,13.1466
1852,55.2
1853,22.127
1854,43.9745
1855,95.29916667
1856,9.358333333
1857,28.803
1858,18.615
1859,23.245
1860,14.350125
1861,59.4905
1862,53.62733333
1863,40.7645
1864,44.62833333
1865,43.26150943
1866,27.935
1867,76.71
1868,56.15916667
1869,24.84
1870,11.7129
1871,81.295
1872,64.50769231
1873,12.47666667
1874,38.48247059
1875,9.465666667
1876,360.755
1877,35.34
1878,16.67175
1879,20.31264706
1880,273.755
1881,14.4382
1882,134.789
1883,13.191
1884,30.081
1885,30.839
1886,107.6705126
1887,54.2675
1888,55.62
1889,121.77
1890,37.32636
1891,11.745
1892,15.40377778
1893,35.86943902
1894,57.22905851
1895,20.49710714
1896,28.9602
1897,18.16715385
1898,21.91166667
1899,46.60136364
1900,14.76166667
1901,11.28285714
1902,7.863333333
1903,158.823
1904,87.487
1905,57.22905851
1906,125.49625
1907,69.397
1908,38.025
1909,88.77777778
1910,28.96891667
1911,13.382
1912,23.8115
1913,34.10357143
1914,33.495
1915,47.881
1916,18.19842857
1917,53.10142857
1918,35.37645833
1919,17.5296
1920,37.471875
1921,43.89111111
1922,24.612
1923,30.92666667
1924,59.05425
1925,17.42714286
1926,45.78386047
1927,42.93428571
1928,23.585
1929,31.79107143
1930,15.764
1931,78.47722222
1932,88.46428571
1933,16.80266667
1934,646.605
1935,35.29583333
1936,36.35965
1937,175.835
1938,38.79428571
1939,146.2746154
1940,74.609
1941,226.3833333
1942,111.993
1943,35.27
1944,260.287
1945,34.33029412
1946,12.924
1947,20.21333333
1948,110.0985
1949,105.465
1950,35.72526667
1951,28.735
1952,23.16515789
1953,13.44125
1954,107.7
1955,51.6415625
1956,20.35378947
1957,18.53214286
1958,30.61932203
1959,31.24215385
1960,22.1
1961,39.97375
1962,20.03375
1963,47.84837037
1964,20.3776087
1965,26.4498867
1966,18.1925
1967,15.46
1968,29.942625
1969,16.20874359
1970,22.36209302
1971,20.7206
1972,27.46483636
1973,46.06451282
1974,46.5274
1975,18.64264
1976,57.92693548
1977,27.23911864
1978,12.35588235
1979,22.78208333
1980,34.02059211
1981,12.32981818
1982,31.38814286
1983,17.182
1984,43.86363077
1985,28.60820513
1986,37.31523077
1987,93.71425
1988,107.4521429
1989,26.3525
1990,36.21929825
1991,19.00794118
1992,26.51269565
1993,78.07322727
1994,39.39984314
1995,22.90364865
1996,43.54851613
1997,31.1045119
1998,19.93814035
1999,32.06304348
2000,21.70216667
2001,49.28583333
2002,53.78571429
2003,30.65053846
2004,37.46857143
2005,39.35238095
2006,65.56875
2007,107.6705126
2008,26.803
2009,50.96109091
2010,82.06090909
2011,24.09525
2012,37.4265
2013,35.28132353
2014,32.93965169
2015,19.37890909
2016,17.34364706
2017,19.08518182
2018,42.66935185
2019,33.25025
2020,23.322
2021,64.59222222
2022,72.79589474
2023,13.63642857
2024,14.293
2025,35.81481651
2026,29.26025
2027,66.58842105
2028,17.44569231
2029,31.5255
2030,15.14
2031,47.361875
2032,30.5976
2033,30.99513158
2034,30.3775
2035,25.39952941
2036,21.02333333
2037,113.2693333
2038,34.9090566
2039,137.5695455
2040,11.370625
2041,27.4386
2042,52.95719388
2043,77.41666667
2044,11.14333333
2045,38.72769231
2046,61.86283333
2047,17.03876744
2048,10.42388889
2049,59.0
2050,24.84390244
2051,32.98557692
2052,16.59192308
2053,15.20916667
2054,22.77681818
2055,13.11525
2056,17.22277778
2057,45.6995
2058,16.05676923
2059,8.17
2060,32.898125
2061,39.70773684
2062,9.8628
2063,13.48615385
2064,52.085
2065,22.95871429
2066,158.7922667
2067,34.19
2068,13.24516667
2069,20.43008333
2070,22.69
2071,9.5628
2072,21.6
2073,37.00904545
2074,25.94322222
2075,10.83275
2076,36.38445588
2077,13.88308333
2078,22.455
2079,26.97346154
2080,83.50125
2081,20.7195
2082,19.31857143
2083,43.08
2084,11.389
2085,25.3433871
2086,19.45142857
2087,32.09
2088,43.06842105
2089,85.82946154
2090,30.236875
2091,49.82277778
2092,115.533
2093,44.14181818
2094,76.5922
2095,17.82333333
2096,37.01736842
2097,34.93603125
2098,145.6466667
2099,7.92
2100,43.97
2101,50.94
2102,29.88478947
2103,36.01325
2104,37.52210345
2105,39.7374
2106,64.109625
2107,51.646
2108,36.64326667
2109,36.52419118
2110,30.99
2111,20.27896296
2112,135.1055
2113,18.76848837
2114,33.798
2115,27.09825
2116,23.0525
2117,42.74666667
2118,9.492272727
2119,7.712
2120,18.513
2121,31.195
2122,13.70454545
2123,18.2955625
2124,23.16515789
2125,27.13
2126,264.675
2127,47.52333333
2128,25.2075
2129,26.0
2130,23.01661538
2131,32.723
2132,52.19640625
2133,62.39565385
2134,20.36464286
2135,41.38957143
2136,20.1241875
2137,14.333375
2138,20.37
2139,46.5274
2140,25.17006452
2141,41.59161538
2142,26.29166667
2143,29.151
2144,41.616
2145,16.4455
2146,31.30566667
2147,26.19775
2148,94.098125
2149,19.9680625
2150,14.22409091
2151,13.2053
2152,19.71783333
2153,32.11766667
2154,18.88233333
2155,32.33086957
2156,22.12540909
2157,33.12857143
2158,23.16515789
2159,26.97522727
2160,108.7471951
2161,27.78966667
2162,114.8758333
2163,22.95383333
2164,42.2862
2165,20.6695
2166,14.7754
2167,25.08266667
2168,16.29053333
2169,36.70125
2170,17.587
2171,158.976
2172,30.352
2173,23.22409091
2174,30.86290909
2175,39.725
2176,18.76285714
2177,45.59125
2178,45.76307692
2179,17.31241935
2180,12.49833333
2181,53.792
2182,11.74
2183,24.674
2184,116.545
2185,25.29875
2186,58.46907407
2187,32.1815
2188,29.57028571
2189,18.84548718
2190,55.25
2191,106.5488889
2192,15.16166667
2193,285.247
2194,55.4225
2195,20.74
2196,32.4898913
2197,18.657
2198,14.350125
2199,9.358333333
2200,30.0062
2201,60.87
2202,12.47666667
2203,24.35
2204,16.011
2205,22.127
2206,23.245
2207,36.90769355
2208,48.09553571
2209,31.7425
2210,19.895
2211,60.9552
2212,78.74625
2213,37.44666667
2214,70.31925
2215,20.9225
2216,16.67175
2217,14.4382
2218,24.84
2219,19.055
2220,59.43242424
2221,26.59125
2222,37.350625
2223,28.60918919
2224,15.40377778
2225,40.7645
2226,43.9745
2227,14.94
2228,55.2
2229,59.4905
2230,76.71
2231,84.60125
2232,20.49710714
2233,81.295
2234,13.191
2235,20.20388889
2236,11.28285714
2237,107.6705126
2238,37.32636
2239,35.34
2240,38.48247059
2241,11.7129
2242,27.935
2243,44.62833333
2244,95.29916667
2245,7.863333333
2246,18.16715385
2247,56.15916667
2248,28.803
2249,44.30857143
2250,30.081
2251,28.9602
2252,35.86943902
2253,20.31264706
2254,134.789
2255,11.745
2256,33.70615385
2257,53.62733333
2258,14.76166667
2259,273.755
2260,57.22905851
2261,360.755
2262,121.77
2263,46.60136364
2264,42.5595
2265,30.839
2266,23.585
2267,18.19842857
2268,54.2675
2269,38.7525
2270,43.26150943
2271,34.10357143
2272,16.80266667
2273,69.397
2274,158.823
2275,38.025
2276,28.96891667
2277,13.382
2278,17.42714286
2279,21.91166667
2280,30.92666667
2281,17.5296
2282,31.79107143
2283,43.89111111
2284,87.487
2285,88.77777778
2286,23.8115
2287,13.1466
2288,57.22905851
2289,15.764
2290,45.78386047
2291,36.35965
2292,20.35378947
2293,55.62
2294,38.79428571
2295,35.29583333
2296,646.605
2297,12.924
2298,35.37645833
2299,23.16515789
2300,111.993
2301,59.05425
2302,88.46428571
2303,53.10142857
2304,21.407
2305,28.735
2306,74.609
2307,35.27
2308,47.881
2309,110.0985
2310,260.287
2311,34.33029412
2312,8.4656
2313,107.7
2314,78.47722222
2315,51.6415625
2316,175.835
2317,93.42433333
2318,12.25
2319,200.19825
2320,146.2746154
2321,18.53214286
2322,30.61932203
2323,31.24215385
2324,22.1
2325,39.97375
2326,20.03375
2327,47.84837037
2328,20.3776087
2329,26.4498867
2330,18.1925
2331,15.46
2332,16.20874359
2333,29.942625
2334,18.64264
2335,22.36209302
2336,20.7206
2337,12.35588235
2338,27.46483636
2339,46.06451282
2340,27.23911864
2341,46.5274
2342,17.182
2343,57.92693548
2344,34.02059211
2345,22.78208333
2346,12.32981818
2347,28.60820513
2348,107.4521429
2349,93.71425
2350,43.86363077
2351,37.31523077
2352,26.51269565
2353,31.38814286
2354,39.39984314
2355,78.07322727
2356,19.00794118
2357,26.3525
2358,36.21929825
2359,43.54851613
2360,22.90364865
2361,31.1045119
2362,19.93814035
2363,53.78571429
2364,39.35238095
2365,49.28583333
2366,30.65053846
2367,37.46857143
2368,26.803
2369,32.06304348
2370,107.6705126
2371,65.56875
2372,50.96109091
2373,17.34364706
2374,82.06090909
2375,35.28132353
2376,24.09525
2377,14.293
2378,17.44569231
2379,23.322
2380,33.25025
2381,32.93965169
2382,35.81481651
2383,21.70216667
2384,19.37890909
2385,72.79589474
2386,19.08518182
2387,64.59222222
2388,42.66935185
2389,24.84390244
2390,31.5255
2391,13.11525
2392,11.370625
2393,13.63642857
2394,66.58842105
2395,16.05676923
2396,30.5976
2397,30.3775
2398,137.5695455
2399,37.4265
2400,21.02333333
2401,25.39952941
2402,17.22277778
2403,15.14
2404,34.9090566
2405,59.0
2406,20.43008333
2407,47.361875
2408,52.95719388
2409,27.4386
2410,113.2693333
2411,77.41666667
2412,8.17
2413,22.77681818
2414,61.86283333
2415,10.83275
2416,30.99513158
2417,45.6995
2418,32.898125
2419,29.26025
2420,17.03876744
2421,13.24516667
2422,9.8628
2423,10.42388889
2424,34.19
2425,16.59192308
2426,22.69
2427,37.00904545
2428,38.72769231
2429,39.70773684
2430,20.7195
2431,32.98557692
2432,36.38445588
2433,52.085
2434,158.7922667
2435,9.5628
2436,11.14333333
2437,22.95871429
2438,30.236875
2439,43.08
2440,22.455
2441,25.94322222
2442,13.88308333
2443,20.27896296
2444,11.389
2445,15.20916667
2446,83.50125
2447,18.2955625
2448,36.64326667
2449,25.3433871
2450,32.09
2451,27.09825
2452,115.533
2453,37.01736842
2454,19.45142857
2455,7.92
2456,43.06842105
2457,49.82277778
2458,7.712
2459,44.14181818
2460,145.6466667
2461,85.82946154
2462,37.52210345
2463,39.7374
2464,13.48615385
2465,50.94
2466,29.88478947
2467,43.97
2468,30.99
2469,76.5922
2470,51.646
2471,36.01325
2472,20.1241875
2473,62.39565385
2474,23.0525
2475,42.74666667
2476,17.82333333
2477,135.1055
2478,13.70454545
2479,18.76848837
2480,41.616
2481,64.109625
2482,21.6
2483,19.31857143
2484,23.16515789
2485,16.4455
2486,25.2075
2487,18.513
2488,32.723
2489,20.37
2490,264.675
2491,16.29053333
2492,26.0
2493,29.151
2494,31.195
2495,36.52419118
2496,26.97346154
2497,52.19640625
2498,20.36464286
2499,19.71783333
2500,23.01661538
2501,33.798
2502,27.13
2503,30.86290909
2504,27.78966667
2505,23.16515789
2506,32.11766667
2507,9.492272727
2508,26.19775
2509,25.17006452
2510,41.59161538
2511,13.2053
2512,22.95383333
2513,46.5274
2514,14.333375
2515,18.84548718
2516,18.88233333
2517,25.08266667
2518,17.587
2519,94.098125
2520,41.38957143
2521,34.93603125
2522,14.350125
2523,12.47666667
2524,36.70125
2525,17.31241935
2526,14.7754
2527,14.22409091
2528,47.52333333
2529,23.22409091
2530,108.7471951
2531,31.30566667
2532,30.352
2533,53.792
2534,9.358333333
2535,15.40377778
2536,25.29875
2537,11.74
2538,114.8758333
2539,158.976
2540,29.57028571
2541,33.12857143
2542,24.674
2543,14.4382
2544,45.59125
2545,30.0062
2546,39.725
2547,45.76307692
2548,15.16166667
2549,116.545
2550,16.67175
2551,55.25
2552,22.12540909
2553,23.245
2554,24.84
2555,11.28285714
2556,22.127
2557,18.76285714
2558,20.74
2559,19.9680625
2560,20.49710714
2561,58.46907407
2562,31.7425
2563,18.657
2564,7.863333333
2565,36.90769355
2566,55.4225
2567,42.2862
2568,20.6695
2569,24.35
2570,107.6705126
2571,37.32636
2572,285.247
2573,12.49833333
2574,60.87
2575,40.7645
2576,48.09553571
2577,19.055
2578,18.16715385
2579,106.5488889
2580,81.295
2581,59.4905
2582,19.895
2583,43.9745
2584,13.191
2585,76.71
2586,23.585
2587,35.34
2588,28.9602
2589,38.48247059
2590,11.7129
2591,55.2
2592,35.86943902
2593,60.9552
2594,14.76166667
2595,70.31925
2596,16.80266667
2597,27.935
2598,37.44666667
2599,95.29916667
2600,30.081
2601,37.350625
2602,44.62833333
2603,11.745
2604,56.15916667
2605,26.59125
2606,26.97522727
2607,18.19842857
2608,28.803
2609,46.60136364
2610,134.789
2611,57.22905851
2612,84.60125
2613,20.31264706
2614,34.10357143
2615,33.70615385
2616,20.9225
2617,20.20388889
2618,121.77
2619,20.35378947
2620,31.79107143
2621,32.4898913
2622,17.42714286
2623,69.397
2624,273.755
2625,30.92666667
2626,54.2675
2627,53.62733333
2628,360.755
2629,30.839
2630,158.823
2631,36.35965
2632,38.025
2633,13.382
2634,43.89111111
2635,28.96891667
2636,17.5296
2637,32.1815
2638,38.79428571
2639,45.78386047
2640,15.764
2641,21.407
2642,23.16515789
2643,17.91985714
2644,8.4656
2645,23.8115
2646,87.487
2647,12.924
2648,646.605
2649,43.26150943
2650,111.993
2651,35.29583333
2652,57.22905851
2653,88.77777778
2654,28.735
2655,110.0985
2656,32.33086957
2657,12.25
2658,21.91166667
2659,59.43242424
2660,35.27
2661,23.90933333
2662,93.42433333
2663,107.7
2664,28.295
2665,28.379
2666,28.60918919
2667,51.6415625
2668,200.19825
2669,88.46428571
2670,34.33029412
2671,74.609
2672,13.137
2673,260.287
2674,18.53214286
2675,30.61932203
2676,39.97375
2677,31.24215385
2678,22.1
2679,20.03375
2680,20.3776087
2681,47.84837037
2682,16.20874359
2683,26.4498867
2684,18.1925
2685,15.46
2686,29.942625
2687,18.64264
2688,17.182
2689,12.35588235
2690,22.36209302
2691,27.23911864
2692,46.06451282
2693,34.02059211
2694,46.5274
2695,20.7206
2696,27.46483636
2697,12.32981818
2698,57.92693548
2699,28.60820513
2700,22.78208333
2701,26.51269565
2702,107.4521429
2703,93.71425
2704,43.86363077
2705,37.31523077
2706,39.39984314
2707,78.07322727
2708,31.38814286
2709,19.00794118
2710,36.21929825
2711,43.54851613
2712,26.3525
2713,19.93814035
2714,53.78571429
2715,22.90364865
2716,31.1045119
2717,39.35238095
2718,26.803
2719,17.34364706
2720,17.44569231
2721,30.65053846
2722,37.46857143
2723,49.28583333
2724,13.11525
2725,14.293
2726,50.96109091
2727,107.6705126
2728,24.84390244
2729,35.28132353
2730,82.06090909
2731,23.322
2732,16.05676923
2733,65.56875
2734,20.43008333
2735,35.81481651
2736,11.370625
2737,33.25025
2738,24.09525
2739,17.22277778
2740,32.06304348
2741,31.5255
2742,10.83275
2743,32.93965169
2744,72.79589474
2745,137.5695455
2746,30.3775
2747,21.02333333
2748,30.5976
2749,66.58842105
2750,25.39952941
2751,59.0
2752,64.59222222
2753,19.08518182
2754,19.37890909
2755,42.66935185
2756,13.63642857
2757,34.9090566
2758,8.17
2759,52.95719388
2760,18.2955625
2761,22.77681818
2762,32.898125
2763,27.4386
2764,37.00904545
2765,15.14
2766,13.24516667
2767,20.7195
2768,77.41666667
2769,20.27896296
2770,47.361875
2771,113.2693333
2772,22.69
2773,34.19
2774,61.86283333
2775,45.6995
2776,36.38445588
2777,9.8628
2778,30.236875
2779,37.4265
2780,9.5628
2781,27.09825
2782,22.455
2783,17.03876744
2784,36.64326667
2785,39.70773684
2786,7.712
2787,43.08
2788,30.99513158
2789,158.7922667
2790,52.085
2791,11.389
2792,13.88308333
2793,10.42388889
2794,16.59192308
2795,7.92
2796,22.95871429
2797,25.94322222
2798,115.533
2799,83.50125
2800,37.01736842
2801,16.29053333
2802,32.09
2803,25.3433871
2804,32.98557692
2805,19.45142857
2806,29.26025
2807,49.82277778
2808,41.616
2809,38.72769231
2810,37.52210345
2811,43.06842105
2812,20.1241875
2813,39.7374
2814,62.39565385
2815,16.4455
2816,30.99
2817,50.94
2818,145.6466667
2819,29.88478947
2820,44.14181818
2821,18.84548718
2822,23.0525
2823,42.74666667
2824,135.1055
2825,13.70454545
2826,51.646
2827,85.82946154
2828,43.97
2829,23.16515789
2830,20.37
2831,30.86290909
2832,29.151
2833,32.723
2834,14.350125
2835,36.01325
2836,18.76848837
2837,11.14333333
2838,15.40377778
2839,21.70216667
2840,19.71783333
2841,25.2075
2842,26.0
2843,12.47666667
2844,264.675
2845,27.78966667
2846,17.82333333
2847,23.16515789
2848,18.513
2849,15.20916667
2850,22.95383333
2851,25.08266667
2852,64.109625
2853,31.195
2854,52.19640625
2855,76.5922
2856,32.11766667
2857,20.36464286
2858,11.28285714
2859,21.6
2860,14.4382
2861,17.587
2862,23.01661538
2863,17.31241935
2864,13.2053
2865,9.358333333
2866,18.88233333
2867,26.19775
2868,36.52419118
2869,16.67175
2870,25.17006452
2871,36.70125
2872,14.7754
2873,14.333375
2874,20.49710714
2875,7.863333333
2876,30.0062
2877,23.22409091
2878,13.48615385
2879,24.84
2880,53.792
2881,30.352
2882,23.245
2883,41.59161538
2884,25.29875
2885,11.74
2886,46.5274
2887,29.57028571
2888,15.16166667
2889,37.32636
2890,23.585
2891,107.6705126
2892,22.127
2893,94.098125
2894,33.798
2895,19.31857143
2896,27.13
2897,108.7471951
2898,9.492272727
2899,114.8758333
2900,158.976
2901,116.545
2902,20.74
2903,55.25
2904,45.59125
2905,18.16715385
2906,39.725
2907,24.674
2908,31.7425
2909,36.90769355
2910,16.80266667
2911,40.7645
2912,45.76307692
2913,31.30566667
2914,14.22409091
2915,13.191
2916,81.295
2917,24.35
2918,28.9602
2919,41.38957143
2920,59.4905
2921,33.12857143
2922,35.34
2923,35.86943902
2924,19.055
2925,43.9745
2926,76.71
2927,55.4225
2928,14.76166667
2929,20.35378947
2930,11.7129
2931,48.09553571
2932,38.48247059
2933,58.46907407
2934,18.76285714
2935,11.745
2936,18.19842857
2937,60.87
2938,285.247
2939,55.2
2940,22.12540909
2941,27.935
2942,30.081
2943,19.895
2944,19.9680625
2945,33.70615385
2946,31.79107143
2947,46.60136364
2948,34.10357143
2949,18.657
2950,95.29916667
2951,57.22905851
2952,44.62833333
2953,36.35965
2954,17.42714286
2955,56.15916667
2956,134.789
2957,28.803
2958,20.31264706
2959,30.92666667
2960,60.9552
2961,69.397
2962,47.52333333
2963,21.407
2964,37.350625
2965,17.91985714
2966,158.823
2967,38.79428571
2968,12.49833333
2969,38.025
2970,43.89111111
2971,13.382
2972,37.44666667
2973,17.5296
2974,20.20388889
2975,70.31925
2976,8.4656
2977,28.96891667
2978,15.764
2979,42.2862
2980,53.62733333
2981,54.2675
2982,30.839
2983,273.755
2984,45.78386047
2985,106.5488889
2986,20.6695
2987,23.16515789
2988,84.60125
2989,28.379
2990,23.90933333
2991,26.59125
2992,12.924
2993,121.77
2994,12.25
2995,111.993
2996,646.605
2997,360.755
2998,28.735
2999,110.0985
3000,35.29583333
3001,28.295
3002,87.487
3003,35.27
3004,23.8115
3005,10.32442857
3006,107.7
3007,93.42433333
3008,35.25972727
3009,22.35277778
3010,200.19825
3011,51.6415625
3012,38.39725
3013,13.137
3014,57.22905851
3015,18.53214286
3016,39.97375
3017,30.61932203
3018,31.24215385
3019,22.1
3020,16.20874359
3021,20.3776087
3022,47.84837037
3023,20.03375
3024,18.1925
3025,26.4498867
3026,15.46
3027,29.942625
3028,17.182
3029,18.64264
3030,12.35588235
3031,22.36209302
3032,27.23911864
3033,34.02059211
3034,46.06451282
3035,12.32981818
3036,28.60820513
3037,46.5274
3038,20.7206
3039,22.78208333
3040,26.51269565
3041,57.92693548
3042,27.46483636
3043,93.71425
3044,107.4521429
3045,39.39984314
3046,43.86363077
3047,37.31523077
3048,78.07322727
3049,13.11525
3050,31.38814286
3051,19.00794118
3052,17.44569231
3053,43.54851613
3054,19.93814035
3055,17.34364706
3056,53.78571429
3057,20.43008333
3058,24.84390244
3059,39.35238095
3060,36.21929825
3061,16.05676923
3062,31.1045119
3063,26.803
3064,22.90364865
3065,14.293
3066,26.3525
3067,10.83275
3068,37.46857143
3069,30.65053846
3070,23.322
3071,50.96109091
3072,18.2955625
3073,11.370625
3074,35.28132353
3075,17.22277778
3076,49.28583333
3077,107.6705126
3078,82.06090909
3079,35.81481651
3080,31.5255
3081,33.25025
3082,65.56875
3083,137.5695455
3084,30.3775
3085,20.27896296
3086,24.09525
3087,21.02333333
3088,59.0
3089,72.79589474
3090,30.5976
3091,20.7195
3092,25.39952941
3093,32.93965169
3094,37.00904545
3095,66.58842105
3096,64.59222222
3097,8.17
3098,19.08518182
3099,13.24516667
3100,27.09825
3101,16.29053333
3102,34.19
3103,22.69
3104,32.898125
3105,36.38445588
3106,34.9090566
3107,30.236875
3108,52.95719388
3109,36.64326667
3110,32.06304348
3111,13.63642857
3112,7.712
3113,22.455
3114,19.37890909
3115,27.4386
3116,22.77681818
3117,9.8628
3118,45.6995
3119,77.41666667
3120,61.86283333
3121,113.2693333
3122,42.66935185
3123,47.361875
3124,15.14
3125,7.92
3126,11.389
3127,9.5628
3128,15.40377778
3129,43.08
3130,18.84548718
3131,13.88308333
3132,41.616
3133,17.03876744
3134,115.533
3135,39.70773684
3136,158.7922667
3137,14.350125
3138,37.01736842
3139,25.94322222
3140,20.1241875
3141,32.09
3142,62.39565385
3143,52.085
3144,10.42388889
3145,16.4455
3146,22.95871429
3147,83.50125
3148,37.52210345
3149,25.3433871
3150,39.7374
3151,11.28285714
3152,49.82277778
3153,12.47666667
3154,19.45142857
3155,30.86290909
3156,43.06842105
3157,30.99
3158,14.4382
3159,30.99513158
3160,13.70454545
3161,20.37
3162,50.94
3163,27.78966667
3164,135.1055
3165,37.4265
3166,23.0525
3167,29.88478947
3168,16.59192308
3169,29.151
3170,145.6466667
3171,19.71783333
3172,23.16515789
3173,42.74666667
3174,51.646
3175,32.723
3176,23.16515789
3177,32.98557692
3178,25.08266667
3179,44.14181818
3180,22.95383333
3181,25.2075
3182,43.97
3183,7.863333333
3184,264.675
3185,26.0
3186,18.76848837
3187,9.358333333
3188,23.585
3189,85.82946154
3190,20.49710714
3191,16.67175
3192,17.587
3193,32.11766667
3194,17.31241935
3195,18.513
3196,29.26025
3197,24.84
3198,38.72769231
3199,107.6705126
3200,30.0062
3201,37.32636
3202,52.19640625
3203,31.195
3204,36.01325
3205,20.36464286
3206,23.245
3207,14.7754
3208,64.109625
3209,23.01661538
3210,18.88233333
3211,36.70125
3212,26.19775
3213,16.80266667
3214,20.35378947
3215,23.22409091
3216,13.2053
3217,22.127
3218,21.6
3219,53.792
3220,29.57028571
3221,25.29875
3222,17.82333333
3223,15.16166667
3224,76.5922
3225,30.352
3226,25.17006452
3227,18.16715385
3228,14.333375
3229,40.7645
3230,11.74
3231,31.7425
3232,36.90769355
3233,28.9602
3234,13.191
3235,35.86943902
3236,20.74
3237,108.7471951
3238,59.4905
3239,81.295
3240,35.34
3241,11.7129
3242,55.25
3243,14.76166667
3244,116.545
3245,36.52419118
3246,11.745
3247,76.71
3248,158.976
3249,31.30566667
3250,43.9745
3251,38.48247059
3252,114.8758333
3253,45.59125
3254,18.19842857
3255,46.5274
3256,31.79107143
3257,45.76307692
3258,33.70615385
3259,19.055
3260,39.725
3261,24.35
3262,94.098125
3263,41.59161538
3264,33.798
3265,36.35965
3266,55.2
3267,17.91985714
3268,48.09553571
3269,60.87
3270,34.10357143
3271,21.407
3272,30.081
3273,55.4225
3274,24.674
3275,27.935
3276,46.60136364
3277,17.42714286
3278,57.22905851
3279,30.92666667
3280,69.397
3281,27.13
3282,58.46907407
3283,11.14333333
3284,33.12857143
3285,9.492272727
3286,95.29916667
3287,285.247
3288,8.4656
3289,134.789
3290,38.79428571
3291,44.62833333
3292,14.22409091
3293,17.5296
3294,28.379
3295,158.823
3296,43.89111111
3297,28.803
3298,20.31264706
3299,19.9680625
3300,38.025
3301,23.90933333
3302,13.382
3303,56.15916667
3304,15.764
3305,23.16515789
3306,22.35277778
3307,10.32442857
3308,12.25
3309,19.895
3310,37.44666667
3311,28.96891667
3312,15.20916667
3313,45.78386047
3314,37.350625
3315,35.25972727
3316,12.924
3317,111.993
3318,28.735
3319,18.76285714
3320,110.0985
3321,38.39725
3322,646.605
3323,54.2675
3324,11.63114286
3325,20.65665217
3326,28.295
3327,53.62733333
3328,273.755
3329,35.29583333
3330,6.494
3331,93.42433333
3332,13.137
3333,13.48615385
3334,35.27
3335,6.050333333
3336,200.19825
3337,107.7
3338,61.235
3339,60.9552
3340,22.12540909
3341,51.6415625
3342,41.38957143
3343,16.641
3344,10.9158
3345,18.53214286
3346,16.20874359
3347,39.97375
3348,31.24215385
3349,22.1
3350,30.61932203
3351,20.3776087
3352,47.84837037
3353,18.1925
3354,26.4498867
3355,20.03375
3356,17.182
3357,18.64264
3358,29.942625
3359,15.46
3360,12.35588235
3361,34.02059211
3362,27.23911864
3363,12.32981818
3364,22.36209302
3365,28.60820513
3366,46.06451282
3367,26.51269565
3368,46.5274
3369,22.78208333
3370,20.7206
3371,93.71425
3372,57.92693548
3373,107.4521429
3374,39.39984314
3375,27.46483636
3376,13.11525
3377,43.86363077
3378,20.43008333
3379,17.44569231
3380,37.31523077
3381,78.07322727
3382,18.2955625
3383,17.34364706
3384,24.84390244
3385,16.05676923
3386,10.83275
3387,19.93814035
3388,19.00794118
3389,43.54851613
3390,53.78571429
3391,26.803
3392,14.293
3393,31.38814286
3394,31.1045119
3395,39.35238095
3396,17.22277778
3397,11.370625
3398,37.46857143
3399,36.21929825
3400,20.27896296
3401,23.322
3402,50.96109091
3403,35.28132353
3404,22.90364865
3405,35.81481651
3406,107.6705126
3407,137.5695455
3408,30.65053846
3409,16.29053333
3410,82.06090909
3411,31.5255
3412,49.28583333
3413,20.7195
3414,30.3775
3415,26.3525
3416,15.40377778
3417,33.25025
3418,27.09825
3419,37.00904545
3420,59.0
3421,8.17
3422,30.5976
3423,65.56875
3424,18.84548718
3425,36.64326667
3426,13.24516667
3427,21.02333333
3428,30.236875
3429,72.79589474
3430,7.712
3431,36.38445588
3432,14.350125
3433,34.19
3434,19.08518182
3435,22.69
3436,66.58842105
3437,25.39952941
3438,64.59222222
3439,22.455
3440,32.93965169
3441,24.09525
3442,32.898125
3443,41.616
3444,7.92
3445,52.95719388
3446,11.28285714
3447,34.9090566
3448,11.389
3449,9.8628
3450,45.6995
3451,27.4386
3452,77.41666667
3453,22.77681818
3454,115.533
3455,14.4382
3456,19.37890909
3457,43.08
3458,13.88308333
3459,62.39565385
3460,16.4455
3461,61.86283333
3462,20.1241875
3463,12.47666667
3464,17.03876744
3465,13.63642857
3466,37.01736842
3467,113.2693333
3468,158.7922667
3469,30.86290909
3470,32.06304348
3471,9.5628
3472,39.70773684
3473,37.52210345
3474,25.94322222
3475,47.361875
3476,39.7374
3477,42.66935185
3478,23.585
3479,10.42388889
3480,32.09
3481,27.78966667
3482,7.863333333
3483,83.50125
3484,22.95871429
3485,20.37
3486,15.14
3487,43.06842105
3488,49.82277778
3489,25.3433871
3490,13.70454545
3491,25.08266667
3492,52.085
3493,23.16515789
3494,19.71783333
3495,20.49710714
3496,29.151
3497,9.358333333
3498,19.45142857
3499,30.99
3500,16.67175
3501,135.1055
3502,145.6466667
3503,50.94
3504,32.723
3505,22.95383333
3506,20.35378947
3507,23.0525
3508,29.88478947
3509,37.32636
3510,23.16515789
3511,107.6705126
3512,51.646
3513,17.587
3514,25.2075
3515,30.0062
3516,32.11766667
3517,17.31241935
3518,264.675
3519,24.84
3520,42.74666667
3521,18.76848837
3522,44.14181818
3523,16.80266667
3524,23.245
3525,43.97
3526,14.7754
3527,26.0
3528,22.127
3529,52.19640625
3530,18.16715385
3531,23.22409091
3532,18.513
3533,36.70125
3534,25.29875
3535,15.16166667
3536,29.57028571
3537,31.195
3538,53.792
3539,85.82946154
3540,31.30566667
3541,20.36464286
3542,26.19775
3543,18.88233333
3544,30.99513158
3545,40.7645
3546,32.98557692
3547,35.86943902
3548,28.9602
3549,13.191
3550,64.109625
3551,31.7425
3552,23.01661538
3553,11.7129
3554,30.352
3555,16.59192308
3556,33.70615385
3557,59.4905
3558,81.295
3559,35.34
3560,36.90769355
3561,11.745
3562,17.91985714
3563,31.79107143
3564,14.76166667
3565,13.2053
3566,36.01325
3567,25.17006452
3568,36.35965
3569,14.333375
3570,18.19842857
3571,21.407
3572,76.71
3573,43.9745
3574,38.48247059
3575,21.6
3576,108.7471951
3577,55.25
3578,116.545
3579,20.74
3580,34.10357143
3581,55.2
3582,37.4265
3583,19.055
3584,11.74
3585,60.87
3586,76.5922
3587,30.081
3588,8.4656
3589,17.42714286
3590,69.397
3591,45.76307692
3592,30.92666667
3593,45.59125
3594,38.72769231
3595,114.8758333
3596,158.976
3597,57.22905851
3598,28.379
3599,46.60136364
3600,27.935
3601,22.35277778
3602,24.35
3603,48.09553571
3604,39.725
3605,17.5296
3606,10.32442857
3607,38.79428571
3608,46.5274
3609,23.90933333
3610,11.63114286
3611,134.789
3612,35.25972727
3613,94.098125
3614,158.823
3615,95.29916667
3616,43.89111111
3617,12.25
3618,55.4225
3619,20.65665217
3620,38.025
3621,38.39725
3622,13.382
3623,15.764
3624,33.798
3625,23.16515789
3626,6.494
3627,58.46907407
3628,10.9158
3629,28.803
3630,110.0985
3631,111.993
3632,12.924
3633,44.62833333
3634,6.050333333
3635,28.735
3636,36.52419118
3637,646.605
3638,285.247
3639,28.96891667
3640,41.59161538
3641,28.295
3642,17.82333333
3643,93.42433333
3644,45.78386047
3645,13.137
3646,56.15916667
3647,12.61125
3648,37.44666667
3649,61.235
3650,35.29583333
3651,35.27
3652,200.19825
3653,17.182
3654,107.7
3655,16.641
3656,71.187
3657,27.13
3658,18.53214286
3659,16.20874359
3660,39.97375
3661,31.24215385
3662,22.1
3663,20.3776087
3664,30.61932203
3665,17.182
3666,47.84837037
3667,18.1925
3668,26.4498867
3669,20.03375
3670,18.64264
3671,29.942625
3672,12.35588235
3673,15.46
3674,34.02059211
3675,27.23911864
3676,12.32981818
3677,28.60820513
3678,26.51269565
3679,22.36209302
3680,46.06451282
3681,13.11525
3682,18.2955625
3683,46.5274
3684,22.78208333
3685,93.71425
3686,20.43008333
3687,107.4521429
3688,39.39984314
3689,20.7206
3690,57.92693548
3691,17.44569231
3692,16.05676923
3693,10.83275
3694,17.34364706
3695,24.84390244
3696,43.86363077
3697,78.07322727
3698,37.31523077
3699,27.46483636
3700,15.40377778
3701,19.93814035
3702,14.293
3703,20.27896296
3704,53.78571429
3705,16.29053333
3706,26.803
3707,17.22277778
3708,43.54851613
3709,11.370625
3710,19.00794118
3711,31.1045119
3712,37.46857143
3713,18.84548718
3714,20.7195
3715,14.350125
3716,137.5695455
3717,27.09825
3718,39.35238095
3719,23.322
3720,35.28132353
3721,50.96109091
3722,107.6705126
3723,37.00904545
3724,35.81481651
3725,31.38814286
3726,31.5255
3727,36.21929825
3728,30.3775
3729,11.28285714
3730,36.64326667
3731,59.0
3732,82.06090909
3733,30.65053846
3734,14.4382
3735,8.17
3736,30.236875
3737,7.712
3738,33.25025
3739,49.28583333
3740,13.24516667
3741,19.08518182
3742,22.90364865
3743,36.38445588
3744,41.616
3745,34.19
3746,30.5976
3747,22.455
3748,22.69
3749,7.92
3750,72.79589474
3751,11.389
3752,25.39952941
3753,66.58842105
3754,21.02333333
3755,26.3525
3756,23.585
3757,115.533
3758,65.56875
3759,64.59222222
3760,16.4455
3761,32.898125
3762,62.39565385
3763,12.47666667
3764,52.95719388
3765,45.6995
3766,43.08
3767,32.93965169
3768,9.8628
3769,20.1241875
3770,17.03876744
3771,7.863333333
3772,30.86290909
3773,77.41666667
3774,13.88308333
3775,34.9090566
3776,24.09525
3777,20.35378947
3778,27.4386
3779,37.01736842
3780,27.78966667
3781,37.52210345
3782,61.86283333
3783,22.77681818
3784,39.7374
3785,158.7922667
3786,20.49710714
3787,25.08266667
3788,16.67175
3789,10.42388889
3790,20.37
3791,9.358333333
3792,23.16515789
3793,19.37890909
3794,39.70773684
3795,25.94322222
3796,37.32636
3797,19.71783333
3798,83.50125
3799,29.151
3800,107.6705126
3801,113.2693333
3802,43.06842105
3803,49.82277778
3804,22.95383333
3805,13.70454545
3806,32.09
3807,9.5628
3808,30.0062
3809,32.723
3810,25.3433871
3811,145.6466667
3812,135.1055
3813,16.80266667
3814,17.587
3815,24.84
3816,17.31241935
3817,32.11766667
3818,50.94
3819,47.361875
3820,31.30566667
3821,22.95871429
3822,23.0525
3823,42.66935185
3824,19.45142857
3825,30.99
3826,13.63642857
3827,51.646
3828,29.88478947
3829,52.085
3830,23.245
3831,25.2075
3832,18.76848837
3833,23.16515789
3834,264.675
3835,43.97
3836,22.127
3837,18.16715385
3838,14.7754
3839,17.91985714
3840,33.70615385
3841,35.86943902
3842,25.29875
3843,42.74666667
3844,11.7129
3845,13.191
3846,15.16166667
3847,36.35965
3848,29.57028571
3849,44.14181818
3850,11.745
3851,28.9602
3852,40.7645
3853,31.79107143
3854,53.792
3855,36.70125
3856,21.407
3857,52.19640625
3858,26.19775
3859,23.22409091
3860,81.295
3861,59.4905
3862,35.34
3863,31.7425
3864,23.01661538
3865,14.76166667
3866,20.36464286
3867,36.90769355
3868,18.19842857
3869,76.71
3870,14.333375
3871,22.35277778
3872,43.9745
3873,38.48247059
3874,31.195
3875,18.513
3876,8.4656
3877,30.352
3878,18.88233333
3879,34.10357143
3880,10.32442857
3881,28.379
3882,26.0
3883,11.63114286
3884,55.2
3885,69.397
3886,30.081
3887,17.42714286
3888,25.17006452
3889,116.545
3890,17.5296
3891,10.9158
3892,30.92666667
3893,60.87
3894,19.055
3895,108.7471951
3896,32.06304348
3897,55.25
3898,20.65665217
3899,57.22905851
3900,35.25972727
3901,23.90933333
3902,64.109625
3903,6.494
3904,38.79428571
3905,38.39725
3906,27.935
3907,85.82946154
3908,12.25
3909,6.050333333
3910,46.60136364
3911,134.789
3912,15.14
3913,46.5274
3914,13.2053
3915,23.16515789
3916,158.823
3917,15.764
3918,36.01325
3919,48.09553571
3920,13.382
3921,43.89111111
3922,12.61125
3923,45.76307692
3924,110.0985
3925,111.993
3926,114.8758333
3927,12.924
3928,28.735
3929,38.025
3930,646.605
3931,11.49625
3932,45.59125
3933,95.29916667
3934,21.6
3935,39.725
3936,93.42433333
3937,13.137
3938,13.818
3939,20.74
3940,28.295
3941,61.235
3942,158.976
3943,17.182
3944,11.9845625
3945,28.803
3946,15.6985
3947,32.98557692
3948,92.798
3949,28.96891667
3950,35.27
3951,16.641
3952,71.187
3953,71.602
3954,107.7
3955,29.043
3956,58.46907407
3957,18.53214286
3958,16.20874359
3959,39.97375
3960,31.24215385
3961,20.3776087
3962,22.1
3963,17.182
3964,18.1925
3965,47.84837037
3966,30.61932203
3967,26.4498867
3968,18.64264
3969,12.35588235
3970,29.942625
3971,20.03375
3972,18.2955625
3973,15.46
3974,27.23911864
3975,12.32981818
3976,13.11525
3977,34.02059211
3978,26.51269565
3979,20.43008333
3980,28.60820513
3981,46.06451282
3982,93.71425
3983,22.36209302
3984,17.44569231
3985,39.39984314
3986,107.4521429
3987,22.78208333
3988,46.5274
3989,10.83275
3990,15.40377778
3991,16.05676923
3992,24.84390244
3993,17.34364706
3994,57.92693548
3995,20.7206
3996,16.29053333
3997,20.27896296
3998,18.84548718
3999,78.07322727
4000,43.86363077
4001,14.350125
4002,14.293
4003,19.93814035
4004,17.22277778
4005,11.370625
4006,37.31523077
4007,11.28285714
4008,26.803
4009,20.7195
4010,27.09825
4011,53.78571429
4012,14.4382
4013,43.54851613
4014,137.5695455
4015,37.00904545
4016,37.46857143
4017,36.64326667
4018,31.1045119
4019,30.3775
4020,19.00794118
4021,27.46483636
4022,31.5255
4023,107.6705126
4024,35.28132353
4025,59.0
4026,7.712
4027,35.81481651
4028,41.616
4029,30.236875
4030,50.96109091
4031,19.08518182
4032,23.322
4033,13.24516667
4034,36.38445588
4035,39.35238095
4036,82.06090909
4037,36.21929825
4038,22.455
4039,23.585
4040,7.92
4041,8.17
4042,34.19
4043,33.25025
4044,20.35378947
4045,30.65053846
4046,49.28583333
4047,11.389
4048,30.5976
4049,22.69
4050,7.863333333
4051,16.4455
4052,12.47666667
4053,62.39565385
4054,115.533
4055,10.42388889
4056,17.03876744
4057,30.86290909
4058,31.38814286
4059,20.1241875
4060,43.08
4061,27.78966667
4062,20.49710714
4063,72.79589474
4064,45.6995
4065,25.39952941
4066,66.58842105
4067,52.95719388
4068,37.52210345
4069,32.898125
4070,37.01736842
4071,25.08266667
4072,16.67175
4073,9.8628
4074,37.32636
4075,64.59222222
4076,13.88308333
4077,9.358333333
4078,39.7374
4079,77.41666667
4080,107.6705126
4081,23.16515789
4082,20.37
4083,61.86283333
4084,158.7922667
4085,32.93965169
4086,31.30566667
4087,65.56875
4088,30.0062
4089,29.151
4090,19.71783333
4091,22.95383333
4092,21.02333333
4093,27.4386
4094,16.80266667
4095,34.9090566
4096,24.84
4097,17.587
4098,25.94322222
4099,43.06842105
4100,24.09525
4101,83.50125
4102,39.70773684
4103,49.82277778
4104,22.90364865
4105,13.70454545
4106,32.723
4107,17.31241935
4108,145.6466667
4109,17.91985714
4110,26.3525
4111,33.70615385
4112,32.11766667
4113,23.245
4114,36.35965
4115,22.127
4116,18.16715385
4117,135.1055
4118,11.7129
4119,9.5628
4120,21.407
4121,25.3433871
4122,113.2693333
4123,35.86943902
4124,11.745
4125,22.35277778
4126,13.191
4127,31.79107143
4128,43.97
4129,51.646
4130,18.76848837
4131,50.94
4132,14.7754
4133,23.0525
4134,25.2075
4135,40.7645
4136,28.9602
4137,29.88478947
4138,11.63114286
4139,23.01661538
4140,25.29875
4141,81.295
4142,19.45142857
4143,264.675
4144,29.57028571
4145,59.4905
4146,35.34
4147,10.9158
4148,10.32442857
4149,15.16166667
4150,53.792
4151,30.99
4152,31.7425
4153,14.76166667
4154,22.77681818
4155,8.4656
4156,23.16515789
4157,52.085
4158,36.70125
4159,32.09
4160,36.90769355
4161,18.19842857
4162,22.95871429
4163,26.19775
4164,28.379
4165,23.22409091
4166,76.71
4167,38.48247059
4168,52.19640625
4169,34.10357143
4170,43.9745
4171,17.5296
4172,20.65665217
4173,47.361875
4174,14.333375
4175,6.494
4176,69.397
4177,35.25972727
4178,55.2
4179,17.42714286
4180,44.14181818
4181,30.081
4182,30.92666667
4183,42.74666667
4184,38.39725
4185,6.050333333
4186,23.90933333
4187,12.61125
4188,20.36464286
4189,30.352
4190,42.66935185
4191,116.545
4192,60.87
4193,57.22905851
4194,38.79428571
4195,12.25
4196,18.88233333
4197,11.49625
4198,55.25
4199,31.195
4200,19.055
4201,108.7471951
4202,134.789
4203,23.16515789
4204,18.513
4205,15.764
4206,13.382
4207,19.37890909
4208,13.818
4209,46.5274
4210,27.935
4211,25.17006452
4212,114.8758333
4213,158.823
4214,110.0985
4215,111.993
4216,12.924
4217,28.735
4218,43.89111111
4219,646.605
4220,11.9845625
4221,13.137
4222,93.42433333
4223,15.6985
4224,46.60136364
4225,17.182
4226,28.295
4227,61.235
4228,21.01833333
4229,11.81928571
4230,3.781
4231,29.043
4232,71.602
4233,9.999666667
4234,92.798
4235,16.641
4236,12.241
4237,11.263
4238,71.187
4239,13.63642857
4240,95.29916667
4241,11.34
4242,48.09553571
4243,18.53214286
4244,16.20874359
4245,39.97375
4246,17.182
4247,31.24215385
4248,20.3776087
4249,22.1
4250,18.1925
4251,47.84837037
4252,18.64264
4253,18.2955625
4254,12.35588235
4255,26.4498867
4256,29.942625
4257,30.61932203
4258,13.11525
4259,20.43008333
4260,20.03375
4261,27.23911864
4262,15.46
4263,12.32981818
4264,34.02059211
4265,26.51269565
4266,15.40377778
4267,10.83275
4268,17.44569231
4269,28.60820513
4270,93.71425
4271,46.06451282
4272,39.39984314
4273,16.05676923
4274,107.4521429
4275,18.84548718
4276,24.84390244
4277,17.34364706
4278,46.5274
4279,14.350125
4280,22.78208333
4281,16.29053333
4282,22.36209302
4283,20.27896296
4284,11.28285714
4285,57.92693548
4286,14.4382
4287,20.7206
4288,78.07322727
4289,11.370625
4290,27.09825
4291,20.7195
4292,14.293
4293,19.93814035
4294,17.22277778
4295,26.803
4296,37.00904545
4297,43.86363077
4298,137.5695455
4299,36.64326667
4300,53.78571429
4301,37.31523077
4302,41.616
4303,37.46857143
4304,23.585
4305,7.712
4306,20.35378947
4307,43.54851613
4308,30.236875
4309,31.5255
4310,30.3775
4311,59.0
4312,7.92
4313,107.6705126
4314,36.38445588
4315,10.42388889
4316,19.08518182
4317,22.455
4318,35.28132353
4319,7.863333333
4320,13.24516667
4321,34.19
4322,31.1045119
4323,35.81481651
4324,11.389
4325,50.96109091
4326,16.4455
4327,82.06090909
4328,12.47666667
4329,8.17
4330,36.21929825
4331,62.39565385
4332,33.25025
4333,19.00794118
4334,23.322
4335,17.03876744
4336,115.533
4337,30.5976
4338,30.86290909
4339,22.69
4340,27.78966667
4341,20.49710714
4342,39.35238095
4343,37.32636
4344,49.28583333
4345,20.1241875
4346,43.08
4347,31.30566667
4348,30.65053846
4349,16.67175
4350,107.6705126
4351,25.08266667
4352,9.358333333
4353,37.52210345
4354,37.01736842
4355,23.16515789
4356,45.6995
4357,39.7374
4358,20.37
4359,30.0062
4360,72.79589474
4361,25.39952941
4362,13.88308333
4363,9.8628
4364,16.80266667
4365,22.95383333
4366,33.70615385
4367,66.58842105
4368,32.898125
4369,61.86283333
4370,29.151
4371,158.7922667
4372,24.84
4373,52.95719388
4374,17.91985714
4375,19.71783333
4376,17.587
4377,22.35277778
4378,27.46483636
4379,11.63114286
4380,77.41666667
4381,11.7129
4382,17.31241935
4383,36.35965
4384,64.59222222
4385,10.9158
4386,21.407
4387,43.06842105
4388,11.745
4389,10.32442857
4390,32.11766667
4391,35.86943902
4392,83.50125
4393,18.16715385
4394,145.6466667
4395,22.127
4396,49.82277778
4397,13.70454545
4398,32.723
4399,25.94322222
4400,13.191
4401,23.245
4402,31.79107143
4403,32.93965169
4404,9.5628
4405,23.01661538
4406,39.70773684
4407,81.295
4408,8.4656
4409,40.7645
4410,28.9602
4411,43.97
4412,59.4905
4413,27.4386
4414,35.34
4415,20.65665217
4416,135.1055
4417,28.379
4418,31.7425
4419,25.29875
4420,14.7754
4421,17.5296
4422,51.646
4423,14.76166667
4424,18.76848837
4425,29.57028571
4426,31.38814286
4427,15.16166667
4428,6.494
4429,53.792
4430,264.675
4431,36.70125
4432,6.050333333
4433,18.19842857
4434,50.94
4435,12.61125
4436,38.48247059
4437,65.56875
4438,25.2075
4439,36.90769355
4440,34.10357143
4441,35.25972727
4442,76.71
4443,29.88478947
4444,43.9745
4445,26.19775
4446,69.397
4447,38.39725
4448,23.0525
4449,11.49625
4450,113.2693333
4451,30.92666667
4452,17.42714286
4453,34.9090566
4454,19.45142857
4455,30.081
4456,55.2
4457,14.333375
4458,23.90933333
4459,25.3433871
4460,23.22409091
4461,21.02333333
4462,24.09525
4463,52.19640625
4464,23.16515789
4465,12.25
4466,13.818
4467,38.79428571
4468,116.545
4469,52.085
4470,57.22905851
4471,11.9845625
4472,23.16515789
4473,15.764
4474,134.789
4475,11.81928571
4476,114.8758333
4477,13.382
4478,60.87
4479,110.0985
4480,3.781
4481,21.01833333
4482,11.263
4483,108.7471951
4484,12.924
4485,9.999666667
4486,22.95871429
4487,30.352
4488,111.993
4489,28.735
4490,15.6985
4491,13.137
4492,31.195
4493,29.043
4494,30.99
4495,646.605
4496,17.182
4497,55.25
4498,158.823
4499,34.33029412
4500,3.3322
4501,44.14181818
4502,12.241
4503,19.055
4504,71.602
4505,93.42433333
4506,61.235
4507,11.34
4508,13.31085714
4509,28.295
4510,12.84981818
4511,46.5274
4512,92.798
4513,21.76576923
4514,8.400222222
4515,5.758
4516,16.641
4517,18.6532
4518,43.89111111
4519,71.187
4520,18.53214286
4521,16.20874359
4522,17.182
4523,31.24215385
4524,39.97375
4525,20.3776087
4526,18.2955625
4527,18.1925
4528,22.1
4529,47.84837037
4530,18.64264
4531,12.35588235
4532,13.11525
4533,29.942625
4534,26.4498867
4535,20.43008333
4536,15.40377778
4537,27.23911864
4538,26.51269565
4539,10.83275
4540,34.02059211
4541,18.84548718
4542,17.44569231
4543,12.32981818
4544,30.61932203
4545,15.46
4546,93.71425
4547,16.05676923
4548,14.350125
4549,20.03375
4550,39.39984314
4551,46.06451282
4552,17.34364706
4553,11.28285714
4554,16.29053333
4555,107.4521429
4556,24.84390244
4557,28.60820513
4558,20.27896296
4559,14.4382
4560,22.78208333
4561,46.5274
4562,27.09825
4563,20.7195
4564,11.370625
4565,19.93814035
4566,57.92693548
4567,37.00904545
4568,78.07322727
4569,14.293
4570,20.35378947
4571,36.64326667
4572,137.5695455
4573,26.803
4574,23.585
4575,17.22277778
4576,10.42388889
4577,41.616
4578,22.36209302
4579,7.712
4580,30.236875
4581,37.46857143
4582,7.92
4583,20.7206
4584,7.863333333
4585,53.78571429
4586,59.0
4587,36.38445588
4588,43.86363077
4589,31.5255
4590,107.6705126
4591,19.08518182
4592,43.54851613
4593,37.31523077
4594,11.389
4595,34.19
4596,13.24516667
4597,16.4455
4598,12.47666667
4599,62.39565385
4600,22.455
4601,30.3775
4602,35.28132353
4603,17.03876744
4604,37.32636
4605,27.78966667
4606,31.30566667
4607,35.81481651
4608,20.49710714
4609,115.533
4610,30.86290909
4611,107.6705126
4612,33.25025
4613,31.1045119
4614,50.96109091
4615,16.67175
4616,36.21929825
4617,82.06090909
4618,22.69
4619,9.358333333
4620,30.5976
4621,25.08266667
4622,8.17
4623,43.08
4624,11.63114286
4625,33.70615385
4626,30.0062
4627,22.35277778
4628,37.52210345
4629,23.16515789
4630,10.9158
4631,20.1241875
4632,20.37
4633,37.01736842
4634,11.7129
4635,17.91985714
4636,16.80266667
4637,49.28583333
4638,39.7374
4639,45.6995
4640,22.95383333
4641,36.35965
4642,24.84
4643,10.32442857
4644,29.151
4645,39.35238095
4646,21.407
4647,23.322
4648,17.587
4649,158.7922667
4650,17.31241935
4651,30.65053846
4652,72.79589474
4653,19.71783333
4654,35.86943902
4655,11.745
4656,61.86283333
4657,9.8628
4658,18.16715385
4659,32.898125
4660,13.191
4661,66.58842105
4662,22.127
4663,20.65665217
4664,19.00794118
4665,13.88308333
4666,8.4656
4667,23.01661538
4668,52.95719388
4669,31.79107143
4670,81.295
4671,6.050333333
4672,25.39952941
4673,12.61125
4674,17.5296
4675,59.4905
4676,28.379
4677,32.11766667
4678,9.5628
4679,145.6466667
4680,13.70454545
4681,77.41666667
4682,43.06842105
4683,40.7645
4684,35.34
4685,28.9602
4686,49.82277778
4687,6.494
4688,23.245
4689,11.49625
4690,83.50125
4691,32.723
4692,31.7425
4693,14.76166667
4694,43.97
4695,25.29875
4696,35.25972727
4697,135.1055
4698,25.94322222
4699,64.59222222
4700,38.48247059
4701,264.675
4702,14.7754
4703,29.57028571
4704,39.70773684
4705,38.39725
4706,18.19842857
4707,34.10357143
4708,53.792
4709,69.397
4710,36.70125
4711,51.646
4712,43.9745
4713,36.90769355
4714,76.71
4715,13.818
4716,30.92666667
4717,17.42714286
4718,11.9845625
4719,23.90933333
4720,26.19775
4721,30.081
4722,11.81928571
4723,55.2
4724,18.76848837
4725,50.94
4726,15.16166667
4727,12.25
4728,27.4386
4729,38.79428571
4730,11.263
4731,14.333375
4732,3.781
4733,21.01833333
4734,3.3322
4735,9.999666667
4736,34.33029412
4737,114.8758333
4738,32.93965169
4739,12.84981818
4740,23.16515789
4741,15.764
4742,57.22905851
4743,25.2075
4744,8.400222222
4745,13.31085714
4746,29.043
4747,12.241
4748,23.22409091
4749,52.19640625
4750,11.34
4751,110.0985
4752,134.789
4753,116.545
4754,13.137
4755,15.6985
4756,17.182
4757,13.382
4758,29.88478947
4759,12.924
4760,108.7471951
4761,71.602
4762,28.735
4763,111.993
4764,5.758
4765,12.73581818
4766,646.605
4767,21.76576923
4768,93.42433333
4769,61.235
4770,18.6532
4771,43.9745
4772,92.798
4773,6.895
4774,28.295
4775,50.143
4776,158.823
4777,16.641
4778,9.58
4779,8.118
4780,55.25
4781,60.87
4782,18.53214286
4783,16.20874359
4784,17.182
4785,18.2955625
4786,31.24215385
4787,20.3776087
4788,39.97375
4789,18.1925
4790,22.1
4791,47.84837037
4792,13.11525
4793,18.64264
4794,12.35588235
4795,15.40377778
4796,20.43008333
4797,29.942625
4798,27.23911864
4799,18.84548718
4800,26.4498867
4801,10.83275
4802,26.51269565
4803,17.44569231
4804,14.350125
4805,11.28285714
4806,16.05676923
4807,34.02059211
4808,93.71425
4809,16.29053333
4810,14.4382
4811,17.34364706
4812,39.39984314
4813,46.06451282
4814,12.32981818
4815,20.27896296
4816,107.4521429
4817,24.84390244
4818,15.46
4819,27.09825
4820,28.60820513
4821,20.7195
4822,46.5274
4823,20.35378947
4824,37.00904545
4825,22.78208333
4826,10.42388889
4827,19.93814035
4828,11.370625
4829,30.61932203
4830,23.585
4831,36.64326667
4832,137.5695455
4833,20.03375
4834,78.07322727
4835,41.616
4836,14.293
4837,26.803
4838,57.92693548
4839,7.712
4840,7.863333333
4841,17.22277778
4842,30.236875
4843,7.92
4844,59.0
4845,36.38445588
4846,31.5255
4847,37.46857143
4848,11.389
4849,107.6705126
4850,31.30566667
4851,37.32636
4852,53.78571429
4853,62.39565385
4854,12.47666667
4855,19.08518182
4856,34.19
4857,43.54851613
4858,16.4455
4859,27.78966667
4860,17.03876744
4861,11.63114286
4862,22.36209302
4863,20.49710714
4864,107.6705126
4865,115.533
4866,22.35277778
4867,22.455
4868,13.24516667
4869,43.86363077
4870,33.70615385
4871,16.67175
4872,37.31523077
4873,30.86290909
4874,11.7129
4875,10.9158
4876,25.08266667
4877,35.28132353
4878,30.0062
4879,35.81481651
4880,9.358333333
4881,30.3775
4882,23.16515789
4883,22.69
4884,43.08
4885,10.32442857
4886,37.52210345
4887,33.25025
4888,30.5976
4889,17.91985714
4890,20.7206
4891,36.21929825
4892,36.35965
4893,82.06090909
4894,16.80266667
4895,21.407
4896,20.37
4897,50.96109091
4898,37.01736842
4899,24.84
4900,22.95383333
4901,29.151
4902,6.050333333
4903,20.1241875
4904,8.17
4905,35.86943902
4906,20.65665217
4907,31.1045119
4908,39.7374
4909,12.61125
4910,11.745
4911,158.7922667
4912,45.6995
4913,17.587
4914,8.4656
4915,17.31241935
4916,11.49625
4917,13.191
4918,18.16715385
4919,23.01661538
4920,22.127
4921,81.295
4922,17.5296
4923,28.379
4924,49.28583333
4925,31.79107143
4926,59.4905
4927,19.71783333
4928,35.34
4929,6.494
4930,40.7645
4931,72.79589474
4932,61.86283333
4933,28.9602
4934,9.5628
4935,35.25972727
4936,145.6466667
4937,11.81928571
4938,30.65053846
4939,31.7425
4940,13.70454545
4941,11.9845625
4942,9.8628
4943,43.06842105
4944,14.76166667
4945,135.1055
4946,38.39725
4947,23.245
4948,52.95719388
4949,13.818
4950,49.82277778
4951,38.48247059
4952,25.29875
4953,69.397
4954,66.58842105
4955,264.675
4956,32.898125
4957,3.3322
4958,34.10357143
4959,43.97
4960,11.263
4961,18.19842857
4962,32.11766667
4963,43.9745
4964,29.57028571
4965,12.84981818
4966,36.70125
4967,53.792
4968,83.50125
4969,30.92666667
4970,3.781
4971,13.88308333
4972,21.01833333
4973,23.90933333
4974,34.33029412
4975,9.999666667
4976,76.71
4977,8.400222222
4978,36.90769355
4979,17.42714286
4980,55.2
4981,51.646
4982,30.081
4983,39.70773684
4984,12.25
4985,77.41666667
4986,13.31085714
4987,38.79428571
4988,26.19775
4989,32.723
4990,12.73581818
4991,114.8758333
4992,11.34
4993,29.043
4994,12.241
4995,39.35238095
4996,25.94322222
4997,23.16515789
4998,17.182
4999,5.758
5000,6.895
5001,14.7754
5002,15.764
5003,13.137
5004,110.0985
5005,25.39952941
5006,15.6985
5007,43.9745
5008,14.333375
5009,9.58
5010,71.602
5011,18.6532
5012,12.924
5013,57.22905851
5014,134.789
5015,21.76576923
5016,108.7471951
5017,8.118
5018,61.235
5019,646.605
5020,111.993
5021,93.42433333
5022,14.275
5023,50.143
5024,28.735
5025,50.94
5026,116.545
5027,64.59222222
5028,92.798
5029,14.93453333
5030,16.641
5031,27.4386
5032,106.82
5033,4.626333333
5034,10.54685714
5035,28.295
5036,15.16166667
5037,6.587333333
5038,15.11811765
5039,18.53214286
5040,16.20874359
5041,18.2955625
5042,17.182
5043,31.24215385
5044,20.3776087
5045,18.1925
5046,39.97375
5047,13.11525
5048,15.40377778
5049,22.1
5050,47.84837037
5051,20.43008333
5052,12.35588235
5053,18.64264
5054,29.942625
5055,18.84548718
5056,27.23911864
5057,10.83275
5058,14.350125
5059,11.28285714
5060,17.44569231
5061,14.4382
5062,26.51269565
5063,16.05676923
5064,16.29053333
5065,26.4498867
5066,93.71425
5067,17.34364706
5068,20.27896296
5069,39.39984314
5070,46.06451282
5071,34.02059211
5072,107.4521429
5073,27.09825
5074,24.84390244
5075,20.35378947
5076,20.7195
5077,10.42388889
5078,12.32981818
5079,37.00904545
5080,23.585
5081,36.64326667
5082,19.93814035
5083,137.5695455
5084,46.5274
5085,15.46
5086,41.616
5087,28.60820513
5088,11.370625
5089,22.78208333
5090,7.863333333
5091,7.712
5092,26.803
5093,30.236875
5094,78.07322727
5095,7.92
5096,14.293
5097,31.30566667
5098,11.63114286
5099,37.32636
5100,31.5255
5101,59.0
5102,17.22277778
5103,36.38445588
5104,11.389
5105,57.92693548
5106,62.39565385
5107,22.35277778
5108,11.7129
5109,107.6705126
5110,12.47666667
5111,27.78966667
5112,107.6705126
5113,34.19
5114,33.70615385
5115,16.4455
5116,20.49710714
5117,37.46857143
5118,19.08518182
5119,10.9158
5120,17.03876744
5121,43.54851613
5122,115.533
5123,16.67175
5124,30.0062
5125,25.08266667
5126,53.78571429
5127,10.32442857
5128,6.050333333
5129,30.86290909
5130,33.25025
5131,9.358333333
5132,23.16515789
5133,17.91985714
5134,22.455
5135,36.35965
5136,21.407
5137,43.08
5138,12.61125
5139,37.52210345
5140,20.65665217
5141,16.80266667
5142,11.49625
5143,35.28132353
5144,35.86943902
5145,20.37
5146,24.84
5147,29.151
5148,22.69
5149,30.5976
5150,22.95383333
5151,35.81481651
5152,11.745
5153,43.86363077
5154,22.36209302
5155,13.24516667
5156,8.4656
5157,37.01736842
5158,11.81928571
5159,37.31523077
5160,36.21929825
5161,23.01661538
5162,158.7922667
5163,28.379
5164,18.16715385
5165,82.06090909
5166,17.5296
5167,13.191
5168,81.295
5169,30.3775
5170,22.127
5171,11.9845625
5172,17.587
5173,59.4905
5174,45.6995
5175,17.31241935
5176,6.494
5177,20.03375
5178,3.3322
5179,35.34
5180,39.7374
5181,31.79107143
5182,50.96109091
5183,40.7645
5184,12.84981818
5185,13.818
5186,35.25972727
5187,19.71783333
5188,8.400222222
5189,11.263
5190,38.39725
5191,20.1241875
5192,28.9602
5193,31.7425
5194,14.76166667
5195,9.5628
5196,38.48247059
5197,9.999666667
5198,3.781
5199,21.01833333
5200,34.33029412
5201,12.73581818
5202,145.6466667
5203,135.1055
5204,69.397
5205,13.31085714
5206,61.86283333
5207,13.70454545
5208,264.675
5209,34.10357143
5210,43.06842105
5211,30.92666667
5212,8.17
5213,49.82277778
5214,6.895
5215,25.29875
5216,11.34
5217,49.28583333
5218,43.9745
5219,23.90933333
5220,9.58
5221,12.25
5222,29.57028571
5223,29.043
5224,23.245
5225,9.8628
5226,5.758
5227,12.241
5228,114.8758333
5229,18.19842857
5230,43.97
5231,36.70125
5232,72.79589474
5233,17.182
5234,55.2
5235,17.42714286
5236,38.79428571
5237,8.118
5238,30.081
5239,43.9745
5240,14.275
5241,76.71
5242,53.792
5243,52.95719388
5244,13.137
5245,83.50125
5246,18.6532
5247,23.16515789
5248,110.0985
5249,15.764
5250,32.898125
5251,31.1045119
5252,36.90769355
5253,15.6985
5254,71.602
5255,30.61932203
5256,21.76576923
5257,30.65053846
5258,50.143
5259,51.646
5260,14.93453333
5261,4.626333333
5262,61.235
5263,134.789
5264,12.924
5265,15.11811765
5266,108.7471951
5267,646.605
5268,93.42433333
5269,10.54685714
5270,26.19775
5271,6.587333333
5272,111.993
5273,92.798
5274,39.70773684
5275,106.82
5276,28.735
5277,16.641
5278,32.99
5279,57.22905851
5280,13.2218
5281,18.53214286
5282,16.20874359
5283,18.2955625
5284,17.182
5285,31.24215385
5286,20.3776087
5287,18.1925
5288,15.40377778
5289,13.11525
5290,39.97375
5291,47.84837037
5292,22.1
5293,20.43008333
5294,18.84548718
5295,12.35588235
5296,29.942625
5297,10.83275
5298,11.28285714
5299,18.64264
5300,14.350125
5301,27.23911864
5302,17.44569231
5303,14.4382
5304,16.29053333
5305,16.05676923
5306,93.71425
5307,26.51269565
5308,17.34364706
5309,20.27896296
5310,39.39984314
5311,46.06451282
5312,27.09825
5313,20.35378947
5314,10.42388889
5315,107.4521429
5316,20.7195
5317,24.84390244
5318,34.02059211
5319,23.585
5320,37.00904545
5321,26.4498867
5322,36.64326667
5323,19.93814035
5324,137.5695455
5325,7.863333333
5326,11.63114286
5327,41.616
5328,31.30566667
5329,7.712
5330,46.5274
5331,26.803
5332,11.7129
5333,7.92
5334,37.32636
5335,30.236875
5336,12.32981818
5337,22.35277778
5338,11.370625
5339,10.9158
5340,107.6705126
5341,33.70615385
5342,31.5255
5343,62.39565385
5344,22.78208333
5345,59.0
5346,6.050333333
5347,27.78966667
5348,78.07322727
5349,36.38445588
5350,14.293
5351,20.49710714
5352,34.19
5353,107.6705126
5354,12.47666667
5355,28.60820513
5356,11.389
5357,10.32442857
5358,17.03876744
5359,16.67175
5360,19.08518182
5361,15.46
5362,30.0062
5363,115.533
5364,17.22277778
5365,16.4455
5366,25.08266667
5367,12.61125
5368,57.92693548
5369,33.25025
5370,11.49625
5371,43.54851613
5372,21.407
5373,37.46857143
5374,11.81928571
5375,17.91985714
5376,20.65665217
5377,9.358333333
5378,36.35965
5379,23.16515789
5380,30.86290909
5381,43.08
5382,35.86943902
5383,53.78571429
5384,11.9845625
5385,37.52210345
5386,8.4656
5387,3.3322
5388,11.745
5389,20.37
5390,29.151
5391,24.84
5392,12.84981818
5393,28.379
5394,23.01661538
5395,8.400222222
5396,22.455
5397,22.95383333
5398,17.5296
5399,18.16715385
5400,81.295
5401,16.80266667
5402,59.4905
5403,13.191
5404,6.494
5405,30.5976
5406,158.7922667
5407,37.01736842
5408,12.73581818
5409,13.818
5410,22.127
5411,35.34
5412,11.263
5413,22.69
5414,9.999666667
5415,3.781
5416,13.31085714
5417,35.25972727
5418,40.7645
5419,35.28132353
5420,34.33029412
5421,17.31241935
5422,31.79107143
5423,35.81481651
5424,21.01833333
5425,9.58
5426,6.895
5427,17.587
5428,38.39725
5429,82.06090909
5430,45.6995
5431,38.48247059
5432,69.397
5433,11.34
5434,8.118
5435,31.7425
5436,9.5628
5437,5.758
5438,28.9602
5439,36.21929825
5440,14.76166667
5441,19.71783333
5442,14.275
5443,29.043
5444,12.241
5445,135.1055
5446,39.7374
5447,17.182
5448,30.92666667
5449,43.9745
5450,114.8758333
5451,12.25
5452,34.10357143
5453,264.675
5454,145.6466667
5455,43.06842105
5456,4.626333333
5457,13.137
5458,43.9745
5459,18.6532
5460,30.3775
5461,14.93453333
5462,23.90933333
5463,50.96109091
5464,43.97
5465,15.11811765
5466,110.0985
5467,29.57028571
5468,55.2
5469,15.764
5470,50.143
5471,71.602
5472,15.6985
5473,23.16515789
5474,17.42714286
5475,38.79428571
5476,18.19842857
5477,10.54685714
5478,21.76576923
5479,49.82277778
5480,25.29875
5481,36.70125
5482,30.081
5483,61.86283333
5484,61.235
5485,6.587333333
5486,134.789
5487,13.2218
5488,20.1241875
5489,646.605
5490,108.7471951
5491,7.55925
5492,93.42433333
5493,32.99
5494,7.508333333
5495,31.46033929
5496,13.43333333
5497,106.82
5498,36.166625
5499,76.71
5500,6.239
5501,38.66975
5502,92.798
5503,16.74091176
5504,15.8783125
5505,13.24516667
5506,18.53214286
5507,16.20874359
5508,18.2955625
5509,17.182
5510,31.24215385
5511,20.3776087
5512,15.40377778
5513,18.1925
5514,13.11525
5515,47.84837037
5516,18.84548718
5517,20.43008333
5518,39.97375
5519,22.1
5520,11.28285714
5521,14.350125
5522,10.83275
5523,27.23911864
5524,12.35588235
5525,29.942625
5526,14.4382
5527,17.44569231
5528,18.64264
5529,16.29053333
5530,16.05676923
5531,20.27896296
5532,93.71425
5533,17.34364706
5534,39.39984314
5535,46.06451282
5536,27.09825
5537,26.51269565
5538,20.35378947
5539,10.42388889
5540,20.7195
5541,107.4521429
5542,23.585
5543,37.00904545
5544,36.64326667
5545,19.93814035
5546,11.63114286
5547,137.5695455
5548,11.7129
5549,7.863333333
5550,31.30566667
5551,24.84390244
5552,41.616
5553,34.02059211
5554,37.32636
5555,22.35277778
5556,6.050333333
5557,7.92
5558,10.9158
5559,33.70615385
5560,26.803
5561,107.6705126
5562,30.236875
5563,7.712
5564,62.39565385
5565,31.5255
5566,27.78966667
5567,46.5274
5568,10.32442857
5569,59.0
5570,20.49710714
5571,11.81928571
5572,34.19
5573,11.49625
5574,12.61125
5575,16.67175
5576,30.0062
5577,17.03876744
5578,36.38445588
5579,115.533
5580,107.6705126
5581,33.25025
5582,19.08518182
5583,78.07322727
5584,25.08266667
5585,20.65665217
5586,11.389
5587,21.407
5588,11.370625
5589,26.4498867
5590,11.9845625
5591,17.91985714
5592,16.4455
5593,3.3322
5594,12.47666667
5595,8.400222222
5596,9.358333333
5597,12.84981818
5598,36.35965
5599,23.16515789
5600,14.293
5601,35.86943902
5602,8.4656
5603,22.78208333
5604,43.54851613
5605,37.46857143
5606,57.92693548
5607,12.73581818
5608,30.86290909
5609,37.52210345
5610,11.745
5611,43.08
5612,28.379
5613,23.01661538
5614,20.37
5615,17.5296
5616,24.84
5617,12.32981818
5618,29.151
5619,81.295
5620,59.4905
5621,13.31085714
5622,6.494
5623,9.58
5624,11.263
5625,13.818
5626,9.999666667
5627,18.16715385
5628,28.60820513
5629,3.781
5630,6.895
5631,13.191
5632,22.95383333
5633,53.78571429
5634,35.34
5635,8.118
5636,158.7922667
5637,34.33029412
5638,21.01833333
5639,5.758
5640,17.22277778
5641,35.25972727
5642,14.275
5643,37.01736842
5644,22.127
5645,11.34
5646,40.7645
5647,16.80266667
5648,38.39725
5649,30.5976
5650,38.48247059
5651,31.79107143
5652,17.31241935
5653,17.182
5654,29.043
5655,69.397
5656,22.455
5657,9.5628
5658,43.9745
5659,12.241
5660,4.626333333
5661,31.7425
5662,114.8758333
5663,12.25
5664,28.9602
5665,82.06090909
5666,15.11811765
5667,17.587
5668,14.93453333
5669,13.137
5670,30.92666667
5671,18.6532
5672,135.1055
5673,14.76166667
5674,22.69
5675,34.10357143
5676,13.2218
5677,10.54685714
5678,264.675
5679,50.143
5680,110.0985
5681,45.6995
5682,7.55925
5683,6.587333333
5684,71.602
5685,43.06842105
5686,7.508333333
5687,15.6985
5688,43.9745
5689,21.76576923
5690,6.239
5691,15.46
5692,61.235
5693,23.16515789
5694,134.789
5695,36.166625
5696,16.74091176
5697,13.43333333
5698,32.99
5699,19.71783333
5700,23.90933333
5701,55.2
5702,30.081
5703,38.79428571
5704,646.605
5705,15.764
5706,43.97
5707,35.28132353
5708,93.42433333
5709,108.7471951
5710,38.66975
5711,18.97175
5712,15.8783125
5713,145.6466667
5714,106.82
5715,17.42714286
5716,29.57028571
5717,35.81481651
5718,4.968
5719,92.798
5720,18.19842857
5721,16.20874359
5722,18.53214286
5723,18.2955625
5724,17.182
5725,31.24215385
5726,15.40377778
5727,20.3776087
5728,13.11525
5729,18.1925
5730,18.84548718
5731,47.84837037
5732,20.43008333
5733,11.28285714
5734,14.350125
5735,22.1
5736,10.83275
5737,27.23911864
5738,14.4382
5739,39.97375
5740,29.942625
5741,12.35588235
5742,16.29053333
5743,17.44569231
5744,17.34364706
5745,20.27896296
5746,39.39984314
5747,10.42388889
5748,93.71425
5749,16.05676923
5750,46.06451282
5751,20.35378947
5752,27.09825
5753,18.64264
5754,26.51269565
5755,20.7195
5756,23.585
5757,11.63114286
5758,11.7129
5759,36.64326667
5760,37.00904545
5761,107.4521429
5762,19.93814035
5763,7.863333333
5764,31.30566667
5765,6.050333333
5766,137.5695455
5767,10.9158
5768,22.35277778
5769,37.32636
5770,41.616
5771,33.70615385
5772,7.92
5773,11.81928571
5774,107.6705126
5775,24.84390244
5776,62.39565385
5777,31.5255
5778,26.803
5779,11.49625
5780,12.61125
5781,27.78966667
5782,30.236875
5783,10.32442857
5784,34.19
5785,16.67175
5786,20.49710714
5787,34.02059211
5788,30.0062
5789,33.25025
5790,7.712
5791,8.400222222
5792,59.0
5793,11.9845625
5794,17.03876744
5795,20.65665217
5796,3.3322
5797,12.84981818
5798,115.533
5799,25.08266667
5800,21.407
5801,46.5274
5802,19.08518182
5803,107.6705126
5804,11.389
5805,17.91985714
5806,36.38445588
5807,12.73581818
5808,8.4656
5809,9.358333333
5810,36.35965
5811,35.86943902
5812,23.16515789
5813,9.58
5814,16.4455
5815,78.07322727
5816,13.31085714
5817,28.379
5818,8.118
5819,11.745
5820,23.01661538
5821,3.781
5822,17.5296
5823,9.999666667
5824,6.895
5825,37.52210345
5826,11.263
5827,5.758
5828,13.818
5829,6.494
5830,59.4905
5831,81.295
5832,43.08
5833,37.46857143
5834,20.37
5835,14.275
5836,34.33029412
5837,30.86290909
5838,21.01833333
5839,18.16715385
5840,11.34
5841,43.54851613
5842,29.151
5843,35.34
5844,24.84
5845,13.191
5846,158.7922667
5847,11.370625
5848,17.182
5849,14.293
5850,22.95383333
5851,4.626333333
5852,35.25972727
5853,29.043
5854,43.9745
5855,9.5628
5856,22.127
5857,38.39725
5858,38.48247059
5859,12.241
5860,40.7645
5861,15.11811765
5862,57.92693548
5863,12.47666667
5864,69.397
5865,37.01736842
5866,114.8758333
5867,13.2218
5868,14.93453333
5869,31.79107143
5870,12.25
5871,31.7425
5872,13.137
5873,7.55925
5874,7.508333333
5875,30.5976
5876,18.6532
5877,6.239
5878,10.54685714
5879,6.587333333
5880,17.31241935
5881,28.9602
5882,16.74091176
5883,50.143
5884,110.0985
5885,36.166625
5886,71.602
5887,30.92666667
5888,15.6985
5889,13.43333333
5890,34.10357143
5891,21.76576923
5892,82.06090909
5893,18.97175
5894,32.99
5895,16.80266667
5896,61.235
5897,134.789
5898,135.1055
5899,38.66975
5900,4.968
5901,15.8783125
5902,22.78208333
5903,264.675
5904,43.9745
5905,23.16515789
5906,646.605
5907,14.76166667
5908,93.42433333
5909,108.7471951
5910,43.06842105
5911,53.78571429
5912,106.82
5913,9.18075
5914,30.081
5915,9.9475
5916,55.2
5917,23.90933333
5918,16.20874359
5919,18.53214286
5920,18.2955625
5921,17.182
5922,15.40377778
5923,31.24215385
5924,20.3776087
5925,13.11525
5926,18.1925
5927,18.84548718
5928,47.84837037
5929,11.28285714
5930,14.350125
5931,20.43008333
5932,27.23911864
5933,14.4382
5934,10.83275
5935,22.1
5936,29.942625
5937,10.42388889
5938,16.29053333
5939,17.44569231
5940,17.34364706
5941,39.39984314
5942,12.35588235
5943,20.35378947
5944,46.06451282
5945,93.71425
5946,27.09825
5947,20.27896296
5948,39.97375
5949,11.7129
5950,16.05676923
5951,20.7195
5952,11.63114286
5953,6.050333333
5954,23.585
5955,36.64326667
5956,37.00904545
5957,31.30566667
5958,26.51269565
5959,10.9158
5960,11.81928571
5961,18.64264
5962,137.5695455
5963,19.93814035
5964,7.863333333
5965,22.35277778
5966,37.32636
5967,33.70615385
5968,107.4521429
5969,107.6705126
5970,11.49625
5971,12.61125
5972,7.92
5973,41.616
5974,8.400222222
5975,31.5255
5976,62.39565385
5977,10.32442857
5978,27.78966667
5979,12.84981818
5980,33.25025
5981,11.9845625
5982,3.3322
5983,30.0062
5984,26.803
5985,20.65665217
5986,34.19
5987,16.67175
5988,30.236875
5989,17.03876744
5990,20.49710714
5991,115.533
5992,21.407
5993,24.84390244
5994,11.389
5995,12.73581818
5996,59.0
5997,9.58
5998,25.08266667
5999,8.118
6000,13.31085714
6001,5.758
6002,8.4656
6003,19.08518182
6004,35.86943902
6005,17.91985714
6006,7.712
6007,107.6705126
6008,3.781
6009,6.895
6010,9.999666667
6011,14.275
6012,36.35965
6013,9.358333333
6014,11.263
6015,28.379
6016,23.16515789
6017,23.01661538
6018,17.5296
6019,11.745
6020,13.818
6021,59.4905
6022,6.494
6023,36.38445588
6024,81.295
6025,46.5274
6026,16.4455
6027,11.34
6028,34.02059211
6029,37.52210345
6030,34.33029412
6031,21.01833333
6032,17.182
6033,4.626333333
6034,78.07322727
6035,43.08
6036,37.46857143
6037,13.191
6038,15.11811765
6039,43.9745
6040,20.37
6041,29.043
6042,158.7922667
6043,13.2218
6044,9.5628
6045,7.55925
6046,35.34
6047,6.239
6048,7.508333333
6049,12.241
6050,18.16715385
6051,38.48247059
6052,30.86290909
6053,35.25972727
6054,14.93453333
6055,114.8758333
6056,29.151
6057,13.137
6058,69.397
6059,38.39725
6060,22.127
6061,16.74091176
6062,6.587333333
6063,12.25
6064,22.95383333
6065,10.54685714
6066,18.6532
6067,40.7645
6068,31.7425
6069,36.166625
6070,18.97175
6071,13.43333333
6072,50.143
6073,9.18075
6074,110.0985
6075,4.968
6076,24.84
6077,31.79107143
6078,71.602
6079,32.99
6080,15.6985
6081,37.01736842
6082,38.66975
6083,9.9475
6084,61.235
6085,15.8783125
6086,134.789
6087,4.536
6088,21.76576923
6089,28.9602
6090,21.084
6091,30.5976
6092,30.92666667
6093,106.82
6094,93.42433333
6095,646.605
6096,34.10357143
6097,108.7471951
6098,43.54851613
6099,55.2
6100,30.081
6101,23.16515789
