,Total
0,1293390
1,1240602
2,841383
3,581847
4,552984
5,547144
6,455447
7,443605
8,422837
9,396188
10,392460
11,387035
12,380521
13,296091
14,275602
15,274614
16,258124
17,256455
18,256114
19,251753
20,243925
21,207716
22,203185
23,
24,187569
25,186698
26,184222
27,169329
28,163108
29,158564
30,156802
31,154894
32,
33,148576
34,148446
35,144659
36,142237
37,140639
38,134165
39,130632
40,127281
41,127281
42,127281
43,127281
44,124949
45,121566
46,121566
47,119305
48,112629
49,107356
50,106796
51,106796
52,106514
53,105385
54,
55,101859
56,"99,504"
57,"97,090"
58,"96,939"
59,"95,320"
60,"93,405"
61,"93,384"
62,"92,422"
63,"90,817"
64,"90,559"
65,
66,"90,079"
67,"89,680"
68,"89,371"
69,"86,809"
70,"86,198"
71,"82,232"
72,"82,030"
73,"81,294"
74,"80,790"
75,
76,"78,657"
77,"74,674"
78,"70,042"
79,"70,001"
80,"67,730"
81,"64,302"
82,"63,675"
83,"62,415"
84,"61,335"
85,"59,685"
86,"59,182"
87,"58,992"
88,"58,825"
89,"58,391"
90,"58,177"
91,"57,445"
92,"56,357"
93,"56,169"
94,"55,803"
95,"55,498"
96,"53,959"
97,"52,170"
98,"52,160"
99,"51,834"
100,"51,825"
101,"51,614"
102,"51,490"
103,"50,657"
104,"49,791"
105,"48,805"
106,"46,703"
107,"45,928"
108,"44,847"
109,"43,876"
110,"43,742"
111,"43,527"
112,"42,273"
113,"42,173"
114,"41,308"
115,"40,319"
116,"39,396"
117,"36,741"
118,"36,699"
119,"36,406"
120,"35,521"
121,"34,977"
122,"34,876"
123,"34,850"
124,"34,327"
125,"33,552"
126,"33,512"
127,"33,372"
128,"32,520"
129,"31,933"
130,"31,655"
131,"30,708"
132,"30,705"
133,"30,389"
134,"29,697"
135,"29,553"
136,"29,537"
137,"29,196"
138,"28,841"
139,"28,470"
140,"27,942"
141,"27,324"
142,"27,258"
143,"26,969"
144,"26,865"
145,"26,157"
146,"25,113"
147,"24,771"
148,"24,651"
149,"24,611"
150,"23,665"
151,"22,660"
152,"22,529"
153,"22,359"
154,"22,091"
155,"22,045"
156,"21,858"
157,"21,553"
158,"21,272"
159,"21,225"
160,"21,177"
161,"20,483"
162,"20,393"
163,"20,253"
164,"20,090"
165,"20,054"
166,"20,048"
167,"19,938"
168,"19,546"
169,"19,529"
170,"19,515"
171,"19,427"
172,"18,804"
173,"18,359"
174,"18,178"
175,"17,860"
176,"17,730"
177,"17,624"
178,"17,617"
179,"17,134"
180,"17,083"
181,"17,070"
182,"17,059"
183,"16,974"
184,"16,872"
185,"16,641"
186,"16,461"
187,"16,431"
188,"16,412"
189,"15,691"
190,"15,613"
191,"15,469"
192,"15,258"
193,"15,233"
194,"14,623"
195,"14,512"
196,"14,267"
197,"14,262"
198,"14,210"
199,"14,183"
200,"13,956"
201,"13,667"
202,"13,571"
203,"13,539"
204,"13,500"
205,"13,409"
206,"13,241"
207,"12,986"
208,"12,979"
209,"12,936"
210,"12,875"
211,"12,744"
212,"10,739"
213,"11,720"
214,"12,717"
215,"12,710"
216,"12,606"
217,"12,207"
218,"11,128"
219,"11,922"
220,"11,617"
221,"11,528"
222,"10,805"
223,"10,774"
224,"10,750"
225,"10,294"
226,"10,075"
227,"10,068"
228,"9,231"
229,"9,215"
230,"9,032"
231,"9,001"
232,"8,957"
233,"8,943"
234,"8,754"
235,"8,684"
236,"8,669"
237,"8,614"
238,"8,607"
239,"8,567"
240,"8,512"
241,"8,342"
242,"8,258"
243,"8,036"
244,"7,966"
245,"7,935"
246,"7,893"
247,"7,873"
248,"7,697"
249,"7,580"
250,"7,505"
251,"7,308"
252,"7,248"
253,"7,245"
254,"7,191"
255,"7,083"
256,"7,007"
257,"6,818"
258,"6,807"
259,"6,784"
260,"6,705"
261,"6,667"
262,"6,440"
263,"6,373"
264,"6,271"
265,"6,220"
266,"6,162"
267,"6,156"
268,"6,149"
269,"6,109"
270,"5,990"
271,"5,986"
272,"5,891"
273,"5,813"
274,"5,794"
275,"5,647"
276,"5,423"
277,"5,420"
278,"5,352"
279,"5,257"
280,"5,139"
281,"4,826"
282,"4,793"
283,"4,742"
284,"4,674"
285,"4,635"
286,"4,528"
287,"4,357"
288,"4,327"
289,"4,278"
290,"4,216"
291,"4,182"
292,"4,174"
293,"4,173"
294,"4,162"
295,"4,107"
296,"4,067"
297,"4,044"
298,"3,934"
299,"3,819"
300,"3,785"
301,"3,772"
302,"3,711"
303,"3,667"
304,"3,662"
305,"3,591"
306,"3,495"
307,"3,476"
308,"3,453"
309,"3,447"
310,"3,429"
311,"3,425"
312,"3,415"
313,"3,343"
314,"3,339"
315,"3,183"
316,"3,179"
317,"3,163"
318,"3,126"
319,"2,976"
320,"2,975"
321,"2,948"
322,"2,930"
323,"2,918"
324,"2,893"
325,"2,851"
326,"2,795"
327,"2,784"
328,"2,758"
329,"2,702"
330,"2,695"
331,"2,693"
332,"2,688"
333,"2,674"
334,"2,655"
335,"2,628"
336,"2,562"
337,"2,472"
338,"2,472"
339,"2,457"
340,"2,452"
341,"2,431"
342,"2,398"
343,"2,378"
344,"2,332"
345,"2,324"
346,"2,319"
347,"2,286"
348,"2,233"
349,"2,227"
350,"2,212"
351,"2,201"
352,"2,179"
353,"2,177"
354,"2,159"
355,"2,127"
356,"2,060"
357,"2,041"
358,"2,031"
359,"2,030"
360,"2,010"
361,"1,969"
362,"1,963"
363,"1,947"
364,"1,939"
365,"1,922"
366,"1,905"
367,"1,895"
368,"1,888"
369,"1,853"
370,"1,817"
371,"1,806"
372,"1,798"
373,"1,782"
374,"1,753"
375,"1,740"
376,"1,716"
377,"1,705"
378,"1,682"
379,"1,679"
380,"1,676"
381,"1,675"
382,"1,665"
383,"1,653"
384,"1,511"
385,"1,412"
386,"1,386"
387,"1,345"
388,"1,334"
389,"1,314"
390,"1,266"
391,"1,264"
392,"1,261"
393,"1,261"
394,"1,242"
395,"1,189"
396,"1,175"
397,"1,157"
398,"1,142"
399,"1,108"
400,"1,106"
401,"1,104"
402,"1,082"
403,"1,081"
404,"1,080"
405,"1,056"
406,"1,037"
407,"1,034"
408,"1,027"
409,"1,014"
410,1273125
411,1198637
412,824931
413,608272
414,550977
415,534808
416,495435
417,484228
418,443983
419,420978
420,412560
421,402209
422,358624
423,284960
424,276242
425,272157
426,269772
427,265774
428,241501
429,238243
430,232858
431,196677
432,193320
433,182301
434,172236
435,169590
436,168970
437,166883
438,152064
439,151720
440,150215
441,148234
442,144151
443,137125
444,128418
445,126471
446,124892
447,121077
448,113825
449,108298
450,106655
451,105599
452,104304
453,103520
454,102098
455,"99,778"
456,"99,721"
457,"97,048"
458,"95,825"
459,"95,173"
460,"94,077"
461,"94,012"
462,"93,545"
463,"92,708"
464,"92,267"
465,"91,737"
466,"88,598"
467,"85,860"
468,"85,317"
469,"85,221"
470,"83,573"
471,"80,758"
472,"79,659"
473,"78,604"
474,"76,860"
475,"76,854"
476,"74,835"
477,"69,544"
478,"69,156"
479,"67,683"
480,"65,687"
481,"65,615"
482,"65,055"
483,"64,939"
484,"62,671"
485,"61,367"
486,"60,390"
487,"60,191"
488,"59,421"
489,"58,436"
490,"54,639"
491,"53,714"
492,"53,044"
493,"52,348"
494,"51,401"
495,"50,451"
496,"49,760"
497,"47,530"
498,"46,554"
499,"45,570"
500,"45,321"
501,"44,627"
502,"44,277"
503,"42,796"
504,"42,748"
505,"41,813"
506,"41,693"
507,"41,399"
508,"40,373"
509,"40,224"
510,"39,616"
511,"39,203"
512,"38,777"
513,"38,224"
514,"37,648"
515,"37,282"
516,"37,051"
517,"36,833"
518,"36,713"
519,"35,891"
520,"35,126"
521,"35,033"
522,"34,900"
523,"34,267"
524,"33,812"
525,"33,159"
526,"32,701"
527,"32,465"
528,"32,018"
529,"31,917"
530,"31,487"
531,"30,675"
532,"30,468"
533,"30,302"
534,"29,545"
535,"29,204"
536,"28,979"
537,"28,738"
538,"28,699"
539,"28,115"
540,"27,790"
541,"27,299"
542,"25,120"
543,"23,836"
544,"23,695"
545,"23,420"
546,"23,360"
547,"22,968"
548,"22,258"
549,"22,014"
550,"21,985"
551,"21,088"
552,"21,055"
553,"20,713"
554,"20,644"
555,"20,474"
556,"20,376"
557,"20,286"
558,"20,243"
559,"20,201"
560,"19,277"
561,"19,268"
562,"18,899"
563,"18,804"
564,"18,525"
565,"18,356"
566,"18,233"
567,"18,193"
568,"17,832"
569,"17,682"
570,"17,650"
571,"17,519"
572,"17,356"
573,"17,292"
574,"17,126"
575,"16,993"
576,"16,803"
577,"16,756"
578,"16,637"
579,"16,578"
580,"16,403"
581,"16,387"
582,"16,240"
583,"16,100"
584,"16,004"
585,"15,652"
586,"15,511"
587,"15,399"
588,"15,249"
589,"14,714"
590,"14,707"
591,"14,675"
592,"14,558"
593,"14,534"
594,"14,048"
595,"13,941"
596,"13,868"
597,"13,845"
598,"13,692"
599,"13,649"
600,"13,598"
601,"13,337"
602,"13,191"
603,"13,169"
604,"13,020"
605,"12,939"
606,"12,895"
607,"12,572"
608,"12,496"
609,"12,460"
610,"12,300"
611,"12,222"
612,"12,213"
613,"12,112"
614,"12,027"
615,"11,989"
616,"11,833"
617,"11,777"
618,"11,729"
619,"11,594"
620,"11,522"
621,"11,419"
622,"11,168"
623,"11,088"
624,"11,026"
625,"10,502"
626,"10,499"
627,"10,020"
628,"9,991"
629,"9,851"
630,"9,787"
631,"9,643"
632,"9,262"
633,"9,000"
634,"8,984"
635,"8,839"
636,"8,715"
637,"8,584"
638,"8,414"
639,"8,401"
640,"8,225"
641,"8,159"
642,"8,099"
643,"8,099"
644,"8,031"
645,"7,838"
646,"7,575"
647,"7,548"
648,"7,323"
649,"7,235"
650,"7,112"
651,"7,105"
652,"7,016"
653,"6,929"
654,"6,767"
655,"6,688"
656,"6,653"
657,"6,546"
658,"6,318"
659,"6,316"
660,"6,315"
661,"6,306"
662,"6,302"
663,"6,023"
664,"5,831"
665,"5,818"
666,"5,776"
667,"5,608"
668,"5,584"
669,"5,458"
670,"5,450"
671,"5,440"
672,"5,436"
673,"5,420"
674,"5,201"
675,"5,177"
676,"5,172"
677,"5,059"
678,"5,056"
679,"5,041"
680,"5,022"
681,"4,996"
682,"4,818"
683,"4,539"
684,"4,491"
685,"4,453"
686,"4,195"
687,"4,094"
688,"3,937"
689,"3,920"
690,"3,920"
691,"3,831"
692,"3,821"
693,"3,817"
694,"3,744"
695,"3,724"
696,"3,717"
697,"3,623"
698,"3,622"
699,"3,609"
700,"3,603"
701,"3,565"
702,"3,558"
703,"3,514"
704,"3,503"
705,"3,496"
706,"3,458"
707,"3,427"
708,"3,425"
709,"3,407"
710,"3,360"
711,"3,315"
712,"3,266"
713,"3,265"
714,"3,257"
715,"3,247"
716,"3,195"
717,"3,148"
718,"3,073"
719,"3,057"
720,"3,055"
721,"3,047"
722,"2,953"
723,"2,953"
724,"2,942"
725,"2,938"
726,"2,831"
727,"2,805"
728,"2,720"
729,"2,675"
730,"2,637"
731,"2,626"
732,"2,607"
733,"2,558"
734,"2,489"
735,"2,449"
736,"2,335"
737,"2,314"
738,"2,301"
739,"2,295"
740,"2,283"
741,"2,266"
742,"2,255"
743,"2,239"
744,"2,156"
745,"2,155"
746,"2,154"
747,"2,151"
748,"2,108"
749,"2,105"
750,"2,099"
751,"2,073"
752,"2,061"
753,"2,008"
754,"1,985"
755,"1,958"
756,"1,948"
757,"1,920"
758,"1,882"
759,"1,865"
760,"1,817"
761,"1,780"
762,"1,726"
763,"1,686"
764,"1,666"
765,"1,635"
766,"1,597"
767,"1,589"
768,"1,562"
769,"1,556"
770,"1,521"
771,"1,493"
772,"1,468"
773,"1,431"
774,"1,426"
775,"1,382"
776,"1,335"
777,"1,328"
778,"1,324"
779,"1,306"
780,"1,301"
781,"1,299"
782,"1,299"
783,"1,281"
784,"1,270"
785,"1,256"
786,"1,247"
787,"1,227"
788,"1,223"
789,"1,215"
790,"1,208"
791,"1,197"
792,"1,187"
793,"1,166"
794,"1,147"
795,"1,119"
796,"1,115"
797,"1,114"
798,"1,109"
799,"1,093"
800,"1,054"
801,"1,042"
802,"1,012"
803,"1,001"
804,1235837
805,1169492
806,807333
807,634005
808,552782
809,525508
810,524426
811,520099
812,463783
813,452802
814,427344
815,406485
816,338403
817,282383
818,277681
819,276803
820,275964
821,267513
822,218732
823,218332
824,212796
825,207233
826,181554
827,179642
828,173138
829,164727
830,163746
831,158113
832,154856
833,147379
834,146810
835,141226
836,139622
837,134620
838,128363
839,127483
840,126455
841,126016
842,125560
843,120615
844,117383
845,112091
846,108276
847,101559
848,100318
849,"98,725"
850,"97,740"
851,"96,843"
852,"93,436"
853,"93,351"
854,"90,616"
855,"87,078"
856,"86,290"
857,"84,359"
858,"82,040"
859,"81,497"
860,"81,450"
861,"78,493"
862,"78,439"
863,"78,379"
864,"77,529"
865,"77,223"
866,"74,188"
867,"73,118"
868,"72,281"
869,"69,682"
870,"68,439"
871,"68,221"
872,"67,880"
873,"67,006"
874,"66,234"
875,"65,065"
876,"64,976"
877,"64,070"
878,"62,146"
879,"60,878"
880,"59,486"
881,"59,485"
882,"57,576"
883,"57,366"
884,"54,400"
885,"52,717"
886,"51,530"
887,"51,403"
888,"49,607"
889,"49,517"
890,"49,441"
891,"48,863"
892,"47,637"
893,"46,980"
894,"45,952"
895,"42,174"
896,"42,156"
897,"41,609"
898,"40,735"
899,"40,707"
900,"40,475"
901,"40,415"
902,"39,870"
903,"38,503"
904,"38,147"
905,"37,501"
906,"37,382"
907,"36,828"
908,"36,306"
909,"36,192"
910,"35,112"
911,"35,024"
912,"34,193"
913,"34,047"
914,"33,612"
915,"32,755"
916,"32,619"
917,"32,325"
918,"31,036"
919,"30,286"
920,"30,004"
921,"29,639"
922,"29,367"
923,"29,185"
924,"28,714"
925,"28,561"
926,"28,459"
927,"28,150"
928,"27,501"
929,"27,108"
930,"26,978"
931,"26,713"
932,"26,419"
933,"25,901"
934,"24,880"
935,"24,780"
936,"23,217"
937,"23,048"
938,"22,659"
939,"22,542"
940,"22,520"
941,"22,500"
942,"22,398"
943,"22,234"
944,"22,116"
945,"21,751"
946,"21,465"
947,"20,892"
948,"20,615"
949,"20,600"
950,"20,412"
951,"20,142"
952,"19,822"
953,"19,543"
954,"19,293"
955,"19,180"
956,"19,169"
957,"19,150"
958,"18,972"
959,"18,781"
960,"18,626"
961,"18,544"
962,"17,790"
963,"17,751"
964,"17,697"
965,"17,351"
966,"17,321"
967,"17,192"
968,"17,188"
969,"17,147"
970,"16,760"
971,"16,636"
972,"16,568"
973,"16,293"
974,"16,151"
975,"15,720"
976,"15,667"
977,"15,566"
978,"15,534"
979,"15,525"
980,"15,409"
981,"15,325"
982,"15,220"
983,"14,869"
984,"14,762"
985,"14,715"
986,"14,656"
987,"14,593"
988,"14,529"
989,"14,422"
990,"14,315"
991,"14,123"
992,"14,076"
993,"13,984"
994,"13,876"
995,"13,693"
996,"13,605"
997,"13,584"
998,"13,516"
999,"13,028"
1000,"12,929"
1001,"12,922"
1002,"12,816"
1003,"12,442"
1004,"12,266"
1005,"12,131"
1006,"12,067"
1007,"11,583"
1008,"11,264"
1009,"11,260"
1010,"10,968"
1011,"10,964"
1012,"10,894"
1013,"10,689"
1014,"10,557"
1015,"10,539"
1016,"10,358"
1017,"10,264"
1018,"10,253"
1019,"10,248"
1020,"10,196"
1021,"9,917"
1022,"9,478"
1023,"9,296"
1024,"9,255"
1025,"9,196"
1026,"8,963"
1027,"8,747"
1028,"8,627"
1029,"8,152"
1030,"8,122"
1031,"8,104"
1032,"8,045"
1033,"7,917"
1034,"7,860"
1035,"7,828"
1036,"7,817"
1037,"7,808"
1038,"7,787"
1039,"7,733"
1040,"7,628"
1041,"7,586"
1042,"7,359"
1043,"7,130"
1044,"7,005"
1045,"7,002"
1046,"6,973"
1047,"6,972"
1048,"6,836"
1049,"6,628"
1050,"6,517"
1051,"6,304"
1052,"6,266"
1053,"6,263"
1054,"6,194"
1055,"6,184"
1056,"6,103"
1057,"6,098"
1058,"6,085"
1059,"6,065"
1060,"6,045"
1061,"5,989"
1062,"5,866"
1063,"5,785"
1064,"5,517"
1065,"5,275"
1066,"5,270"
1067,"5,246"
1068,"5,245"
1069,"5,243"
1070,"5,232"
1071,"5,204"
1072,"5,157"
1073,"4,973"
1074,"4,822"
1075,"4,796"
1076,"4,715"
1077,"4,596"
1078,"4,577"
1079,"4,438"
1080,"4,338"
1081,"4,312"
1082,"4,251"
1083,"4,225"
1084,"4,160"
1085,"4,036"
1086,"4,012"
1087,"3,856"
1088,"3,779"
1089,"3,769"
1090,"3,731"
1091,"3,678"
1092,"3,660"
1093,"3,620"
1094,"3,594"
1095,"3,570"
1096,"3,563"
1097,"3,553"
1098,"3,497"
1099,"3,471"
1100,"3,386"
1101,"3,367"
1102,"3,241"
1103,"3,180"
1104,"3,180"
1105,"3,115"
1106,"3,061"
1107,"3,055"
1108,"2,939"
1109,"2,914"
1110,"2,870"
1111,"2,859"
1112,"2,829"
1113,"2,779"
1114,"2,768"
1115,"2,757"
1116,"2,722"
1117,"2,703"
1118,"2,682"
1119,"2,680"
1120,"2,593"
1121,"2,583"
1122,"2,550"
1123,"2,514"
1124,"2,442"
1125,"2,388"
1126,"2,371"
1127,"2,368"
1128,"2,360"
1129,"2,312"
1130,"2,269"
1131,"2,237"
1132,"2,204"
1133,"2,195"
1134,"2,193"
1135,"2,168"
1136,"2,163"
1137,"2,159"
1138,"2,150"
1139,"2,107"
1140,"2,091"
1141,"2,081"
1142,"2,078"
1143,"2,017"
1144,"1,996"
1145,"1,976"
1146,"1,963"
1147,"1,956"
1148,"1,940"
1149,"1,918"
1150,"1,860"
1151,"1,857"
1152,"1,818"
1153,"1,751"
1154,"1,735"
1155,"1,727"
1156,"1,697"
1157,"1,679"
1158,"1,660"
1159,"1,645"
1160,"1,633"
1161,"1,626"
1162,"1,508"
1163,"1,499"
1164,"1,480"
1165,"1,464"
1166,"1,450"
1167,"1,420"
1168,"1,383"
1169,"1,341"
1170,"1,336"
1171,"1,333"
1172,"1,324"
1173,"1,275"
1174,"1,268"
1175,"1,260"
1176,"1,241"
1177,"1,238"
1178,"1,233"
1179,"1,229"
1180,"1,220"
1181,"1,209"
1182,"1,208"
1183,"1,200"
1184,"1,174"
1185,"1,172"
1186,"1,111"
1187,"1,106"
1188,"1,103"
1189,"1,074"
1190,"1,074"
1191,"1,054"
1192,"1,052"
1193,"1,033"
1194,"1,030"
1195,"1,004"
1196,1180851
1197,1157587
1198,790251
1199,653109
1200,560858
1201,558508
1202,545318
1203,513910
1204,483248
1205,477540
1206,435906
1207,407855
1208,324157
1209,296025
1210,280395
1211,271933
1212,268505
1213,262261
1214,217933
1215,199791
1216,193184
1217,182163
1218,178171
1219,176801
1220,175500
1221,173353
1222,170287
1223,164253
1224,159412
1225,152854
1226,149277
1227,147376
1228,144129
1229,142751
1230,138730
1231,136735
1232,124418
1233,124048
1234,123196
1235,121276
1236,120726
1237,120049
1238,119028
1239,117710
1240,101478
1241,"99,900"
1242,"99,152"
1243,"98,626"
1244,"93,018"
1245,"92,618"
1246,"89,464"
1247,"84,690"
1248,"84,087"
1249,"82,176"
1250,"81,708"
1251,"81,047"
1252,"79,741"
1253,"74,428"
1254,"72,587"
1255,"72,133"
1256,"71,115"
1257,"70,865"
1258,"70,167"
1259,"68,294"
1260,"66,136"
1261,"65,603"
1262,"63,693"
1263,"62,702"
1264,"60,813"
1265,"59,595"
1266,"57,227"
1267,"56,872"
1268,"56,016"
1269,"55,773"
1270,"55,310"
1271,"54,607"
1272,"53,031"
1273,"53,019"
1274,"52,914"
1275,"52,522"
1276,"51,122"
1277,"50,527"
1278,"50,366"
1279,"49,548"
1280,"48,871"
1281,"48,394"
1282,"48,347"
1283,"47,900"
1284,"47,829"
1285,"47,641"
1286,"45,448"
1287,"45,400"
1288,"45,095"
1289,"44,388"
1290,"44,126"
1291,"43,433"
1292,"42,721"
1293,"42,513"
1294,"42,328"
1295,"40,662"
1296,"38,275"
1297,"37,104"
1298,"36,365"
1299,"34,884"
1300,"33,130"
1301,"32,636"
1302,"32,219"
1303,"31,497"
1304,"31,424"
1305,"30,768"
1306,"30,706"
1307,"30,496"
1308,"29,581"
1309,"29,559"
1310,"28,783"
1311,"28,664"
1312,"27,939"
1313,"27,838"
1314,"27,010"
1315,"26,826"
1316,"26,638"
1317,"26,504"
1318,"26,465"
1319,"25,856"
1320,"25,386"
1321,"25,289"
1322,"25,101"
1323,"24,611"
1324,"24,545"
1325,"24,460"
1326,"24,280"
1327,"23,887"
1328,"23,748"
1329,"23,702"
1330,"23,614"
1331,"22,795"
1332,"22,740"
1333,"22,621"
1334,"22,053"
1335,"22,000"
1336,"21,714"
1337,"21,438"
1338,"21,366"
1339,"20,975"
1340,"20,925"
1341,"20,841"
1342,"20,825"
1343,"20,577"
1344,"20,487"
1345,"20,439"
1346,"20,374"
1347,"20,290"
1348,"19,788"
1349,"19,649"
1350,"19,464"
1351,"18,835"
1352,"18,670"
1353,"18,462"
1354,"18,407"
1355,"18,228"
1356,"18,038"
1357,"17,790"
1358,"17,686"
1359,"17,620"
1360,"17,602"
1361,"17,480"
1362,"17,357"
1363,"17,329"
1364,"17,079"
1365,"17,028"
1366,"17,009"
1367,"16,649"
1368,"16,649"
1369,"16,209"
1370,"16,179"
1371,"16,082"
1372,"15,923"
1373,"15,863"
1374,"15,824"
1375,"15,298"
1376,"15,197"
1377,"15,157"
1378,"14,723"
1379,"14,576"
1380,"14,471"
1381,"14,463"
1382,"14,393"
1383,"14,111"
1384,"13,992"
1385,"13,871"
1386,"13,757"
1387,"13,639"
1388,"13,559"
1389,"12,605"
1390,"12,492"
1391,"12,098"
1392,"11,968"
1393,"11,923"
1394,"11,908"
1395,"11,895"
1396,"11,822"
1397,"11,695"
1398,"11,530"
1399,"11,383"
1400,"10,965"
1401,"10,607"
1402,"10,554"
1403,"10,354"
1404,"10,122"
1405,"10,067"
1406,"10,016"
1407,"9,807"
1408,"9,725"
1409,"9,449"
1410,"9,421"
1411,"8,973"
1412,"8,949"
1413,"8,798"
1414,"8,759"
1415,"8,633"
1416,"8,524"
1417,"8,358"
1418,"8,309"
1419,"8,207"
1420,"8,187"
1421,"8,170"
1422,"8,117"
1423,"8,100"
1424,"7,874"
1425,"7,693"
1426,"7,518"
1427,"7,483"
1428,"7,399"
1429,"7,353"
1430,"7,351"
1431,"7,180"
1432,"7,174"
1433,"7,172"
1434,"7,146"
1435,"7,090"
1436,"7,087"
1437,"7,015"
1438,"6,974"
1439,"6,882"
1440,"6,875"
1441,"6,608"
1442,"6,530"
1443,"6,475"
1444,"6,342"
1445,"6,264"
1446,"6,050"
1447,"5,952"
1448,"5,801"
1449,"5,749"
1450,"5,708"
1451,"5,681"
1452,"5,597"
1453,"5,594"
1454,"5,582"
1455,"5,554"
1456,"5,523"
1457,"5,445"
1458,"5,426"
1459,"5,212"
1460,"5,202"
1461,"4,942"
1462,"4,925"
1463,"4,897"
1464,"4,849"
1465,"4,785"
1466,"4,673"
1467,"4,587"
1468,"4,384"
1469,"4,364"
1470,"4,284"
1471,"4,252"
1472,"4,247"
1473,"4,223"
1474,"4,087"
1475,"4,043"
1476,"4,001"
1477,"3,942"
1478,"3,909"
1479,"3,824"
1480,"3,662"
1481,"3,642"
1482,"3,612"
1483,"3,611"
1484,"3,596"
1485,"3,572"
1486,"3,569"
1487,"3,444"
1488,"3,389"
1489,"3,359"
1490,"3,339"
1491,"3,324"
1492,"3,321"
1493,"3,313"
1494,"3,192"
1495,"3,174"
1496,"3,171"
1497,"3,141"
1498,"3,129"
1499,"3,125"
1500,"3,107"
1501,"3,065"
1502,"2,963"
1503,"2,912"
1504,"2,845"
1505,"2,811"
1506,"2,800"
1507,"2,767"
1508,"2,710"
1509,"2,683"
1510,"2,652"
1511,"2,629"
1512,"2,591"
1513,"2,538"
1514,"2,520"
1515,"2,512"
1516,"2,479"
1517,"2,399"
1518,"2,390"
1519,"2,354"
1520,"2,331"
1521,"2,321"
1522,"2,318"
1523,"2,216"
1524,"2,201"
1525,"2,199"
1526,"2,196"
1527,"2,188"
1528,"2,137"
1529,"2,128"
1530,"2,079"
1531,"2,075"
1532,"2,047"
1533,"2,009"
1534,"1,985"
1535,"1,972"
1536,"1,917"
1537,"1,900"
1538,"1,885"
1539,"1,876"
1540,"1,843"
1541,"1,791"
1542,"1,789"
1543,"1,756"
1544,"1,736"
1545,"1,725"
1546,"1,672"
1547,"1,641"
1548,"1,590"
1549,"1,556"
1550,"1,555"
1551,"1,544"
1552,"1,509"
1553,"1,477"
1554,"1,471"
1555,"1,469"
1556,"1,447"
1557,"1,426"
1558,"1,390"
1559,"1,366"
1560,"1,333"
1561,"1,324"
1562,"1,319"
1563,"1,304"
1564,"1,292"
1565,"1,278"
1566,"1,253"
1567,"1,234"
1568,"1,230"
1569,"1,199"
1570,"1,192"
1571,"1,186"
1572,"1,165"
1573,"1,093"
1574,"1,067"
1575,"1,062"
1576,"1,045"
1577,"1,031"
1578,"1,030"
1579,"1,024"
1580,"1,020"
1581,"1,019"
1582,"1,011"
1583,1142015
1584,1111120
1585,773927
1586,663919
1587,606352
1588,567097
1589,561056
1590,502999
1591,498346
1592,496735
1593,435610
1594,409304
1595,304598
1596,300035
1597,277508
1598,264057
1599,263386
1600,253424
1601,228357
1602,218898
1603,210696
1604,203187
1605,190463
1606,181313
1607,177716
1608,172645
1609,171415
1610,169352
1611,169344
1612,164192
1613,160131
1614,159375
1615,158457
1616,144929
1617,142820
1618,136713
1619,130808
1620,127818
1621,126480
1622,122642
1623,119188
1624,118280
1625,118193
1626,118109
1627,116354
1628,108921
1629,101991
1630,"96,217"
1631,"95,750"
1632,"92,396"
1633,"89,589"
1634,"85,419"
1635,"84,237"
1636,"84,097"
1637,"81,411"
1638,"76,501"
1639,"76,033"
1640,"75,987"
1641,"73,313"
1642,"71,223"
1643,"70,338"
1644,"68,348"
1645,"67,463"
1646,"65,379"
1647,"63,691"
1648,"61,175"
1649,"60,727"
1650,"60,016"
1651,"57,163"
1652,"56,429"
1653,"56,268"
1654,"55,461"
1655,"53,827"
1656,"53,753"
1657,"53,317"
1658,"52,161"
1659,"51,640"
1660,"51,291"
1661,"50,717"
1662,"49,901"
1663,"47,869"
1664,"47,820"
1665,"47,718"
1666,"47,614"
1667,"46,774"
1668,"46,252"
1669,"45,718"
1670,"45,325"
1671,"45,273"
1672,"44,968"
1673,"44,640"
1674,"44,398"
1675,"44,283"
1676,"43,672"
1677,"43,320"
1678,"43,054"
1679,"39,155"
1680,"38,325"
1681,"38,262"
1682,"38,033"
1683,"37,760"
1684,"37,348"
1685,"36,849"
1686,"36,036"
1687,"34,887"
1688,"34,681"
1689,"33,993"
1690,"33,612"
1691,"32,555"
1692,"32,474"
1693,"32,282"
1694,"30,990"
1695,"30,384"
1696,"29,386"
1697,"29,280"
1698,"28,484"
1699,"28,399"
1700,"28,372"
1701,"27,570"
1702,"27,404"
1703,"27,141"
1704,"26,712"
1705,"26,389"
1706,"26,327"
1707,"26,034"
1708,"25,495"
1709,"25,335"
1710,"24,820"
1711,"24,791"
1712,"24,740"
1713,"23,926"
1714,"23,818"
1715,"23,796"
1716,"23,741"
1717,"23,668"
1718,"23,313"
1719,"23,273"
1720,"23,169"
1721,"22,971"
1722,"22,872"
1723,"22,772"
1724,"22,710"
1725,"22,639"
1726,"22,627"
1727,"22,135"
1728,"22,047"
1729,"21,908"
1730,"21,437"
1731,"21,020"
1732,"20,526"
1733,"20,425"
1734,"20,317"
1735,"19,881"
1736,"19,551"
1737,"19,281"
1738,"19,127"
1739,"19,041"
1740,"19,032"
1741,"18,943"
1742,"18,855"
1743,"18,794"
1744,"18,703"
1745,"18,646"
1746,"18,181"
1747,"17,819"
1748,"17,805"
1749,"17,786"
1750,"17,483"
1751,"17,044"
1752,"16,050"
1753,"15,883"
1754,"15,722"
1755,"15,515"
1756,"15,472"
1757,"15,443"
1758,"15,280"
1759,"15,261"
1760,"15,205"
1761,"14,802"
1762,"14,727"
1763,"14,600"
1764,"14,584"
1765,"14,568"
1766,"14,503"
1767,"14,500"
1768,"14,475"
1769,"14,136"
1770,"13,531"
1771,"12,941"
1772,"12,933"
1773,"12,861"
1774,"12,491"
1775,"12,439"
1776,"12,279"
1777,"12,272"
1778,"12,193"
1779,"11,864"
1780,"11,859"
1781,"11,802"
1782,"11,613"
1783,"11,518"
1784,"11,400"
1785,"11,289"
1786,"11,165"
1787,"11,157"
1788,"10,795"
1789,"10,785"
1790,"10,713"
1791,"10,483"
1792,"10,335"
1793,"10,314"
1794,"9,928"
1795,"9,913"
1796,"9,796"
1797,"9,728"
1798,"9,726"
1799,"9,554"
1800,"9,544"
1801,"9,335"
1802,"9,038"
1803,"9,031"
1804,"8,827"
1805,"8,804"
1806,"8,766"
1807,"8,669"
1808,"8,596"
1809,"8,419"
1810,"8,217"
1811,"8,180"
1812,"8,114"
1813,"8,000"
1814,"7,864"
1815,"7,700"
1816,"7,509"
1817,"7,470"
1818,"7,412"
1819,"7,403"
1820,"7,280"
1821,"7,190"
1822,"7,150"
1823,"7,145"
1824,"7,046"
1825,"7,042"
1826,"6,984"
1827,"6,931"
1828,"6,803"
1829,"6,749"
1830,"6,711"
1831,"6,643"
1832,"6,486"
1833,"6,429"
1834,"6,417"
1835,"6,333"
1836,"6,163"
1837,"6,120"
1838,"5,582"
1839,"5,578"
1840,"5,560"
1841,"5,478"
1842,"5,398"
1843,"5,255"
1844,"5,167"
1845,"5,163"
1846,"5,145"
1847,"5,055"
1848,"5,025"
1849,"4,984"
1850,"4,938"
1851,"4,798"
1852,"4,649"
1853,"4,434"
1854,"4,369"
1855,"4,336"
1856,"4,315"
1857,"4,273"
1858,"4,158"
1859,"4,124"
1860,"4,089"
1861,"4,087"
1862,"4,068"
1863,"3,997"
1864,"3,996"
1865,"3,994"
1866,"3,955"
1867,"3,910"
1868,"3,830"
1869,"3,733"
1870,"3,712"
1871,"3,704"
1872,"3,701"
1873,"3,685"
1874,"3,671"
1875,"3,670"
1876,"3,664"
1877,"3,653"
1878,"3,634"
1879,"3,616"
1880,"3,471"
1881,"3,448"
1882,"3,414"
1883,"3,365"
1884,"3,334"
1885,"3,326"
1886,"3,300"
1887,"3,133"
1888,"3,065"
1889,"3,031"
1890,"3,024"
1891,"2,979"
1892,"2,938"
1893,"2,917"
1894,"2,883"
1895,"2,838"
1896,"2,826"
1897,"2,785"
1898,"2,744"
1899,"2,660"
1900,"2,514"
1901,"2,453"
1902,"2,453"
1903,"2,365"
1904,"2,337"
1905,"2,315"
1906,"2,299"
1907,"2,298"
1908,"2,271"
1909,"2,246"
1910,"2,240"
1911,"2,167"
1912,"2,137"
1913,"2,090"
1914,"2,072"
1915,"2,052"
1916,"1,952"
1917,"1,944"
1918,"1,925"
1919,"1,883"
1920,"1,858"
1921,"1,745"
1922,"1,734"
1923,"1,712"
1924,"1,630"
1925,"1,629"
1926,"1,606"
1927,"1,605"
1928,"1,570"
1929,"1,536"
1930,"1,526"
1931,"1,514"
1932,"1,457"
1933,"1,394"
1934,"1,392"
1935,"1,391"
1936,"1,351"
1937,"1,337"
1938,"1,290"
1939,"1,285"
1940,"1,282"
1941,"1,268"
1942,"1,259"
1943,"1,259"
1944,"1,257"
1945,"1,218"
1946,"1,216"
1947,"1,216"
1948,"1,149"
1949,"1,138"
1950,"1,118"
1951,"1,112"
1952,"1,097"
1953,"1,068"
1954,"1,047"
1955,"1,046"
1956,"1,003"
1957,1144018
1958,1027918
1959,756662
1960,686998
1961,646846
1962,568218
1963,562496
1964,521953
1965,515146
1966,511265
1967,432018
1968,409448
1969,307828
1970,295529
1971,278060
1972,267343
1973,254080
1974,253299
1975,250314
1976,239059
1977,238211
1978,216167
1979,200522
1980,189345
1981,179179
1982,178584
1983,178541
1984,168658
1985,167288
1986,164072
1987,163235
1988,162450
1989,151010
1990,143593
1991,141902
1992,136796
1993,132278
1994,130348
1995,118729
1996,116880
1997,112009
1998,109005
1999,107851
2000,105681
2001,103544
2002,100961
2003,"97,647"
2004,"88,949"
2005,"88,443"
2006,"86,982"
2007,"83,649"
2008,"79,703"
2009,"79,392"
2010,"77,170"
2011,"76,350"
2012,"71,102"
2013,"70,495"
2014,"68,192"
2015,"67,988"
2016,"65,242"
2017,"64,732"
2018,"64,210"
2019,"63,956"
2020,"62,716"
2021,"61,684"
2022,"60,027"
2023,"59,765"
2024,"59,442"
2025,"58,570"
2026,"54,171"
2027,"52,798"
2028,"51,154"
2029,"50,613"
2030,"48,947"
2031,"48,863"
2032,"48,588"
2033,"48,248"
2034,"47,596"
2035,"47,236"
2036,"46,540"
2037,"45,992"
2038,"45,705"
2039,"45,678"
2040,"45,401"
2041,"44,234"
2042,"43,801"
2043,"43,641"
2044,"43,108"
2045,"42,593"
2046,"41,699"
2047,"41,627"
2048,"41,157"
2049,"40,353"
2050,"40,282"
2051,"39,710"
2052,"39,624"
2053,"39,164"
2054,"38,849"
2055,"38,577"
2056,"38,075"
2057,"37,892"
2058,"37,823"
2059,"37,131"
2060,"34,516"
2061,"33,730"
2062,"33,445"
2063,"32,497"
2064,"32,142"
2065,"31,734"
2066,"31,183"
2067,"30,900"
2068,"30,513"
2069,"30,298"
2070,"30,045"
2071,"29,269"
2072,"28,314"
2073,"27,790"
2074,"27,786"
2075,"27,164"
2076,"26,983"
2077,"26,621"
2078,"26,495"
2079,"26,373"
2080,"26,279"
2081,"26,162"
2082,"26,060"
2083,"25,701"
2084,"24,914"
2085,"24,746"
2086,"23,465"
2087,"23,441"
2088,"23,436"
2089,"23,294"
2090,"23,249"
2091,"22,950"
2092,"22,875"
2093,"22,207"
2094,"22,147"
2095,"21,893"
2096,"21,884"
2097,"21,852"
2098,"21,626"
2099,"21,013"
2100,"20,675"
2101,"20,668"
2102,"20,115"
2103,"20,098"
2104,"19,872"
2105,"19,337"
2106,"19,289"
2107,"19,038"
2108,"18,902"
2109,"18,719"
2110,"18,420"
2111,"18,279"
2112,"18,132"
2113,"17,997"
2114,"17,987"
2115,"17,640"
2116,"17,530"
2117,"17,280"
2118,"17,160"
2119,"17,005"
2120,"16,742"
2121,"16,308"
2122,"16,282"
2123,"16,161"
2124,"15,878"
2125,"15,618"
2126,"15,407"
2127,"15,267"
2128,"15,158"
2129,"14,771"
2130,"14,745"
2131,"14,587"
2132,"14,417"
2133,"14,359"
2134,"14,334"
2135,"14,019"
2136,"13,757"
2137,"13,536"
2138,"13,503"
2139,"13,459"
2140,"13,280"
2141,"13,228"
2142,"13,177"
2143,"12,842"
2144,"12,733"
2145,"12,656"
2146,"12,511"
2147,"12,438"
2148,"12,386"
2149,"12,253"
2150,"12,216"
2151,"11,669"
2152,"11,569"
2153,"11,254"
2154,"10,890"
2155,"10,869"
2156,"10,261"
2157,"10,184"
2158,"9,989"
2159,"9,956"
2160,"9,913"
2161,"9,694"
2162,"9,459"
2163,"9,299"
2164,"9,232"
2165,"9,125"
2166,"8,972"
2167,"8,958"
2168,"8,928"
2169,"8,896"
2170,"8,840"
2171,"8,800"
2172,"8,742"
2173,"8,719"
2174,"8,652"
2175,"8,524"
2176,"8,448"
2177,"8,415"
2178,"8,401"
2179,"8,164"
2180,"8,164"
2181,"8,153"
2182,"8,082"
2183,"8,068"
2184,"7,898"
2185,"7,897"
2186,"7,862"
2187,"7,488"
2188,"7,280"
2189,"7,277"
2190,"7,251"
2191,"7,110"
2192,"6,922"
2193,"6,712"
2194,"6,587"
2195,"6,545"
2196,"6,493"
2197,"6,480"
2198,"6,328"
2199,"6,319"
2200,"6,295"
2201,"6,124"
2202,"6,122"
2203,"5,796"
2204,"5,646"
2205,"5,593"
2206,"5,568"
2207,"5,530"
2208,"5,508"
2209,"5,507"
2210,"5,470"
2211,"5,370"
2212,"5,361"
2213,"5,360"
2214,"5,325"
2215,"5,265"
2216,"5,168"
2217,"5,164"
2218,"5,127"
2219,"5,067"
2220,"4,997"
2221,"4,965"
2222,"4,928"
2223,"4,794"
2224,"4,762"
2225,"4,687"
2226,"4,604"
2227,"4,600"
2228,"4,507"
2229,"4,417"
2230,"4,369"
2231,"4,358"
2232,"4,346"
2233,"4,294"
2234,"4,236"
2235,"4,140"
2236,"4,140"
2237,"4,133"
2238,"4,111"
2239,"4,074"
2240,"4,046"
2241,"4,028"
2242,"3,997"
2243,"3,931"
2244,"3,921"
2245,"3,920"
2246,"3,892"
2247,"3,841"
2248,"3,810"
2249,"3,733"
2250,"3,634"
2251,"3,623"
2252,"3,549"
2253,"3,541"
2254,"3,514"
2255,"3,360"
2256,"3,324"
2257,"3,298"
2258,"3,268"
2259,"3,191"
2260,"3,138"
2261,"3,123"
2262,"3,029"
2263,"3,016"
2264,"2,937"
2265,"2,907"
2266,"2,800"
2267,"2,755"
2268,"2,743"
2269,"2,737"
2270,"2,678"
2271,"2,579"
2272,"2,457"
2273,"2,436"
2274,"2,357"
2275,"2,316"
2276,"2,205"
2277,"2,198"
2278,"2,167"
2279,"2,101"
2280,"2,089"
2281,"2,060"
2282,"2,057"
2283,"2,018"
2284,"1,967"
2285,"1,943"
2286,"1,911"
2287,"1,860"
2288,"1,831"
2289,"1,774"
2290,"1,746"
2291,"1,745"
2292,"1,701"
2293,"1,680"
2294,"1,641"
2295,"1,444"
2296,"1,443"
2297,"1,414"
2298,"1,392"
2299,"1,382"
2300,"1,349"
2301,"1,349"
2302,"1,314"
2303,"1,274"
2304,"1,268"
2305,"1,253"
2306,"1,252"
2307,"1,249"
2308,"1,236"
2309,"1,228"
2310,"1,220"
2311,"1,162"
2312,"1,142"
2313,"1,130"
2314,"1,106"
2315,"1,096"
2316,"1,079"
2317,"1,060"
2318,"1,054"
2319,"1,031"
2320,"1,017"
2321,1140950
2322,925197
2323,732030
2324,693039
2325,691481
2326,565141
2327,552705
2328,533794
2329,515555
2330,501261
2331,413225
2332,409841
2333,399922
2334,285930
2335,281941
2336,250004
2337,244885
2338,243742
2339,243441
2340,241870
2341,237194
2342,230029
2343,222645
2344,210962
2345,200981
2346,193503
2347,187928
2348,166195
2349,164496
2350,162636
2351,154191
2352,152913
2353,150175
2354,133641
2355,130156
2356,127667
2357,125932
2358,121721
2359,111258
2360,107569
2361,103019
2362,102912
2363,"99,610"
2364,"90,266"
2365,"89,661"
2366,"89,087"
2367,"84,847"
2368,"82,664"
2369,"80,649"
2370,"78,894"
2371,"76,180"
2372,"75,974"
2373,"73,464"
2374,"72,403"
2375,"69,937"
2376,"66,509"
2377,"66,252"
2378,"65,690"
2379,"64,827"
2380,"61,010"
2381,"60,455"
2382,"60,414"
2383,"59,230"
2384,"58,067"
2385,"56,437"
2386,"56,250"
2387,"54,379"
2388,"54,292"
2389,"53,709"
2390,"52,784"
2391,"52,765"
2392,"52,640"
2393,"52,322"
2394,"51,202"
2395,"50,674"
2396,"49,260"
2397,"48,665"
2398,"48,531"
2399,"48,174"
2400,"47,475"
2401,"47,383"
2402,"47,374"
2403,"44,354"
2404,"43,889"
2405,"43,834"
2406,"43,796"
2407,"43,355"
2408,"42,282"
2409,"41,224"
2410,"40,844"
2411,"40,682"
2412,"39,018"
2413,"38,957"
2414,"38,604"
2415,"38,503"
2416,"37,695"
2417,"36,801"
2418,"36,798"
2419,"36,592"
2420,"36,130"
2421,"34,430"
2422,"33,866"
2423,"33,834"
2424,"33,715"
2425,"33,273"
2426,"33,238"
2427,"33,114"
2428,"32,120"
2429,"31,600"
2430,"31,451"
2431,"31,438"
2432,"31,275"
2433,"30,532"
2434,"29,936"
2435,"29,881"
2436,"28,785"
2437,"28,421"
2438,"27,864"
2439,"27,341"
2440,"27,201"
2441,"26,885"
2442,"26,836"
2443,"26,374"
2444,"26,158"
2445,"25,799"
2446,"25,373"
2447,"24,747"
2448,"24,128"
2449,"23,929"
2450,"23,741"
2451,"23,714"
2452,"23,388"
2453,"23,345"
2454,"23,317"
2455,"23,218"
2456,"22,687"
2457,"22,425"
2458,"22,237"
2459,"20,847"
2460,"20,515"
2461,"20,508"
2462,"20,474"
2463,"19,899"
2464,"19,764"
2465,"19,661"
2466,"19,518"
2467,"18,849"
2468,"18,804"
2469,"18,481"
2470,"17,998"
2471,"17,930"
2472,"17,432"
2473,"17,285"
2474,"17,284"
2475,"17,279"
2476,"17,144"
2477,"17,078"
2478,"16,656"
2479,"16,608"
2480,"16,595"
2481,"16,496"
2482,"16,433"
2483,"16,228"
2484,"16,053"
2485,"15,901"
2486,"15,070"
2487,"15,045"
2488,"14,964"
2489,"14,910"
2490,"14,836"
2491,"14,729"
2492,"14,575"
2493,"14,481"
2494,"14,426"
2495,"13,849"
2496,"13,845"
2497,"13,482"
2498,"13,260"
2499,"13,241"
2500,"12,702"
2501,"12,688"
2502,"12,146"
2503,"12,091"
2504,"11,843"
2505,"11,841"
2506,"11,741"
2507,"11,733"
2508,"11,552"
2509,"11,498"
2510,"11,449"
2511,"11,309"
2512,"11,297"
2513,"11,273"
2514,"11,128"
2515,"11,060"
2516,"10,821"
2517,"10,727"
2518,"10,263"
2519,"9,854"
2520,"9,807"
2521,"9,720"
2522,"9,654"
2523,"9,600"
2524,"9,495"
2525,"9,463"
2526,"9,134"
2527,"9,088"
2528,"8,945"
2529,"8,827"
2530,"8,735"
2531,"8,704"
2532,"8,693"
2533,"8,650"
2534,"8,293"
2535,"8,139"
2536,"8,129"
2537,"8,110"
2538,"8,073"
2539,"7,896"
2540,"7,878"
2541,"7,799"
2542,"7,706"
2543,"7,678"
2544,"7,669"
2545,"7,556"
2546,"7,482"
2547,"7,477"
2548,"7,466"
2549,"7,224"
2550,"7,178"
2551,"7,122"
2552,"7,108"
2553,"7,082"
2554,"6,942"
2555,"6,754"
2556,"6,706"
2557,"6,680"
2558,"6,549"
2559,"6,501"
2560,"6,425"
2561,"6,336"
2562,"5,951"
2563,"5,948"
2564,"5,939"
2565,"5,910"
2566,"5,909"
2567,"5,900"
2568,"5,885"
2569,"5,776"
2570,"5,745"
2571,"5,636"
2572,"5,619"
2573,"5,615"
2574,"5,586"
2575,"5,490"
2576,"5,471"
2577,"5,183"
2578,"5,143"
2579,"5,055"
2580,"4,993"
2581,"4,950"
2582,"4,944"
2583,"4,916"
2584,"4,883"
2585,"4,753"
2586,"4,699"
2587,"4,697"
2588,"4,670"
2589,"4,611"
2590,"4,468"
2591,"4,454"
2592,"4,414"
2593,"4,242"
2594,"4,159"
2595,"4,143"
2596,"4,026"
2597,"4,025"
2598,"3,890"
2599,"3,811"
2600,"3,793"
2601,"3,778"
2602,"3,752"
2603,"3,719"
2604,"3,701"
2605,"3,700"
2606,"3,700"
2607,"3,630"
2608,"3,493"
2609,"3,472"
2610,"3,454"
2611,"3,346"
2612,"3,337"
2613,"3,318"
2614,"3,127"
2615,"3,115"
2616,"3,030"
2617,"2,942"
2618,"2,923"
2619,"2,910"
2620,"2,787"
2621,"2,716"
2622,"2,713"
2623,"2,713"
2624,"2,685"
2625,"2,579"
2626,"2,549"
2627,"2,548"
2628,"2,504"
2629,"2,504"
2630,"2,434"
2631,"2,374"
2632,"2,320"
2633,"2,200"
2634,"2,197"
2635,"2,182"
2636,"2,166"
2637,"2,130"
2638,"2,099"
2639,"1,944"
2640,"1,906"
2641,"1,875"
2642,"1,640"
2643,"1,624"
2644,"1,578"
2645,"1,577"
2646,"1,541"
2647,"1,537"
2648,"1,536"
2649,"1,534"
2650,"1,490"
2651,"1,460"
2652,"1,460"
2653,"1,434"
2654,"1,416"
2655,"1,393"
2656,"1,371"
2657,"1,321"
2658,"1,273"
2659,"1,258"
2660,"1,253"
2661,"1,234"
2662,"1,179"
2663,"1,177"
2664,"1,176"
2665,"1,156"
2666,"1,138"
2667,"1,132"
2668,"1,087"
2669,"1,087"
2670,"1,078"
2671,"1,067"
2672,"1,058"
2673,"1,018"
2674,1152301
2675,818607
2676,726402
2677,704232
2678,688508
2679,549566
2680,543601
2681,534382
2682,523169
2683,506720
2684,491156
2685,394754
2686,385970
2687,317812
2688,286335
2689,273354
2690,263277
2691,244843
2692,230908
2693,225807
2694,221051
2695,220803
2696,212009
2697,205256
2698,204307
2699,202071
2700,198175
2701,168268
2702,164341
2703,163754
2704,147696
2705,142122
2706,137073
2707,124393
2708,120393
2709,114095
2710,103865
2711,103399
2712,100411
2713,"98,785"
2714,"95,284"
2715,"93,722"
2716,"93,372"
2717,"90,029"
2718,"82,180"
2719,"82,095"
2720,"81,478"
2721,"78,133"
2722,"77,713"
2723,"75,790"
2724,"72,397"
2725,"71,865"
2726,"71,662"
2727,"70,517"
2728,"68,776"
2729,"68,206"
2730,"67,911"
2731,"66,346"
2732,"65,927"
2733,"64,948"
2734,"61,574"
2735,"60,530"
2736,"59,063"
2737,"58,339"
2738,"58,065"
2739,"56,087"
2740,"55,541"
2741,"54,238"
2742,"53,203"
2743,"51,493"
2744,"51,294"
2745,"50,665"
2746,"49,803"
2747,"48,479"
2748,"47,811"
2749,"46,893"
2750,"46,406"
2751,"46,396"
2752,"46,236"
2753,"46,083"
2754,"45,499"
2755,"43,620"
2756,"43,538"
2757,"41,635"
2758,"40,430"
2759,"39,479"
2760,"38,896"
2761,"37,908"
2762,"37,885"
2763,"37,840"
2764,"37,835"
2765,"37,622"
2766,"37,469"
2767,"37,269"
2768,"36,516"
2769,"36,463"
2770,"36,204"
2771,"35,733"
2772,"35,548"
2773,"35,441"
2774,"35,202"
2775,"34,911"
2776,"34,314"
2777,"33,378"
2778,"32,117"
2779,"31,391"
2780,"30,614"
2781,"30,585"
2782,"30,412"
2783,"30,285"
2784,"29,350"
2785,"29,245"
2786,"28,165"
2787,"27,979"
2788,"27,921"
2789,"27,824"
2790,"27,651"
2791,"27,372"
2792,"26,975"
2793,"26,427"
2794,"26,018"
2795,"25,678"
2796,"25,424"
2797,"25,215"
2798,"24,545"
2799,"23,977"
2800,"23,942"
2801,"23,903"
2802,"23,793"
2803,"22,739"
2804,"22,439"
2805,"21,690"
2806,"21,452"
2807,"21,390"
2808,"21,217"
2809,"21,194"
2810,"21,125"
2811,"21,099"
2812,"20,381"
2813,"20,120"
2814,"19,814"
2815,"19,036"
2816,"18,948"
2817,"18,481"
2818,"18,185"
2819,"18,131"
2820,"18,002"
2821,"17,199"
2822,"17,094"
2823,"17,014"
2824,"17,008"
2825,"16,964"
2826,"16,798"
2827,"16,673"
2828,"16,321"
2829,"16,042"
2830,"16,038"
2831,"15,586"
2832,"15,368"
2833,"15,356"
2834,"15,283"
2835,"15,240"
2836,"15,108"
2837,"14,958"
2838,"14,767"
2839,"14,642"
2840,"14,629"
2841,"14,602"
2842,"14,506"
2843,"14,141"
2844,"14,130"
2845,"13,947"
2846,"13,920"
2847,"13,549"
2848,"13,369"
2849,"12,905"
2850,"12,738"
2851,"12,543"
2852,"12,398"
2853,"12,267"
2854,"12,222"
2855,"12,149"
2856,"12,127"
2857,"11,878"
2858,"11,587"
2859,"11,586"
2860,"11,584"
2861,"11,354"
2862,"11,308"
2863,"10,761"
2864,"10,523"
2865,"10,521"
2866,"10,308"
2867,"10,185"
2868,"9,874"
2869,"9,618"
2870,"9,577"
2871,"9,470"
2872,"9,317"
2873,"9,056"
2874,"8,994"
2875,"8,989"
2876,"8,982"
2877,"8,882"
2878,"8,841"
2879,"8,762"
2880,"8,620"
2881,"8,566"
2882,"8,542"
2883,"8,358"
2884,"8,272"
2885,"8,233"
2886,"8,216"
2887,"8,192"
2888,"7,930"
2889,"7,739"
2890,"7,715"
2891,"7,663"
2892,"7,649"
2893,"7,632"
2894,"7,615"
2895,"7,487"
2896,"7,382"
2897,"7,374"
2898,"7,128"
2899,"6,766"
2900,"6,624"
2901,"6,583"
2902,"6,577"
2903,"6,548"
2904,"6,512"
2905,"6,418"
2906,"6,411"
2907,"6,397"
2908,"6,241"
2909,"6,236"
2910,"6,223"
2911,"6,210"
2912,"6,034"
2913,"5,962"
2914,"5,876"
2915,"5,597"
2916,"5,593"
2917,"5,558"
2918,"5,549"
2919,"5,548"
2920,"5,485"
2921,"5,306"
2922,"5,280"
2923,"5,275"
2924,"5,248"
2925,"5,177"
2926,"5,129"
2927,"5,111"
2928,"5,034"
2929,"5,013"
2930,"4,992"
2931,"4,945"
2932,"4,911"
2933,"4,876"
2934,"4,676"
2935,"4,489"
2936,"4,446"
2937,"4,297"
2938,"4,254"
2939,"4,242"
2940,"3,984"
2941,"3,971"
2942,"3,895"
2943,"3,882"
2944,"3,776"
2945,"3,770"
2946,"3,766"
2947,"3,711"
2948,"3,646"
2949,"3,582"
2950,"3,535"
2951,"3,440"
2952,"3,224"
2953,"3,220"
2954,"3,207"
2955,"3,189"
2956,"3,185"
2957,"3,114"
2958,"3,038"
2959,"3,015"
2960,"3,010"
2961,"2,998"
2962,"2,980"
2963,"2,712"
2964,"2,662"
2965,"2,633"
2966,"2,433"
2967,"2,426"
2968,"2,332"
2969,"2,313"
2970,"2,303"
2971,"2,226"
2972,"2,211"
2973,"2,200"
2974,"2,195"
2975,"2,119"
2976,"2,114"
2977,"2,072"
2978,"2,045"
2979,"2,020"
2980,"2,005"
2981,"1,997"
2982,"1,988"
2983,"1,986"
2984,"1,933"
2985,"1,872"
2986,"1,862"
2987,"1,849"
2988,"1,817"
2989,"1,702"
2990,"1,695"
2991,"1,692"
2992,"1,618"
2993,"1,616"
2994,"1,595"
2995,"1,585"
2996,"1,577"
2997,"1,557"
2998,"1,542"
2999,"1,494"
3000,"1,424"
3001,"1,324"
3002,"1,260"
3003,"1,256"
3004,"1,254"
3005,"1,219"
3006,"1,219"
3007,"1,206"
3008,"1,203"
3009,"1,165"
3010,"1,151"
3011,"1,115"
3012,"1,112"
3013,"1,109"
3014,"1,050"
3015,1195296
3016,758010
3017,697560
3018,687585
3019,679860
3020,663147
3021,553056
3022,519672
3023,513081
3024,483183
3025,480565
3026,373728
3027,372615
3028,353897
3029,345491
3030,301115
3031,237504
3032,236216
3033,234751
3034,215880
3035,214750
3036,210168
3037,203654
3038,196063
3039,189557
3040,181712
3041,180067
3042,174668
3043,164244
3044,161640
3045,140582
3046,138369
3047,128315
3048,116763
3049,100654
3050,"99,667"
3051,"99,144"
3052,"98,584"
3053,"94,971"
3054,"93,594"
3055,"91,669"
3056,"88,932"
3057,"86,438"
3058,"85,814"
3059,"83,865"
3060,"83,862"
3061,"83,636"
3062,"82,072"
3063,"81,052"
3064,"76,462"
3065,"76,253"
3066,"75,707"
3067,"72,417"
3068,"71,476"
3069,"66,420"
3070,"66,402"
3071,"66,105"
3072,"66,018"
3073,"64,746"
3074,"64,436"
3075,"63,521"
3076,"63,135"
3077,"62,680"
3078,"60,939"
3079,"59,892"
3080,"54,786"
3081,"54,333"
3082,"54,163"
3083,"53,375"
3084,"50,468"
3085,"49,503"
3086,"48,136"
3087,"48,065"
3088,"47,533"
3089,"45,949"
3090,"45,666"
3091,"44,304"
3092,"43,278"
3093,"42,979"
3094,"42,877"
3095,"42,315"
3096,"42,099"
3097,"41,900"
3098,"39,967"
3099,"39,619"
3100,"39,237"
3101,"37,955"
3102,"37,445"
3103,"37,416"
3104,"37,311"
3105,"37,081"
3106,"36,747"
3107,"36,436"
3108,"35,942"
3109,"35,874"
3110,"35,857"
3111,"34,723"
3112,"34,417"
3113,"34,192"
3114,"33,934"
3115,"33,333"
3116,"33,064"
3117,"32,399"
3118,"32,252"
3119,"31,703"
3120,"31,349"
3121,"31,278"
3122,"30,367"
3123,"29,353"
3124,"29,251"
3125,"29,140"
3126,"28,673"
3127,"28,248"
3128,"28,029"
3129,"27,922"
3130,"27,682"
3131,"27,180"
3132,"27,013"
3133,"26,950"
3134,"26,365"
3135,"25,691"
3136,"25,331"
3137,"25,082"
3138,"24,410"
3139,"23,511"
3140,"22,974"
3141,"22,930"
3142,"22,858"
3143,"22,548"
3144,"22,448"
3145,"22,410"
3146,"22,166"
3147,"22,033"
3148,"21,689"
3149,"20,712"
3150,"20,176"
3151,"19,871"
3152,"19,698"
3153,"19,590"
3154,"19,466"
3155,"19,437"
3156,"18,921"
3157,"18,513"
3158,"18,432"
3159,"18,075"
3160,"17,174"
3161,"17,044"
3162,"16,989"
3163,"16,519"
3164,"16,470"
3165,"16,461"
3166,"16,431"
3167,"16,371"
3168,"16,258"
3169,"16,209"
3170,"16,021"
3171,"15,900"
3172,"15,690"
3173,"15,479"
3174,"15,464"
3175,"15,433"
3176,"15,186"
3177,"14,873"
3178,"14,732"
3179,"14,445"
3180,"13,841"
3181,"13,757"
3182,"13,751"
3183,"13,519"
3184,"13,470"
3185,"13,441"
3186,"13,269"
3187,"13,206"
3188,"12,949"
3189,"12,925"
3190,"12,730"
3191,"12,718"
3192,"12,426"
3193,"12,294"
3194,"11,737"
3195,"11,335"
3196,"11,091"
3197,"10,718"
3198,"10,714"
3199,"10,693"
3200,"10,686"
3201,"10,591"
3202,"10,459"
3203,"10,329"
3204,"10,171"
3205,"10,039"
3206,"9,762"
3207,"9,432"
3208,"9,408"
3209,"9,367"
3210,"9,195"
3211,"9,146"
3212,"9,142"
3213,"9,135"
3214,"8,857"
3215,"8,823"
3216,"8,722"
3217,"8,537"
3218,"8,463"
3219,"8,396"
3220,"8,375"
3221,"8,328"
3222,"8,256"
3223,"8,189"
3224,"8,012"
3225,"7,905"
3226,"7,824"
3227,"7,817"
3228,"7,674"
3229,"6,891"
3230,"6,802"
3231,"6,537"
3232,"6,516"
3233,"6,507"
3234,"6,434"
3235,"6,368"
3236,"6,366"
3237,"6,207"
3238,"6,200"
3239,"6,156"
3240,"6,015"
3241,"5,904"
3242,"5,900"
3243,"5,864"
3244,"5,795"
3245,"5,550"
3246,"5,504"
3247,"5,469"
3248,"5,447"
3249,"5,411"
3250,"5,338"
3251,"5,335"
3252,"5,289"
3253,"5,288"
3254,"5,282"
3255,"5,227"
3256,"5,079"
3257,"5,042"
3258,"5,030"
3259,"4,965"
3260,"4,935"
3261,"4,794"
3262,"4,778"
3263,"4,672"
3264,"4,505"
3265,"4,498"
3266,"4,458"
3267,"4,356"
3268,"4,240"
3269,"4,235"
3270,"4,231"
3271,"4,070"
3272,"3,991"
3273,"3,911"
3274,"3,834"
3275,"3,832"
3276,"3,772"
3277,"3,623"
3278,"3,559"
3279,"3,445"
3280,"3,417"
3281,"3,386"
3282,"3,367"
3283,"3,179"
3284,"3,098"
3285,"3,083"
3286,"3,051"
3287,"3,013"
3288,"2,973"
3289,"2,816"
3290,"2,741"
3291,"2,617"
3292,"2,565"
3293,"2,547"
3294,"2,525"
3295,"2,423"
3296,"2,407"
3297,"2,350"
3298,"2,339"
3299,"2,324"
3300,"2,308"
3301,"2,279"
3302,"2,217"
3303,"2,214"
3304,"2,153"
3305,"2,062"
3306,"2,053"
3307,"2,004"
3308,"1,992"
3309,"1,904"
3310,"1,904"
3311,"1,868"
3312,"1,824"
3313,"1,810"
3314,"1,803"
3315,"1,767"
3316,"1,724"
3317,"1,681"
3318,"1,665"
3319,"1,658"
3320,"1,651"
3321,"1,626"
3322,"1,624"
3323,"1,534"
3324,"1,532"
3325,"1,467"
3326,"1,430"
3327,"1,368"
3328,"1,358"
3329,"1,337"
3330,"1,330"
3331,"1,321"
3332,"1,260"
3333,"1,241"
3334,"1,238"
3335,"1,228"
3336,"1,169"
3337,"1,155"
3338,"1,142"
3339,"1,138"
3340,"1,085"
3341,"1,074"
3342,"1,035"
3343,"1,006"
3344,"1,004"
3345,1245725
3346,797163
3347,759309
3348,660146
3349,653611
3350,584235
3351,559725
3352,497458
3353,473413
3354,447623
3355,445779
3356,416370
3357,358588
3358,356698
3359,339017
3360,316667
3361,232649
3362,226167
3363,218389
3364,208811
3365,208276
3366,194716
3367,189402
3368,182304
3369,174094
3370,163753
3371,161243
3372,153809
3373,153691
3374,140907
3375,136520
3376,131936
3377,121310
3378,113358
3379,113102
3380,112240
3381,109788
3382,105978
3383,100596
3384,"99,395"
3385,"98,581"
3386,"91,203"
3387,"86,150"
3388,"82,606"
3389,"82,452"
3390,"81,193"
3391,"76,944"
3392,"76,609"
3393,"74,314"
3394,"72,018"
3395,"70,446"
3396,"67,646"
3397,"67,585"
3398,"67,374"
3399,"65,430"
3400,"62,485"
3401,"61,346"
3402,"59,186"
3403,"58,878"
3404,"58,716"
3405,"57,317"
3406,"55,577"
3407,"55,273"
3408,"54,393"
3409,"54,142"
3410,"52,902"
3411,"52,598"
3412,"52,111"
3413,"50,989"
3414,"50,059"
3415,"50,002"
3416,"48,749"
3417,"48,014"
3418,"47,467"
3419,"46,954"
3420,"46,895"
3421,"42,047"
3422,"42,004"
3423,"41,783"
3424,"41,457"
3425,"41,340"
3426,"40,287"
3427,"39,713"
3428,"39,389"
3429,"39,105"
3430,"38,680"
3431,"38,546"
3432,"38,343"
3433,"38,197"
3434,"37,947"
3435,"37,732"
3436,"36,807"
3437,"36,298"
3438,"36,263"
3439,"36,115"
3440,"34,444"
3441,"34,230"
3442,"33,994"
3443,"32,699"
3444,"32,049"
3445,"31,209"
3446,"31,133"
3447,"30,124"
3448,"29,594"
3449,"29,226"
3450,"29,134"
3451,"28,560"
3452,"28,292"
3453,"27,942"
3454,"27,696"
3455,"27,672"
3456,"27,446"
3457,"26,834"
3458,"25,836"
3459,"25,304"
3460,"25,194"
3461,"24,941"
3462,"24,330"
3463,"23,930"
3464,"23,830"
3465,"23,532"
3466,"23,457"
3467,"22,453"
3468,"22,344"
3469,"22,176"
3470,"21,827"
3471,"21,771"
3472,"21,520"
3473,"21,482"
3474,"20,582"
3475,"20,519"
3476,"20,137"
3477,"20,017"
3478,"19,608"
3479,"19,549"
3480,"19,438"
3481,"18,770"
3482,"18,552"
3483,"18,309"
3484,"18,150"
3485,"17,618"
3486,"17,556"
3487,"17,492"
3488,"17,412"
3489,"17,217"
3490,"17,001"
3491,"16,890"
3492,"16,718"
3493,"16,463"
3494,"16,319"
3495,"16,251"
3496,"16,217"
3497,"15,722"
3498,"15,700"
3499,"15,603"
3500,"15,516"
3501,"15,335"
3502,"14,817"
3503,"14,758"
3504,"14,615"
3505,"14,415"
3506,"14,183"
3507,"14,173"
3508,"13,800"
3509,"13,491"
3510,"13,478"
3511,"13,439"
3512,"13,362"
3513,"12,929"
3514,"12,420"
3515,"12,324"
3516,"12,277"
3517,"12,272"
3518,"12,155"
3519,"12,095"
3520,"12,028"
3521,"11,815"
3522,"11,643"
3523,"11,491"
3524,"10,397"
3525,"9,867"
3526,"9,413"
3527,"9,361"
3528,"9,170"
3529,"9,158"
3530,"8,779"
3531,"8,449"
3532,"8,437"
3533,"8,352"
3534,"8,271"
3535,"8,228"
3536,"8,199"
3537,"8,089"
3538,"8,049"
3539,"7,972"
3540,"7,957"
3541,"7,954"
3542,"7,950"
3543,"7,410"
3544,"7,394"
3545,"7,385"
3546,"7,384"
3547,"7,362"
3548,"7,212"
3549,"7,126"
3550,"6,905"
3551,"6,896"
3552,"6,833"
3553,"6,821"
3554,"6,800"
3555,"6,791"
3556,"6,736"
3557,"6,725"
3558,"6,673"
3559,"6,583"
3560,"6,560"
3561,"6,511"
3562,"6,505"
3563,"6,480"
3564,"6,434"
3565,"6,397"
3566,"6,316"
3567,"6,001"
3568,"5,989"
3569,"5,968"
3570,"5,718"
3571,"5,638"
3572,"5,493"
3573,"5,454"
3574,"5,454"
3575,"5,189"
3576,"4,904"
3577,"4,863"
3578,"4,763"
3579,"4,731"
3580,"4,642"
3581,"4,478"
3582,"4,338"
3583,"4,337"
3584,"4,191"
3585,"4,159"
3586,"4,093"
3587,"4,044"
3588,"3,958"
3589,"3,904"
3590,"3,828"
3591,"3,818"
3592,"3,733"
3593,"3,658"
3594,"3,625"
3595,"3,590"
3596,"3,518"
3597,"3,508"
3598,"3,465"
3599,"3,357"
3600,"3,349"
3601,"3,333"
3602,"3,297"
3603,"3,273"
3604,"3,198"
3605,"3,010"
3606,"2,986"
3607,"2,927"
3608,"2,849"
3609,"2,826"
3610,"2,524"
3611,"2,502"
3612,"2,499"
3613,"2,417"
3614,"2,409"
3615,"2,377"
3616,"2,347"
3617,"2,322"
3618,"2,316"
3619,"2,271"
3620,"2,270"
3621,"2,228"
3622,"2,226"
3623,"2,201"
3624,"2,199"
3625,"2,177"
3626,"2,096"
3627,"2,020"
3628,"1,902"
3629,"1,806"
3630,"1,787"
3631,"1,775"
3632,"1,723"
3633,"1,715"
3634,"1,715"
3635,"1,681"
3636,"1,655"
3637,"1,652"
3638,"1,646"
3639,"1,601"
3640,"1,454"
3641,"1,398"
3642,"1,397"
3643,"1,393"
3644,"1,342"
3645,"1,342"
3646,"1,282"
3647,"1,259"
3648,"1,238"
3649,"1,203"
3650,"1,191"
3651,"1,155"
3652,"1,131"
3653,"1,113"
3654,"1,098"
3655,"1,045"
3656,"1,035"
3657,"1,031"
3658,1300035
3659,936912
3660,737265
3661,634242
3662,608673
3663,559237
3664,491696
3665,478719
3666,468909
3667,463593
3668,414886
3669,373445
3670,362781
3671,336738
3672,326026
3673,295115
3674,221567
3675,219485
3676,218514
3677,193670
3678,191768
3679,181840
3680,173413
3681,167993
3682,166571
3683,159017
3684,156396
3685,153869
3686,144399
3687,144071
3688,139350
3689,132919
3690,130069
3691,125411
3692,111236
3693,110642
3694,109294
3695,109009
3696,100696
3697,"96,375"
3698,"93,604"
3699,"92,660"
3700,"80,403"
3701,"79,679"
3702,"75,985"
3703,"75,979"
3704,"72,472"
3705,"72,256"
3706,"71,071"
3707,"69,782"
3708,"69,569"
3709,"68,896"
3710,"65,248"
3711,"64,854"
3712,"62,497"
3713,"61,324"
3714,"58,232"
3715,"57,089"
3716,"55,660"
3717,"55,260"
3718,"54,245"
3719,"52,943"
3720,"52,159"
3721,"51,525"
3722,"51,332"
3723,"51,167"
3724,"51,013"
3725,"49,934"
3726,"49,189"
3727,"48,631"
3728,"48,590"
3729,"46,533"
3730,"46,052"
3731,"45,289"
3732,"45,091"
3733,"42,718"
3734,"41,911"
3735,"41,650"
3736,"41,434"
3737,"41,159"
3738,"40,802"
3739,"40,722"
3740,"40,408"
3741,"40,135"
3742,"39,888"
3743,"39,405"
3744,"38,218"
3745,"38,170"
3746,"37,737"
3747,"37,182"
3748,"34,971"
3749,"34,529"
3750,"30,638"
3751,"30,534"
3752,"29,352"
3753,"29,227"
3754,"28,407"
3755,"28,254"
3756,"28,251"
3757,"28,132"
3758,"27,998"
3759,"27,863"
3760,"27,543"
3761,"27,497"
3762,"27,053"
3763,"26,881"
3764,"26,405"
3765,"25,574"
3766,"25,401"
3767,"25,342"
3768,"25,103"
3769,"24,797"
3770,"24,709"
3771,"24,656"
3772,"24,372"
3773,"23,349"
3774,"23,334"
3775,"23,330"
3776,"23,231"
3777,"22,208"
3778,"22,010"
3779,"21,941"
3780,"21,144"
3781,"21,102"
3782,"20,922"
3783,"20,322"
3784,"20,050"
3785,"19,777"
3786,"19,757"
3787,"18,832"
3788,"18,247"
3789,"18,089"
3790,"18,078"
3791,"17,927"
3792,"17,624"
3793,"17,496"
3794,"17,243"
3795,"16,812"
3796,"16,719"
3797,"16,209"
3798,"16,149"
3799,"16,089"
3800,"15,894"
3801,"15,755"
3802,"15,684"
3803,"14,796"
3804,"14,638"
3805,"14,467"
3806,"14,151"
3807,"14,138"
3808,"14,062"
3809,"13,760"
3810,"13,738"
3811,"13,409"
3812,"13,367"
3813,"13,312"
3814,"13,252"
3815,"12,922"
3816,"12,296"
3817,"11,973"
3818,"11,719"
3819,"11,715"
3820,"11,706"
3821,"11,588"
3822,"11,406"
3823,"11,269"
3824,"11,145"
3825,"11,137"
3826,"11,136"
3827,"11,132"
3828,"11,069"
3829,"10,957"
3830,"10,684"
3831,"10,290"
3832,"10,115"
3833,"10,083"
3834,"9,966"
3835,"9,834"
3836,"9,593"
3837,"9,377"
3838,"9,269"
3839,"8,994"
3840,"8,630"
3841,"8,173"
3842,"8,039"
3843,"8,033"
3844,"7,954"
3845,"7,942"
3846,"7,936"
3847,"7,931"
3848,"7,925"
3849,"7,890"
3850,"7,734"
3851,"7,693"
3852,"7,676"
3853,"7,673"
3854,"7,488"
3855,"7,453"
3856,"7,415"
3857,"7,407"
3858,"7,141"
3859,"7,088"
3860,"7,048"
3861,"6,990"
3862,"6,944"
3863,"6,931"
3864,"6,902"
3865,"6,696"
3866,"6,501"
3867,"6,457"
3868,"5,963"
3869,"5,585"
3870,"5,571"
3871,"5,566"
3872,"5,419"
3873,"5,377"
3874,"5,312"
3875,"5,081"
3876,"5,067"
3877,"5,037"
3878,"5,036"
3879,"4,966"
3880,"4,620"
3881,"4,527"
3882,"4,442"
3883,"4,344"
3884,"4,319"
3885,"4,185"
3886,"4,127"
3887,"4,084"
3888,"3,982"
3889,"3,941"
3890,"3,900"
3891,"3,879"
3892,"3,877"
3893,"3,833"
3894,"3,803"
3895,"3,794"
3896,"3,768"
3897,"3,714"
3898,"3,468"
3899,"3,440"
3900,"3,436"
3901,"3,246"
3902,"3,216"
3903,"3,206"
3904,"3,037"
3905,"3,014"
3906,"2,915"
3907,"2,742"
3908,"2,585"
3909,"2,545"
3910,"2,543"
3911,"2,497"
3912,"2,493"
3913,"2,452"
3914,"2,449"
3915,"2,260"
3916,"2,244"
3917,"2,240"
3918,"2,204"
3919,"2,148"
3920,"2,133"
3921,"2,111"
3922,"2,092"
3923,"1,827"
3924,"1,815"
3925,"1,775"
3926,"1,763"
3927,"1,735"
3928,"1,720"
3929,"1,715"
3930,"1,647"
3931,"1,619"
3932,"1,542"
3933,"1,499"
3934,"1,498"
3935,"1,490"
3936,"1,465"
3937,"1,445"
3938,"1,375"
3939,"1,365"
3940,"1,353"
3941,"1,279"
3942,"1,273"
3943,"1,223"
3944,"1,174"
3945,"1,158"
3946,"1,121"
3947,"1,120"
3948,"1,089"
3949,"1,086"
3950,"1,066"
3951,"1,065"
3952,"1,058"
3953,"1,014"
3954,"1,013"
3955,"1,012"
3956,"1,009"
3957,1365826
3958,1081735
3959,702926
3960,614075
3961,555915
3962,550461
3963,536358
3964,457106
3965,429361
3966,377262
3967,363140
3968,362631
3969,329584
3970,311156
3971,298481
3972,248428
3973,244990
3974,212638
3975,210122
3976,207401
3977,206271
3978,187854
3979,177527
3980,170669
3981,153356
3982,148281
3983,147847
3984,135847
3985,135610
3986,135094
3987,134290
3988,132832
3989,131903
3990,121917
3991,120717
3992,113955
3993,111944
3994,106507
3995,100733
3996,"90,028"
3997,"88,069"
3998,"87,725"
3999,"83,275"
4000,"81,503"
4001,"80,645"
4002,"74,709"
4003,"72,589"
4004,"70,246"
4005,"69,904"
4006,"69,189"
4007,"67,083"
4008,"65,898"
4009,"65,139"
4010,"63,277"
4011,"62,656"
4012,"60,726"
4013,"56,796"
4014,"55,931"
4015,"55,529"
4016,"53,928"
4017,"50,378"
4018,"50,041"
4019,"48,580"
4020,"48,376"
4021,"46,964"
4022,"45,832"
4023,"45,705"
4024,"45,256"
4025,"44,072"
4026,"43,869"
4027,"43,718"
4028,"43,484"
4029,"42,848"
4030,"42,733"
4031,"41,323"
4032,"41,271"
4033,"40,088"
4034,"39,949"
4035,"38,390"
4036,"38,079"
4037,"37,921"
4038,"37,876"
4039,"37,856"
4040,"37,680"
4041,"37,493"
4042,"36,753"
4043,"34,448"
4044,"32,781"
4045,"32,446"
4046,"32,060"
4047,"31,719"
4048,"31,707"
4049,"31,083"
4050,"30,897"
4051,"29,425"
4052,"29,024"
4053,"28,512"
4054,"27,860"
4055,"27,503"
4056,"26,339"
4057,"26,065"
4058,"25,913"
4059,"24,563"
4060,"23,840"
4061,"23,468"
4062,"22,806"
4063,"22,693"
4064,"22,285"
4065,"22,156"
4066,"21,859"
4067,"21,474"
4068,"20,910"
4069,"20,671"
4070,"20,618"
4071,"20,336"
4072,"20,329"
4073,"20,248"
4074,"20,206"
4075,"20,036"
4076,"20,007"
4077,"19,662"
4078,"19,390"
4079,"18,592"
4080,"18,548"
4081,"18,380"
4082,"17,971"
4083,"17,870"
4084,"16,952"
4085,"16,642"
4086,"16,486"
4087,"16,319"
4088,"15,980"
4089,"15,389"
4090,"15,267"
4091,"14,999"
4092,"14,635"
4093,"14,465"
4094,"14,439"
4095,"14,205"
4096,"13,637"
4097,"13,602"
4098,"13,285"
4099,"13,282"
4100,"13,194"
4101,"12,969"
4102,"12,769"
4103,"12,471"
4104,"12,436"
4105,"12,269"
4106,"12,226"
4107,"12,222"
4108,"11,808"
4109,"11,757"
4110,"11,723"
4111,"11,439"
4112,"11,348"
4113,"10,559"
4114,"10,039"
4115,"9,866"
4116,"9,797"
4117,"9,755"
4118,"9,668"
4119,"9,475"
4120,"9,468"
4121,"9,277"
4122,"9,138"
4123,"9,131"
4124,"8,945"
4125,"8,837"
4126,"8,715"
4127,"8,607"
4128,"8,601"
4129,"8,537"
4130,"8,501"
4131,"8,456"
4132,"8,425"
4133,"8,340"
4134,"8,154"
4135,"7,931"
4136,"7,918"
4137,"7,863"
4138,"7,694"
4139,"7,658"
4140,"7,630"
4141,"7,549"
4142,"7,349"
4143,"7,336"
4144,"7,314"
4145,"7,308"
4146,"7,222"
4147,"7,214"
4148,"7,067"
4149,"6,961"
4150,"6,937"
4151,"6,925"
4152,"6,914"
4153,"6,851"
4154,"6,553"
4155,"6,500"
4156,"6,482"
4157,"6,397"
4158,"6,390"
4159,"6,243"
4160,"6,235"
4161,"5,948"
4162,"5,946"
4163,"5,943"
4164,"5,710"
4165,"5,539"
4166,"5,537"
4167,"5,499"
4168,"5,416"
4169,"5,261"
4170,"5,248"
4171,"5,193"
4172,"5,116"
4173,"5,024"
4174,"4,900"
4175,"4,596"
4176,"4,547"
4177,"4,404"
4178,"4,237"
4179,"4,219"
4180,"4,211"
4181,"4,080"
4182,"4,043"
4183,"3,891"
4184,"3,842"
4185,"3,815"
4186,"3,609"
4187,"3,486"
4188,"3,469"
4189,"3,448"
4190,"3,442"
4191,"3,420"
4192,"3,137"
4193,"3,108"
4194,"3,103"
4195,"2,887"
4196,"2,847"
4197,"2,788"
4198,"2,638"
4199,"2,613"
4200,"2,608"
4201,"2,554"
4202,"2,436"
4203,"2,307"
4204,"2,303"
4205,"2,288"
4206,"2,126"
4207,"2,123"
4208,"2,102"
4209,"1,982"
4210,"1,973"
4211,"1,972"
4212,"1,925"
4213,"1,894"
4214,"1,874"
4215,"1,782"
4216,"1,774"
4217,"1,757"
4218,"1,624"
4219,"1,604"
4220,"1,586"
4221,"1,533"
4222,"1,428"
4223,"1,426"
4224,"1,370"
4225,"1,364"
4226,"1,324"
4227,"1,318"
4228,"1,314"
4229,"1,282"
4230,"1,265"
4231,"1,262"
4232,"1,255"
4233,"1,211"
4234,"1,164"
4235,"1,124"
4236,"1,105"
4237,"1,084"
4238,"1,078"
4239,"1,070"
4240,"1,067"
4241,"1,065"
4242,"1,032"
4243,1417951
4244,1213200
4245,637156
4246,582828
4247,578693
4248,553325
4249,479023
4250,450055
4251,392245
4252,346128
4253,345277
4254,312581
4255,302300
4256,284697
4257,249747
4258,243529
4259,207431
4260,205650
4261,204468
4262,186743
4263,183978
4264,181518
4265,177197
4266,169307
4267,149353
4268,144011
4269,139890
4270,138759
4271,132865
4272,130708
4273,126357
4274,123777
4275,118670
4276,114654
4277,114512
4278,105446
4279,105261
4280,105239
4281,104017
4282,"99,076"
4283,"97,034"
4284,"89,738"
4285,"83,212"
4286,"81,195"
4287,"71,460"
4288,"71,229"
4289,"70,772"
4290,"70,351"
4291,"69,381"
4292,"68,700"
4293,"68,467"
4294,"64,752"
4295,"60,033"
4296,"59,564"
4297,"58,420"
4298,"55,383"
4299,"53,656"
4300,"51,746"
4301,"50,921"
4302,"47,421"
4303,"46,963"
4304,"46,630"
4305,"45,391"
4306,"44,760"
4307,"43,502"
4308,"43,242"
4309,"42,289"
4310,"41,749"
4311,"40,896"
4312,"40,573"
4313,"40,161"
4314,"39,589"
4315,"38,736"
4316,"37,728"
4317,"36,754"
4318,"36,621"
4319,"36,506"
4320,"36,213"
4321,"35,138"
4322,"34,943"
4323,"34,857"
4324,"32,488"
4325,"31,950"
4326,"30,724"
4327,"30,183"
4328,"30,173"
4329,"30,107"
4330,"29,845"
4331,"29,689"
4332,"29,435"
4333,"29,404"
4334,"28,893"
4335,"27,421"
4336,"26,626"
4337,"26,415"
4338,"26,263"
4339,"25,836"
4340,"25,717"
4341,"24,842"
4342,"24,213"
4343,"24,075"
4344,"22,851"
4345,"22,013"
4346,"21,900"
4347,"21,872"
4348,"21,811"
4349,"21,700"
4350,"21,163"
4351,"21,066"
4352,"20,713"
4353,"20,117"
4354,"18,615"
4355,"18,560"
4356,"18,088"
4357,"17,505"
4358,"17,455"
4359,"17,441"
4360,"16,741"
4361,"15,721"
4362,"15,291"
4363,"15,166"
4364,"15,134"
4365,"15,077"
4366,"15,001"
4367,"14,940"
4368,"14,904"
4369,"14,523"
4370,"14,309"
4371,"14,260"
4372,"14,111"
4373,"14,000"
4374,"13,976"
4375,"13,732"
4376,"13,686"
4377,"13,321"
4378,"12,819"
4379,"12,618"
4380,"12,457"
4381,"12,328"
4382,"12,273"
4383,"12,150"
4384,"11,934"
4385,"11,845"
4386,"11,440"
4387,"10,641"
4388,"10,250"
4389,"10,243"
4390,"10,192"
4391,"10,141"
4392,"10,075"
4393,"10,028"
4394,"9,829"
4395,"9,828"
4396,"9,686"
4397,"9,681"
4398,"9,585"
4399,"9,529"
4400,"9,380"
4401,"9,286"
4402,"9,122"
4403,"8,916"
4404,"8,867"
4405,"8,577"
4406,"8,425"
4407,"8,138"
4408,"8,008"
4409,"7,935"
4410,"7,879"
4411,"7,796"
4412,"7,706"
4413,"7,612"
4414,"7,554"
4415,"7,137"
4416,"6,967"
4417,"6,916"
4418,"6,854"
4419,"6,828"
4420,"6,781"
4421,"6,665"
4422,"6,589"
4423,"6,465"
4424,"6,465"
4425,"6,224"
4426,"6,126"
4427,"6,043"
4428,"5,921"
4429,"5,884"
4430,"5,805"
4431,"5,756"
4432,"5,718"
4433,"5,665"
4434,"5,590"
4435,"5,571"
4436,"5,555"
4437,"5,452"
4438,"5,401"
4439,"5,399"
4440,"5,394"
4441,"5,231"
4442,"5,174"
4443,"5,133"
4444,"5,050"
4445,"4,844"
4446,"4,822"
4447,"4,642"
4448,"4,542"
4449,"4,496"
4450,"4,179"
4451,"4,139"
4452,"4,083"
4453,"4,066"
4454,"3,997"
4455,"3,956"
4456,"3,946"
4457,"3,903"
4458,"3,816"
4459,"3,760"
4460,"3,714"
4461,"3,488"
4462,"3,453"
4463,"3,393"
4464,"3,389"
4465,"3,127"
4466,"3,095"
4467,"3,077"
4468,"2,678"
4469,"2,666"
4470,"2,608"
4471,"2,425"
4472,"2,360"
4473,"2,309"
4474,"2,210"
4475,"2,193"
4476,"2,172"
4477,"2,143"
4478,"2,024"
4479,"1,987"
4480,"1,963"
4481,"1,948"
4482,"1,923"
4483,"1,825"
4484,"1,795"
4485,"1,788"
4486,"1,752"
4487,"1,746"
4488,"1,697"
4489,"1,688"
4490,"1,686"
4491,"1,669"
4492,"1,624"
4493,"1,592"
4494,"1,592"
4495,"1,588"
4496,"1,574"
4497,"1,566"
4498,"1,544"
4499,"1,521"
4500,"1,521"
4501,"1,516"
4502,"1,515"
4503,"1,484"
4504,"1,477"
4505,"1,452"
4506,"1,405"
4507,"1,401"
4508,"1,363"
4509,"1,332"
4510,"1,304"
4511,"1,251"
4512,"1,249"
4513,"1,246"
4514,"1,224"
4515,"1,220"
4516,"1,144"
4517,"1,121"
4518,"1,111"
4519,"1,021"
4520,1452665
4521,1321937
4522,623433
4523,550922
4524,549505
4525,541514
4526,451868
4527,436537
4528,411973
4529,359484
4530,321294
4531,289856
4532,272566
4533,254764
4534,233689
4535,230858
4536,218858
4537,200523
4538,164962
4539,162127
4540,156051
4541,151363
4542,148512
4543,144928
4544,138286
4545,138134
4546,129552
4547,128499
4548,128159
4549,121288
4550,119977
4551,117488
4552,115610
4553,113004
4554,112870
4555,112611
4556,109700
4557,105624
4558,102419
4559,101137
4560,"82,707"
4561,"80,930"
4562,"76,020"
4563,"71,648"
4564,"69,243"
4565,"64,016"
4566,"63,035"
4567,"61,856"
4568,"59,914"
4569,"58,803"
4570,"57,036"
4571,"55,370"
4572,"54,522"
4573,"53,795"
4574,"52,952"
4575,"52,198"
4576,"50,753"
4577,"49,283"
4578,"47,883"
4579,"46,173"
4580,"42,554"
4581,"41,833"
4582,"41,438"
4583,"40,823"
4584,"40,718"
4585,"40,463"
4586,"38,382"
4587,"38,342"
4588,"38,145"
4589,"37,840"
4590,"36,324"
4591,"34,555"
4592,"34,423"
4593,"34,017"
4594,"33,622"
4595,"32,555"
4596,"31,095"
4597,"30,845"
4598,"30,303"
4599,"30,250"
4600,"30,171"
4601,"28,857"
4602,"28,701"
4603,"28,046"
4604,"27,967"
4605,"27,383"
4606,"27,146"
4607,"26,907"
4608,"25,970"
4609,"25,469"
4610,"24,677"
4611,"23,383"
4612,"22,552"
4613,"22,429"
4614,"22,424"
4615,"22,370"
4616,"22,221"
4617,"21,730"
4618,"21,581"
4619,"21,266"
4620,"21,263"
4621,"21,231"
4622,"20,863"
4623,"19,719"
4624,"19,443"
4625,"18,996"
4626,"18,847"
4627,"18,749"
4628,"18,733"
4629,"18,703"
4630,"17,071"
4631,"16,976"
4632,"16,445"
4633,"16,227"
4634,"16,209"
4635,"15,437"
4636,"15,284"
4637,"14,880"
4638,"14,751"
4639,"14,674"
4640,"14,517"
4641,"14,090"
4642,"14,021"
4643,"13,824"
4644,"13,515"
4645,"13,199"
4646,"13,188"
4647,"12,996"
4648,"12,887"
4649,"12,482"
4650,"12,163"
4651,"11,929"
4652,"11,687"
4653,"11,350"
4654,"11,038"
4655,"10,861"
4656,"10,556"
4657,"10,109"
4658,"10,004"
4659,"9,812"
4660,"9,756"
4661,"9,655"
4662,"9,607"
4663,"9,554"
4664,"9,344"
4665,"9,341"
4666,"9,316"
4667,"9,173"
4668,"9,153"
4669,"9,058"
4670,"8,589"
4671,"8,563"
4672,"8,552"
4673,"8,330"
4674,"8,046"
4675,"8,022"
4676,"7,897"
4677,"7,884"
4678,"7,857"
4679,"7,847"
4680,"7,840"
4681,"7,831"
4682,"7,824"
4683,"7,770"
4684,"7,613"
4685,"7,428"
4686,"7,162"
4687,"7,041"
4688,"7,013"
4689,"6,913"
4690,"6,879"
4691,"6,633"
4692,"6,620"
4693,"6,328"
4694,"6,295"
4695,"6,194"
4696,"5,889"
4697,"5,747"
4698,"5,732"
4699,"5,567"
4700,"5,415"
4701,"5,284"
4702,"5,276"
4703,"5,156"
4704,"5,132"
4705,"5,129"
4706,"5,083"
4707,"5,074"
4708,"5,073"
4709,"4,879"
4710,"4,837"
4711,"4,821"
4712,"4,735"
4713,"4,428"
4714,"4,274"
4715,"4,242"
4716,"4,067"
4717,"3,869"
4718,"3,834"
4719,"3,798"
4720,"3,797"
4721,"3,707"
4722,"3,675"
4723,"3,649"
4724,"3,602"
4725,"3,536"
4726,"3,266"
4727,"3,256"
4728,"3,182"
4729,"3,068"
4730,"2,992"
4731,"2,950"
4732,"2,894"
4733,"2,867"
4734,"2,744"
4735,"2,602"
4736,"2,475"
4737,"2,412"
4738,"2,402"
4739,"2,395"
4740,"2,385"
4741,"2,275"
4742,"2,206"
4743,"2,186"
4744,"2,068"
4745,"2,056"
4746,"2,043"
4747,"2,029"
4748,"2,001"
4749,"1,977"
4750,"1,974"
4751,"1,966"
4752,"1,960"
4753,"1,950"
4754,"1,870"
4755,"1,866"
4756,"1,834"
4757,"1,828"
4758,"1,826"
4759,"1,796"
4760,"1,721"
4761,"1,675"
4762,"1,647"
4763,"1,626"
4764,"1,585"
4765,"1,574"
4766,"1,547"
4767,"1,504"
4768,"1,481"
4769,"1,466"
4770,"1,447"
4771,"1,349"
4772,"1,262"
4773,"1,243"
4774,"1,226"
4775,"1,224"
4776,"1,203"
4777,"1,142"
4778,"1,089"
4779,"1,051"
4780,"1,048"
4781,"1,030"
4782,1499732
4783,1408768
4784,652975
4785,562024
4786,525428
4787,519526
4788,479654
4789,416140
4790,360707
4791,333981
4792,297318
4793,285422
4794,269156
4795,268281
4796,245599
4797,236277
4798,192741
4799,183141
4800,177790
4801,170946
4802,149552
4803,149524
4804,147080
4805,135273
4806,128171
4807,124266
4808,123949
4809,119106
4810,117393
4811,114794
4812,110710
4813,108945
4814,107537
4815,105013
4816,100688
4817,"99,967"
4818,"94,058"
4819,"81,271"
4820,"76,236"
4821,"73,771"
4822,"68,426"
4823,"68,192"
4824,"63,332"
4825,"63,172"
4826,"61,125"
4827,"61,027"
4828,"59,323"
4829,"57,949"
4830,"57,626"
4831,"56,928"
4832,"55,485"
4833,"54,548"
4834,"50,515"
4835,"49,898"
4836,"49,452"
4837,"48,775"
4838,"46,688"
4839,"46,428"
4840,"43,470"
4841,"42,957"
4842,"41,755"
4843,"40,283"
4844,"36,104"
4845,"36,066"
4846,"34,692"
4847,"34,500"
4848,"34,410"
4849,"32,740"
4850,"32,096"
4851,"31,621"
4852,"31,355"
4853,"30,995"
4854,"29,934"
4855,"29,733"
4856,"29,705"
4857,"29,299"
4858,"28,918"
4859,"28,531"
4860,"27,527"
4861,"27,234"
4862,"27,228"
4863,"26,563"
4864,"26,185"
4865,"24,989"
4866,"24,530"
4867,"24,033"
4868,"23,424"
4869,"23,275"
4870,"23,022"
4871,"22,770"
4872,"22,742"
4873,"22,399"
4874,"21,831"
4875,"21,559"
4876,"21,346"
4877,"21,150"
4878,"20,251"
4879,"19,342"
4880,"19,177"
4881,"18,737"
4882,"18,287"
4883,"18,184"
4884,"17,799"
4885,"17,412"
4886,"16,913"
4887,"16,887"
4888,"16,627"
4889,"16,450"
4890,"15,730"
4891,"15,638"
4892,"15,419"
4893,"15,413"
4894,"15,054"
4895,"14,768"
4896,"14,664"
4897,"13,924"
4898,"13,753"
4899,"13,623"
4900,"13,449"
4901,"13,169"
4902,"12,875"
4903,"12,828"
4904,"12,349"
4905,"12,248"
4906,"12,153"
4907,"12,053"
4908,"11,909"
4909,"11,578"
4910,"11,332"
4911,"11,328"
4912,"11,284"
4913,"11,164"
4914,"10,620"
4915,"10,452"
4916,"10,014"
4917,"9,860"
4918,"9,847"
4919,"9,308"
4920,"9,268"
4921,"9,028"
4922,"9,012"
4923,"8,882"
4924,"8,747"
4925,"8,507"
4926,"8,379"
4927,"7,952"
4928,"7,845"
4929,"7,676"
4930,"7,522"
4931,"7,387"
4932,"7,208"
4933,"6,967"
4934,"6,761"
4935,"6,356"
4936,"6,334"
4937,"6,249"
4938,"6,195"
4939,"6,143"
4940,"6,093"
4941,"5,994"
4942,"5,920"
4943,"5,808"
4944,"5,574"
4945,"5,553"
4946,"5,500"
4947,"5,491"
4948,"5,465"
4949,"5,423"
4950,"5,407"
4951,"5,373"
4952,"5,197"
4953,"4,811"
4954,"4,771"
4955,"4,695"
4956,"4,676"
4957,"4,668"
4958,"4,564"
4959,"4,281"
4960,"4,267"
4961,"4,241"
4962,"4,167"
4963,"4,163"
4964,"4,152"
4965,"4,095"
4966,"4,079"
4967,"4,006"
4968,"3,949"
4969,"3,938"
4970,"3,921"
4971,"3,898"
4972,"3,891"
4973,"3,695"
4974,"3,669"
4975,"3,602"
4976,"3,540"
4977,"3,439"
4978,"3,429"
4979,"3,364"
4980,"3,341"
4981,"3,305"
4982,"3,263"
4983,"3,216"
4984,"3,194"
4985,"3,097"
4986,"3,048"
4987,"2,956"
4988,"2,876"
4989,"2,863"
4990,"2,799"
4991,"2,787"
4992,"2,687"
4993,"2,606"
4994,"2,600"
4995,"2,518"
4996,"2,351"
4997,"2,330"
4998,"2,257"
4999,"2,218"
5000,"2,180"
5001,"2,174"
5002,"2,174"
5003,"2,134"
5004,"2,118"
5005,"2,118"
5006,"1,963"
5007,"1,940"
5008,"1,916"
5009,"1,915"
5010,"1,904"
5011,"1,818"
5012,"1,809"
5013,"1,754"
5014,"1,698"
5015,"1,675"
5016,"1,636"
5017,"1,618"
5018,"1,601"
5019,"1,584"
5020,"1,536"
5021,"1,534"
5022,"1,512"
5023,"1,512"
5024,"1,478"
5025,"1,448"
5026,"1,405"
5027,"1,273"
5028,"1,235"
5029,"1,198"
5030,"1,147"
5031,"1,118"
5032,"1,089"
5033,"1,071"
5034,"1,054"
5035,"1,029"
5036,"1,007"
5037,"1,006"
5038,"1,004"
5039,1536099
5040,1477745
5041,673419
5042,642748
5043,496483
5044,486042
5045,395945
5046,391979
5047,317329
5048,316116
5049,305265
5050,304328
5051,249569
5052,246252
5053,232444
5054,209946
5055,209038
5056,182237
5057,176032
5058,161660
5059,156050
5060,147886
5061,130420
5062,129195
5063,126297
5064,121381
5065,119715
5066,116983
5067,110685
5068,104980
5069,104082
5070,102469
5071,"91,296"
5072,"85,971"
5073,"84,805"
5074,"84,011"
5075,"76,280"
5076,"72,737"
5077,"69,465"
5078,"67,592"
5079,"62,808"
5080,"60,378"
5081,"57,172"
5082,"57,082"
5083,"54,116"
5084,"53,475"
5085,"53,192"
5086,"47,999"
5087,"47,615"
5088,"47,252"
5089,"45,992"
5090,"45,317"
5091,"45,261"
5092,"43,581"
5093,"39,657"
5094,"39,425"
5095,"39,258"
5096,"37,750"
5097,"36,656"
5098,"36,096"
5099,"34,408"
5100,"32,346"
5101,"32,239"
5102,"32,223"
5103,"31,864"
5104,"31,417"
5105,"30,637"
5106,"30,597"
5107,"29,881"
5108,"28,884"
5109,"28,795"
5110,"28,637"
5111,"28,563"
5112,"28,312"
5113,"28,024"
5114,"26,837"
5115,"26,137"
5116,"26,121"
5117,"25,823"
5118,"25,607"
5119,"25,268"
5120,"24,673"
5121,"24,459"
5122,"23,652"
5123,"22,980"
5124,"21,353"
5125,"20,805"
5126,"20,676"
5127,"20,586"
5128,"19,319"
5129,"18,461"
5130,"17,583"
5131,"17,464"
5132,"16,819"
5133,"16,759"
5134,"16,127"
5135,"16,077"
5136,"16,063"
5137,"15,778"
5138,"15,291"
5139,"14,539"
5140,"14,480"
5141,"14,111"
5142,"13,869"
5143,"12,956"
5144,"12,905"
5145,"12,676"
5146,"12,630"
5147,"12,273"
5148,"12,242"
5149,"12,015"
5150,"11,710"
5151,"11,687"
5152,"11,604"
5153,"11,508"
5154,"11,494"
5155,"11,476"
5156,"11,393"
5157,"10,848"
5158,"10,466"
5159,"10,411"
5160,"9,880"
5161,"9,796"
5162,"9,697"
5163,"9,651"
5164,"9,579"
5165,"9,569"
5166,"9,515"
5167,"9,413"
5168,"8,992"
5169,"8,981"
5170,"8,835"
5171,"8,723"
5172,"8,643"
5173,"8,593"
5174,"8,337"
5175,"8,225"
5176,"8,081"
5177,"7,977"
5178,"7,886"
5179,"7,803"
5180,"7,568"
5181,"7,361"
5182,"7,216"
5183,"6,887"
5184,"6,828"
5185,"6,556"
5186,"6,397"
5187,"6,035"
5188,"5,927"
5189,"5,630"
5190,"5,602"
5191,"5,594"
5192,"5,566"
5193,"5,227"
5194,"5,203"
5195,"5,186"
5196,"5,180"
5197,"4,965"
5198,"4,922"
5199,"4,921"
5200,"4,901"
5201,"4,876"
5202,"4,834"
5203,"4,706"
5204,"4,599"
5205,"4,508"
5206,"4,250"
5207,"4,056"
5208,"3,844"
5209,"3,832"
5210,"3,805"
5211,"3,753"
5212,"3,706"
5213,"3,654"
5214,"3,629"
5215,"3,623"
5216,"3,546"
5217,"3,460"
5218,"3,409"
5219,"3,372"
5220,"3,348"
5221,"3,295"
5222,"3,239"
5223,"3,234"
5224,"3,185"
5225,"3,163"
5226,"3,157"
5227,"3,096"
5228,"3,094"
5229,"3,071"
5230,"3,041"
5231,"2,978"
5232,"2,877"
5233,"2,807"
5234,"2,726"
5235,"2,707"
5236,"2,688"
5237,"2,686"
5238,"2,655"
5239,"2,646"
5240,"2,487"
5241,"2,411"
5242,"2,382"
5243,"2,365"
5244,"2,266"
5245,"2,221"
5246,"2,212"
5247,"2,206"
5248,"2,164"
5249,"2,131"
5250,"2,120"
5251,"2,056"
5252,"2,031"
5253,"2,015"
5254,"1,990"
5255,"1,951"
5256,"1,827"
5257,"1,781"
5258,"1,773"
5259,"1,765"
5260,"1,761"
5261,"1,745"
5262,"1,723"
5263,"1,623"
5264,"1,563"
5265,"1,530"
5266,"1,509"
5267,"1,485"
5268,"1,466"
5269,"1,429"
5270,"1,407"
5271,"1,280"
5272,"1,248"
5273,"1,204"
5274,"1,180"
5275,"1,144"
5276,"1,128"
5277,"1,099"
5278,"1,092"
5279,"1,059"
5280,"1,028"
5281,1561512
5282,1509555
5283,781365
5284,615920
5285,480268
5286,452866
5287,373581
5288,360790
5289,332201
5290,289222
5291,283791
5292,253768
5293,244086
5294,230517
5295,200625
5296,182016
5297,178764
5298,177651
5299,175391
5300,172159
5301,170852
5302,141352
5303,139462
5304,122082
5305,119559
5306,107772
5307,106689
5308,105852
5309,103840
5310,101053
5311,"95,270"
5312,"86,859"
5313,"82,688"
5314,"78,678"
5315,"74,269"
5316,"71,502"
5317,"63,640"
5318,"63,341"
5319,"61,849"
5320,"60,495"
5321,"60,413"
5322,"57,164"
5323,"55,631"
5324,"51,497"
5325,"46,308"
5326,"45,074"
5327,"44,621"
5328,"40,944"
5329,"38,980"
5330,"38,281"
5331,"38,066"
5332,"37,954"
5333,"37,705"
5334,"36,759"
5335,"36,043"
5336,"35,466"
5337,"34,705"
5338,"31,259"
5339,"30,567"
5340,"30,421"
5341,"30,375"
5342,"30,309"
5343,"30,178"
5344,"28,995"
5345,"28,266"
5346,"28,091"
5347,"28,020"
5348,"27,949"
5349,"27,473"
5350,"26,104"
5351,"25,642"
5352,"25,268"
5353,"24,536"
5354,"24,531"
5355,"24,112"
5356,"23,934"
5357,"23,296"
5358,"23,127"
5359,"22,930"
5360,"22,457"
5361,"22,369"
5362,"22,217"
5363,"22,200"
5364,"21,132"
5365,"21,066"
5366,"19,695"
5367,"19,323"
5368,"18,990"
5369,"18,752"
5370,"18,497"
5371,"17,585"
5372,"17,179"
5373,"16,849"
5374,"16,764"
5375,"16,738"
5376,"16,671"
5377,"16,497"
5378,"15,713"
5379,"15,665"
5380,"14,434"
5381,"13,402"
5382,"13,251"
5383,"12,868"
5384,"12,722"
5385,"12,682"
5386,"12,412"
5387,"11,727"
5388,"11,490"
5389,"11,477"
5390,"10,862"
5391,"10,718"
5392,"10,681"
5393,"10,171"
5394,"10,102"
5395,"10,086"
5396,"9,664"
5397,"9,647"
5398,"9,393"
5399,"9,102"
5400,"8,939"
5401,"8,930"
5402,"8,697"
5403,"8,666"
5404,"8,486"
5405,"8,116"
5406,"7,974"
5407,"7,927"
5408,"7,821"
5409,"7,574"
5410,"7,563"
5411,"7,436"
5412,"7,139"
5413,"6,775"
5414,"6,604"
5415,"6,476"
5416,"6,373"
5417,"6,249"
5418,"6,170"
5419,"6,053"
5420,"6,049"
5421,"6,043"
5422,"5,915"
5423,"5,837"
5424,"5,836"
5425,"5,634"
5426,"5,594"
5427,"5,533"
5428,"5,466"
5429,"5,389"
5430,"4,962"
5431,"4,833"
5432,"4,476"
5433,"4,461"
5434,"4,443"
5435,"4,432"
5436,"4,432"
5437,"4,422"
5438,"4,360"
5439,"4,291"
5440,"4,214"
5441,"4,039"
5442,"4,023"
5443,"3,815"
5444,"3,599"
5445,"3,580"
5446,"3,526"
5447,"3,483"
5448,"3,480"
5449,"3,415"
5450,"3,363"
5451,"3,356"
5452,"3,176"
5453,"3,048"
5454,"2,943"
5455,"2,843"
5456,"2,775"
5457,"2,661"
5458,"2,652"
5459,"2,542"
5460,"2,423"
5461,"2,383"
5462,"2,374"
5463,"2,331"
5464,"2,316"
5465,"2,271"
5466,"2,203"
5467,"2,194"
5468,"2,154"
5469,"2,114"
5470,"2,091"
5471,"2,071"
5472,"2,040"
5473,"2,009"
5474,"2,005"
5475,"1,987"
5476,"1,973"
5477,"1,933"
5478,"1,896"
5479,"1,890"
5480,"1,884"
5481,"1,849"
5482,"1,837"
5483,"1,800"
5484,"1,735"
5485,"1,712"
5486,"1,699"
5487,"1,671"
5488,"1,615"
5489,"1,454"
5490,"1,452"
5491,"1,437"
5492,"1,362"
5493,"1,349"
5494,"1,348"
5495,"1,278"
5496,"1,269"
5497,"1,230"
5498,"1,208"
5499,"1,195"
5500,"1,190"
5501,"1,172"
5502,"1,136"
5503,"1,129"
5504,"1,096"
5505,"1,076"
5506,1559343
5507,1527071
5508,861723
5509,580367
5510,463804
5511,424085
5512,390484
5513,341665
5514,341343
5515,261325
5516,242806
5517,233836
5518,208784
5519,208036
5520,194094
5521,177719
5522,175512
5523,166315
5524,160505
5525,153462
5526,145301
5527,126927
5528,124413
5529,118033
5530,103494
5531,101633
5532,"99,587"
5533,"99,424"
5534,"97,516"
5535,"90,819"
5536,"87,115"
5537,"87,092"
5538,"86,851"
5539,"85,624"
5540,"70,017"
5541,"62,051"
5542,"62,046"
5543,"57,043"
5544,"56,352"
5545,"52,181"
5546,"52,179"
5547,"48,988"
5548,"47,042"
5549,"46,677"
5550,"44,687"
5551,"43,715"
5552,"41,169"
5553,"39,564"
5554,"38,313"
5555,"38,173"
5556,"37,378"
5557,"36,772"
5558,"35,362"
5559,"33,237"
5560,"32,859"
5561,"31,594"
5562,"31,466"
5563,"31,352"
5564,"29,495"
5565,"29,222"
5566,"27,182"
5567,"26,136"
5568,"25,097"
5569,"24,949"
5570,"24,583"
5571,"24,322"
5572,"23,979"
5573,"23,226"
5574,"23,035"
5575,"22,934"
5576,"22,344"
5577,"21,473"
5578,"21,430"
5579,"20,817"
5580,"20,348"
5581,"20,294"
5582,"19,771"
5583,"18,887"
5584,"18,886"
5585,"18,574"
5586,"17,968"
5587,"17,773"
5588,"16,932"
5589,"16,848"
5590,"16,595"
5591,"16,495"
5592,"16,180"
5593,"15,839"
5594,"15,417"
5595,"15,115"
5596,"15,040"
5597,"15,010"
5598,"14,978"
5599,"13,943"
5600,"13,774"
5601,"13,478"
5602,"13,181"
5603,"13,116"
5604,"12,523"
5605,"11,422"
5606,"11,040"
5607,"11,029"
5608,"11,007"
5609,"10,993"
5610,"10,976"
5611,"10,817"
5612,"10,486"
5613,"10,257"
5614,"9,941"
5615,"9,720"
5616,"9,482"
5617,"9,293"
5618,"8,942"
5619,"8,840"
5620,"8,780"
5621,"8,676"
5622,"8,676"
5623,"8,513"
5624,"8,357"
5625,"8,297"
5626,"8,241"
5627,"8,190"
5628,"8,147"
5629,"8,144"
5630,"7,714"
5631,"7,557"
5632,"7,336"
5633,"7,277"
5634,"7,099"
5635,"6,901"
5636,"6,802"
5637,"6,794"
5638,"6,569"
5639,"6,379"
5640,"5,944"
5641,"5,888"
5642,"5,807"
5643,"5,785"
5644,"5,657"
5645,"5,513"
5646,"5,368"
5647,"5,081"
5648,"5,069"
5649,"5,012"
5650,"4,688"
5651,"4,595"
5652,"4,472"
5653,"4,342"
5654,"4,300"
5655,"4,250"
5656,"4,246"
5657,"4,184"
5658,"4,147"
5659,"3,979"
5660,"3,927"
5661,"3,755"
5662,"3,456"
5663,"3,383"
5664,"3,250"
5665,"3,174"
5666,"3,131"
5667,"3,040"
5668,"2,948"
5669,"2,898"
5670,"2,822"
5671,"2,729"
5672,"2,586"
5673,"2,586"
5674,"2,542"
5675,"2,469"
5676,"2,464"
5677,"2,386"
5678,"2,229"
5679,"2,224"
5680,"2,210"
5681,"2,191"
5682,"2,162"
5683,"2,133"
5684,"2,131"
5685,"2,095"
5686,"2,053"
5687,"2,012"
5688,"2,003"
5689,"1,864"
5690,"1,837"
5691,"1,810"
5692,"1,745"
5693,"1,745"
5694,"1,722"
5695,"1,676"
5696,"1,667"
5697,"1,602"
5698,"1,579"
5699,"1,551"
5700,"1,518"
5701,"1,481"
5702,"1,442"
5703,"1,442"
5704,"1,418"
5705,"1,393"
5706,"1,381"
5707,"1,381"
5708,"1,361"
5709,"1,360"
5710,"1,357"
5711,"1,312"
5712,"1,289"
5713,"1,283"
5714,"1,279"
5715,"1,268"
5716,"1,175"
5717,"1,166"
5718,"1,099"
5719,"1,069"
5720,"1,068"
5721,1500894
5722,1500345
5723,905987
5724,531551
5725,433538
5726,405131
5727,389446
5728,340409
5729,312033
5730,245066
5731,234380
5732,210183
5733,203382
5734,177285
5735,164353
5736,161002
5737,158321
5738,147109
5739,140319
5740,129366
5741,125407
5742,110531
5743,109381
5744,"94,353"
5745,"93,808"
5746,"91,206"
5747,"91,027"
5748,"90,268"
5749,"86,960"
5750,"86,587"
5751,"86,272"
5752,"85,587"
5753,"81,242"
5754,"67,308"
5755,"67,075"
5756,"60,209"
5757,"56,750"
5758,"55,572"
5759,"53,532"
5760,"53,521"
5761,"49,798"
5762,"47,271"
5763,"47,250"
5764,"47,191"
5765,"46,593"
5766,"45,793"
5767,"43,249"
5768,"39,543"
5769,"38,560"
5770,"36,005"
5771,"34,964"
5772,"34,559"
5773,"32,466"
5774,"31,765"
5775,"29,208"
5776,"28,604"
5777,"28,417"
5778,"27,881"
5779,"27,139"
5780,"26,644"
5781,"26,558"
5782,"26,524"
5783,"25,928"
5784,"22,901"
5785,"22,532"
5786,"22,434"
5787,"22,397"
5788,"22,343"
5789,"21,655"
5790,"21,446"
5791,"21,109"
5792,"20,989"
5793,"20,091"
5794,"19,934"
5795,"19,863"
5796,"19,810"
5797,"19,761"
5798,"19,176"
5799,"18,028"
5800,"17,716"
5801,"16,778"
5802,"16,451"
5803,"16,043"
5804,"15,785"
5805,"14,655"
5806,"13,933"
5807,"13,835"
5808,"13,481"
5809,"13,412"
5810,"13,410"
5811,"13,020"
5812,"12,021"
5813,"11,945"
5814,"11,689"
5815,"11,655"
5816,"11,531"
5817,"10,461"
5818,"10,439"
5819,"10,155"
5820,"10,147"
5821,"9,662"
5822,"9,658"
5823,"9,612"
5824,"9,528"
5825,"9,434"
5826,"9,329"
5827,"8,955"
5828,"8,830"
5829,"8,803"
5830,"8,754"
5831,"8,684"
5832,"8,203"
5833,"8,112"
5834,"8,028"
5835,"7,818"
5836,"7,224"
5837,"7,096"
5838,"6,910"
5839,"6,558"
5840,"6,455"
5841,"6,381"
5842,"6,279"
5843,"6,072"
5844,"6,032"
5845,"6,021"
5846,"5,681"
5847,"5,542"
5848,"5,364"
5849,"5,313"
5850,"5,112"
5851,"5,101"
5852,"5,070"
5853,"4,872"
5854,"4,778"
5855,"4,500"
5856,"4,379"
5857,"4,366"
5858,"4,344"
5859,"4,292"
5860,"4,154"
5861,"4,146"
5862,"4,041"
5863,"4,030"
5864,"3,885"
5865,"3,661"
5866,"3,531"
5867,"3,484"
5868,"3,443"
5869,"3,399"
5870,"3,308"
5871,"3,244"
5872,"3,182"
5873,"3,078"
5874,"2,961"
5875,"2,935"
5876,"2,823"
5877,"2,739"
5878,"2,687"
5879,"2,541"
5880,"2,389"
5881,"2,332"
5882,"2,327"
5883,"2,257"
5884,"2,118"
5885,"2,109"
5886,"2,053"
5887,"2,032"
5888,"1,991"
5889,"1,892"
5890,"1,866"
5891,"1,797"
5892,"1,759"
5893,"1,736"
5894,"1,735"
5895,"1,729"
5896,"1,711"
5897,"1,644"
5898,"1,640"
5899,"1,496"
5900,"1,468"
5901,"1,468"
5902,"1,447"
5903,"1,437"
5904,"1,400"
5905,"1,390"
5906,"1,382"
5907,"1,335"
5908,"1,322"
5909,"1,304"
5910,"1,292"
5911,"1,275"
5912,"1,274"
5913,"1,229"
5914,"1,203"
5915,"1,151"
5916,"1,098"
5917,"1,011"
5918,1526771
5919,1493568
5920,946240
5921,484192
5922,423833
5923,417696
5924,367211
5925,338761
5926,308466
5927,255126
5928,216656
5929,213618
5930,179616
5931,177451
5932,155042
5933,152453
5934,139236
5935,122709
5936,109403
5937,"99,508"
5938,"98,668"
5939,"96,314"
5940,"94,147"
5941,"90,301"
5942,"86,369"
5943,"85,732"
5944,"84,645"
5945,"84,604"
5946,"84,057"
5947,"79,961"
5948,"79,488"
5949,"70,791"
5950,"65,989"
5951,"65,839"
5952,"62,768"
5953,"58,848"
5954,"54,658"
5955,"52,265"
5956,"51,891"
5957,"51,542"
5958,"49,884"
5959,"47,237"
5960,"45,778"
5961,"45,054"
5962,"43,819"
5963,"42,434"
5964,"41,663"
5965,"41,055"
5966,"40,026"
5967,"38,163"
5968,"37,231"
5969,"33,485"
5970,"32,753"
5971,"32,272"
5972,"31,451"
5973,"31,134"
5974,"30,714"
5975,"28,965"
5976,"28,874"
5977,"27,113"
5978,"26,555"
5979,"26,227"
5980,"24,968"
5981,"24,597"
5982,"24,454"
5983,"22,769"
5984,"22,338"
5985,"22,286"
5986,"22,069"
5987,"21,356"
5988,"20,981"
5989,"19,688"
5990,"18,714"
5991,"18,665"
5992,"18,318"
5993,"17,746"
5994,"17,687"
5995,"17,531"
5996,"17,372"
5997,"17,086"
5998,"17,063"
5999,"16,907"
6000,"15,929"
6001,"14,385"
6002,"14,236"
6003,"13,176"
6004,"12,671"
6005,"12,462"
6006,"12,398"
6007,"12,371"
6008,"11,687"
6009,"11,581"
6010,"11,487"
6011,"11,302"
6012,"11,219"
6013,"11,207"
6014,"10,781"
6015,"10,640"
6016,"10,513"
6017,"9,992"
6018,"9,910"
6019,"9,747"
6020,"9,297"
6021,"8,851"
6022,"8,836"
6023,"8,694"
6024,"8,604"
6025,"8,325"
6026,"8,262"
6027,"8,000"
6028,"7,967"
6029,"7,805"
6030,"7,686"
6031,"7,505"
6032,"7,268"
6033,"6,512"
6034,"6,405"
6035,"6,138"
6036,"6,011"
6037,"5,967"
6038,"5,952"
6039,"5,622"
6040,"5,586"
6041,"5,515"
6042,"5,187"
6043,"5,165"
6044,"5,019"
6045,"4,759"
6046,"4,708"
6047,"4,670"
6048,"4,637"
6049,"4,470"
6050,"4,347"
6051,"4,184"
6052,"4,117"
6053,"3,997"
6054,"3,981"
6055,"3,705"
6056,"3,640"
6057,"3,586"
6058,"3,573"
6059,"3,447"
6060,"3,430"
6061,"3,396"
6062,"3,296"
6063,"3,101"
6064,"3,025"
6065,"2,998"
6066,"2,968"
6067,"2,624"
6068,"2,602"
6069,"2,580"
6070,"2,459"
6071,"2,313"
6072,"2,285"
6073,"2,179"
6074,"2,160"
6075,"2,118"
6076,"2,085"
6077,"2,056"
6078,"1,998"
6079,"1,995"
6080,"1,915"
6081,"1,861"
6082,"1,843"
6083,"1,840"
6084,"1,741"
6085,"1,730"
6086,"1,727"
6087,"1,682"
6088,"1,670"
6089,"1,613"
6090,"1,611"
6091,"1,588"
6092,"1,495"
6093,"1,348"
6094,"1,330"
6095,"1,330"
6096,"1,315"
6097,"1,242"
6098,"1,218"
6099,"1,118"
6100,"1,104"
6101,"1,012"
