,Transmission
0,5.966101695
1,5000.714285714
2,6.164835165
3,5.615384615
4,6.444444444
5,5.074074074
6,4.833333333
7,1.75
8,4.869565217
9,4.5
10,5.0
11,5.408866995
12,3.52
13,7.04
14,6.161290323
15,6.487179487
16,0.0
17,6.473684211
18,4.872727273
19,4.9
20,4.88372093
21,5.205882353
22,6.2
23,
24,5.292307692
25,5.405405405
26,3.033898305
27,8.0
28,4.323076923
29,7.672727273
30,5.956521739
31,5.649122807
32,
33,80000.0
34,8.277310924
35,5.25
36,6.346153846
37,5.6
38,4.547619048
39,4.916666667
40,5.95
41,5.95
42,7.95
43,5.95
44,6.25
45,1.35483871
46,1.35483871
47,6.0
48,5.0
49,5.0
50,5.0
51,5.0
52,7.727272727
53,5.0
54,
55,5.0
56,6.348314607
57,8.0
58,4.863636364
59,5.784313725
60,5.857142857
61,5.907407407
62,5.0
63,3.727272727
64,6.0
65,
66,5.891304348
67,5.789473684
68,6.777777778
69,5.552631579
70,6.0
71,5.0
72,3.076923077
73,4.84
74,4.647058824
75,4.647058824
76,6.181818182
77,4.818181818
78,6.230769231
79,6.166666667
80,6.285714286
81,6.0
82,8.0
83,6.454545455
84,5.428571429
85,5.863636364
86,4.756410256
87,4.714285714
88,3.75
89,6.210526316
90,5.176470588
91,5.0
92,6.34
93,4.6
94,4.02173913
95,6.090909091
96,6.833333333
97,6.0
98,7.0
99,6.6
100,5.538461538
101,5.0
102,5.945945946
103,8.0
104,6.228915663
105,5.302325581
106,7.0
107,0.0
108,0.0
109,5.736842105
110,5.176470588
111,4.461538462
112,8.0
113,5.603773585
114,6.293577982
115,8.0
116,6.714285714
117,7.285714286
118,2.8125
119,4.647058824
120,3.75
121,7.466666667
122,8.0
123,1.8
124,5.653061224
125,5.166666667
126,6.0
127,6.545454545
128,6.523809524
129,8.0
130,5.25
131,4.666666667
132,5.0
133,4.842105263
134,6.0
135,6.75
136,5.0
137,5.125
138,4.777777778
139,4.909090909
140,6.5
141,5.0
142,7.307692308
143,4.745098039
144,6.3125
145,5.272727273
146,6.153846154
147,6.0
148,5.768421053
149,5.304347826
150,4.6
151,4.75
152,6.254385965
153,5.84
154,4.860465116
155,5.5
156,6.259259259
157,6.0
158,7.0
159,3.571428571
160,4.75
161,6.0
162,6.846153846
163,7.04
164,5.857142857
165,0.0
166,6.3
167,8.0
168,5.0
169,6.8
170,6.0
171,7.2
172,8.0
173,5.193548387
174,6.0
175,8.0
176,4.0
177,6.266666667
178,5.0
179,5.2
180,4.730769231
181,5.516129032
182,6.0
183,6.5
184,4.736842105
185,4.6
186,3.666666667
187,7.0
188,5.0
189,4.6
190,5.3125
191,5.375
192,4.8
193,4.666666667
194,4.142857143
195,5.2
196,6.444444444
197,6.461538462
198,3.896551724
199,8.0
200,5.333333333
201,8.0
202,5.0
203,4.727272727
204,2.611111111
205,4.666666667
206,5.285714286
207,4.5625
208,4.0
209,5.25
210,5.0
211,5.0
212,4.736842105
213,3.947368421
214,4.8
215,4.714285714
216,5.0
217,6.166666667
218,7.853658537
219,4.818181818
220,0.0
221,3.6
222,6.0
223,4.625
224,4.692307692
225,5.0
226,8.0
227,0.0
228,5.0
229,4.666666667
230,7.2
231,6.0
232,5.5
233,4.75
234,4.590909091
235,5.25
236,4.5
237,5.642857143
238,6.0
239,4.5
240,3.6
241,6.75
242,5.905660377
243,4.833333333
244,0.0
245,5.25
246,4.71875
247,5.0
248,5.307692308
249,7.142857143
250,0.0
251,6.5
252,4.5
253,4.384615385
254,0.0
255,5.666666667
256,0.0
257,5.0
258,7.707317073
259,4.756097561
260,6.0
261,6.0
262,4.8
263,6.0
264,4.466666667
265,4.4
266,4.777777778
267,5.375
268,4.909090909
269,4.923076923
270,7.304347826
271,4.888888889
272,6.333333333
273,8.0
274,0.0
275,4.125
276,5.0
277,5.0
278,5.0
279,4.8
280,6.0
281,4.666666667
282,6.0
283,6.0
284,6.0
285,5.583333333
286,5.375
287,6.0
288,5.0
289,8.0
290,4.791666667
291,5.0
292,6.0
293,6.0
294,5.75
295,4.5
296,5.234042553
297,4.875
298,4.875
299,6.0
300,4.666666667
301,4.0
302,4.333333333
303,8.0
304,4.8
305,5.0
306,6.666666667
307,6.214285714
308,4.6
309,5.5
310,6.0
311,7.0
312,5.0
313,5.352941176
314,4.666666667
315,4.6
316,5.107142857
317,5.666666667
318,6.111111111
319,6.0
320,5.0
321,4.6
322,8.0
323,5.0
324,3.947368421
325,4.833333333
326,4.0
327,4.666666667
328,6.0
329,5.0
330,4.967741935
331,4.4
332,4.5
333,5.0
334,4.533333333
335,5.0
336,5.304347826
337,4.666666667
338,4.083333333
339,4.111111111
340,0.888888889
341,6.736842105
342,4.5
343,6.0
344,0.0
345,5.709677419
346,3.857142857
347,6.75
348,3.2
349,5.111111111
350,5.5
351,4.666666667
352,5.5
353,4.882352941
354,5.761904762
355,6.5
356,5.0
357,5.633333333
358,4.5
359,5.0
360,8.0
361,4.875
362,5.0
363,5.0
364,8.0
365,5.0
366,2.5
367,0.0
368,6.0
369,5.234042553
370,4.333333333
371,0.0
372,4.5
373,7.0
374,4.0
375,6.0
376,5.555555556
377,8.277310924
378,5.769230769
379,5.0
380,5.636363636
381,5.678571429
382,4.076923077
383,5.0
384,6.5
385,7.0
386,6.5
387,6.0
388,5.0
389,0.0
390,5.0
391,6.0
392,4.454545455
393,5.428571429
394,3.2
395,5.0
396,5.585365854
397,0.0
398,4.6
399,6.0
400,5.588235294
401,6.0
402,6.0
403,6.0
404,6.0
405,4.875
406,4.76
407,0.0
408,5.0
409,5.0
410,5.966101695
411,5.714285714
412,6.164835165
413,5.615384615
414,6.444444444
415,5.074074074
416,4.833333333
417,1.75
418,4.869565217
419,5.408866995
420,5.0
421,4.5
422,3.52
423,7.04
424,6.487179487
425,6.161290323
426,4.872727273
427,4.88372093
428,4.9
429,0.0
430,6.473684211
431,3.033898305
432,5.205882353
433,5.292307692
434,5.405405405
435,6.2
436,4.323076923
437,8.0
438,8.0
439,5.956521739
440,7.672727273
441,4.916666667
442,5.649122807
443,6.346153846
444,4.547619048
445,8.277310924
446,6.0
447,1.35483871
448,5.95
449,4.84
450,5.6
451,5.552631579
452,5.784313725
453,4.647058824
454,5.25
455,7.727272727
456,8.0
457,5.0
458,4.818181818
459,4.863636364
460,6.0
461,5.857142857
462,5.0
463,5.0
464,6.348314607
465,5.907407407
466,5.0
467,5.0
468,3.727272727
469,5.789473684
470,6.777777778
471,6.181818182
472,5.0
473,5.891304348
474,6.0
475,4.756410256
476,5.0
477,-3.076923077
478,4.02173913
479,6.166666667
480,5.0
481,4.461538462
482,6.230769231
483,5.428571429
484,-5.176470588
485,8.0
486,6.210526316
487,4.714285714
488,6.285714286
489,3.75
490,6.34
491,5.538461538
492,5.0
493,-6.0
494,6.833333333
495,7.0
496,5.302325581
497,5.863636364
498,5.736842105
499,4.6
500,5.603773585
501,6.0
502,5.0
503,6.090909091
504,3.75
505,6.293577982
506,5.945945946
507,5.176470588
508,0.0
509,6.6
510,4.647058824
511,8.0
512,8.0
513,1.8
514,5.653061224
515,6.454545455
516,5.166666667
517,0.0
518,8.0
519,5.0
520,7.0
521,8.0
522,6.0
523,7.466666667
524,4.745098039
525,6.3125
526,4.842105263
527,8.0
528,2.8125
529,6.545454545
530,7.285714286
531,5.272727273
532,6.228915663
533,4.666666667
534,4.6
535,6.714285714
536,5.0
537,4.777777778
538,4.909090909
539,6.75
540,6.0
541,6.5
542,7.0
543,4.75
544,5.0
545,5.768421053
546,5.304347826
547,6.254385965
548,6.0
549,4.860465116
550,3.571428571
551,6.0
552,5.5
553,5.193548387
554,6.0
555,6.259259259
556,6.0
557,6.153846154
558,0.0
559,5.25
560,4.0
561,7.04
562,6.266666667
563,5.857142857
564,4.75
565,8.0
566,4.736842105
567,8.0
568,5.333333333
569,7.307692308
570,5.0
571,4.730769231
572,5.0
573,4.6
574,6.5
575,4.666666667
576,5.0
577,5.516129032
578,4.142857143
579,4.6
580,6.0
581,6.8
582,5.2
583,8.0
584,5.3125
585,7.0
586,4.8
587,3.896551724
588,6.846153846
589,3.666666667
590,4.692307692
591,4.736842105
592,4.0
593,6.461538462
594,5.0
595,4.727272727
596,7.2
597,3.947368421
598,5.84
599,0.0
600,4.5625
601,5.0
602,5.285714286
603,5.375
604,4.818181818
605,4.714285714
606,6.444444444
607,6.3
608,5.2
609,8.0
610,4.666666667
611,7.853658537
612,3.6
613,5.0
614,2.611111111
615,5.125
616,4.75
617,8.0
618,4.8
619,4.833333333
620,6.166666667
621,4.625
622,4.590909091
623,4.5
624,6.0
625,4.71875
626,4.5
627,5.0
628,4.756097561
629,4.666666667
630,8.0
631,4.888888889
632,6.0
633,4.923076923
634,6.523809524
635,5.642857143
636,5.25
637,5.5
638,7.2
639,5.25
640,5.307692308
641,4.384615385
642,6.75
643,0.0
644,0.0
645,5.905660377
646,4.466666667
647,6.0
648,4.5
649,4.8
650,4.909090909
651,4.4
652,5.0
653,6.0
654,6.0
655,6.0
656,5.0
657,4.777777778
658,4.666666667
659,5.0
660,6.5
661,4.791666667
662,5.375
663,0.0
664,6.0
665,5.0
666,4.125
667,6.333333333
668,0.0
669,7.142857143
670,3.6
671,6.0
672,5.0
673,4.8
674,0.0
675,4.5
676,6.0
677,4.875
678,4.0
679,6.0
680,4.666666667
681,4.875
682,8.0
683,6.0
684,0.0
685,6.0
686,6.0
687,4.666666667
688,5.0
689,4.8
690,4.6
691,3.947368421
692,4.333333333
693,5.0
694,6.0
695,5.107142857
696,4.6
697,4.666666667
698,4.111111111
699,5.0
700,5.0
701,5.5
702,4.533333333
703,4.6
704,5.234042553
705,8.0
706,5.352941176
707,4.967741935
708,6.0
709,5.375
710,5.0
711,4.083333333
712,7.304347826
713,4.833333333
714,7.0
715,5.583333333
716,5.666666667
717,4.875
718,4.666666667
719,7.707317073
720,6.666666667
721,4.5
722,6.0
723,5.0
724,4.0
725,4.5
726,5.0
727,4.666666667
728,3.2
729,6.0
730,8.0
731,5.0
732,4.4
733,8.0
734,4.882352941
735,0.0
736,0.0
737,5.0
738,6.75
739,3.857142857
740,5.5
741,8.0
742,5.111111111
743,0.888888889
744,4.333333333
745,5.234042553
746,4.0
747,4.076923077
748,5.0
749,4.5
750,5.0
751,5.0
752,8.277310924
753,2.5
754,4.5
755,5.0
756,5.0
757,6.0
758,5.761904762
759,6.5
760,4.454545455
761,5.0
762,5.709677419
763,5.555555556
764,5.304347826
765,5.0
766,6.0
767,5.769230769
768,5.75
769,6.0
770,5.0
771,5.585365854
772,4.875
773,0.0
774,5.678571429
775,8.0
776,5.0
777,7.0
778,6.5
779,5.0
780,4.333333333
781,4.76
782,4.6
783,4.8
784,5.25
785,5.0
786,4.5
787,4.5
788,6.0
789,4.9
790,3.2
791,6.0
792,6.0
793,5.428571429
794,5.588235294
795,5.0
796,4.4
797,6.0
798,5.0
799,4.813953488
800,5.5
801,5.0
802,4.692307692
803,6.0
804,5.966101695
805,5.714285714
806,6.164835165
807,5.615384615
808,6.444444444
809,4.833333333
810,5.074074074
811,1.75
812,4.869565217
813,5.408866995
814,5.0
815,4.5
816,3.52
817,4.88372093
818,4.872727273
819,6.487179487
820,7.04
821,6.161290323
822,0.0
823,4.9
824,6.473684211
825,3.033898305
826,5.205882353
827,5.292307692
828,4.323076923
829,8.0
830,4.916666667
831,5.405405405
832,8.0
833,5.956521739
834,7.672727273
835,6.2
836,4.84
837,5.649122807
838,6.346153846
839,4.647058824
840,6.0
841,4.547619048
842,5.552631579
843,1.35483871
844,4.818181818
845,5.784313725
846,8.277310924
847,5.95
848,8.0
849,4.461538462
850,4.756410256
851,6.0
852,5.857142857
853,7.727272727
854,4.863636364
855,5.907407407
856,6.348314607
857,4.02173913
858,5.0
859,5.0
860,6.181818182
861,5.789473684
862,3.727272727
863,6.777777778
864,5.0
865,5.6
866,5.0
867,5.0
868,5.25
869,5.0
870,5.428571429
871,5.0
872,6.0
873,6.166666667
874,5.176470588
875,5.891304348
876,5.0
877,5.0
878,6.210526316
879,4.714285714
880,3.076923077
881,6.230769231
882,8.0
883,3.75
884,5.538461538
885,5.0
886,6.34
887,6.285714286
888,3.75
889,5.302325581
890,7.0
891,5.736842105
892,6.833333333
893,5.603773585
894,6.293577982
895,4.6
896,4.647058824
897,1.8
898,6.0
899,4.745098039
900,5.166666667
901,5.653061224
902,5.0
903,8.0
904,6.3125
905,6.0
906,5.863636364
907,5.176470588
908,4.6
909,6.0
910,0.0
911,8.0
912,5.272727273
913,4.842105263
914,7.466666667
915,6.6
916,5.945945946
917,8.0
918,6.090909091
919,5.0
920,8.0
921,4.666666667
922,8.0
923,6.545454545
924,7.0
925,4.777777778
926,4.909090909
927,2.8125
928,5.0
929,7.285714286
930,0.0
931,6.5
932,6.75
933,6.0
934,7.0
935,4.75
936,6.254385965
937,6.0
938,5.0
939,6.0
940,5.193548387
941,3.571428571
942,6.0
943,5.768421053
944,5.333333333
945,4.860465116
946,6.714285714
947,5.304347826
948,0.0
949,6.0
950,4.0
951,4.692307692
952,6.266666667
953,6.454545455
954,8.0
955,5.5
956,4.736842105
957,4.666666667
958,6.259259259
959,4.8
960,7.04
961,4.142857143
962,4.730769231
963,5.857142857
964,4.6
965,6.5
966,5.0
967,4.6
968,8.0
969,5.0
970,3.896551724
971,4.736842105
972,4.75
973,5.516129032
974,5.3125
975,7.0
976,6.153846154
977,4.833333333
978,6.0
979,4.0
980,4.75
981,5.0
982,0.0
983,5.2
984,4.888888889
985,6.228915663
986,3.947368421
987,6.461538462
988,4.756097561
989,4.590909091
990,4.5
991,4.727272727
992,4.5625
993,8.0
994,4.818181818
995,5.0
996,4.71875
997,5.0
998,6.8
999,4.923076923
1000,3.6
1001,5.285714286
1002,4.5
1003,3.666666667
1004,4.714285714
1005,7.853658537
1006,4.625
1007,6.444444444
1008,6.0
1009,6.846153846
1010,5.25
1011,6.166666667
1012,8.0
1013,5.375
1014,8.0
1015,2.611111111
1016,5.2
1017,7.2
1018,4.666666667
1019,4.666666667
1020,7.307692308
1021,5.642857143
1022,8.0
1023,4.791666667
1024,4.466666667
1025,4.384615385
1026,6.0
1027,5.25
1028,5.307692308
1029,0.0
1030,5.0
1031,5.0
1032,5.5
1033,4.8
1034,5.84
1035,4.8
1036,4.666666667
1037,4.4
1038,7.2
1039,4.909090909
1040,6.75
1041,6.3
1042,4.5
1043,5.0
1044,6.0
1045,5.905660377
1046,5.0
1047,6.0
1048,4.666666667
1049,4.777777778
1050,4.0
1051,5.0
1052,4.875
1053,6.0
1054,5.375
1055,4.5
1056,6.0
1057,4.875
1058,6.5
1059,5.0
1060,0.0
1061,6.0
1062,4.125
1063,5.0
1064,4.8
1065,0.0
1066,5.25
1067,6.0
1068,4.111111111
1069,6.333333333
1070,4.6
1071,4.666666667
1072,4.666666667
1073,3.947368421
1074,4.875
1075,0.0
1076,5.0
1077,6.0
1078,4.533333333
1079,4.083333333
1080,4.967741935
1081,5.107142857
1082,6.0
1083,4.6
1084,4.8
1085,4.666666667
1086,5.0
1087,4.333333333
1088,4.833333333
1089,8.0
1090,5.0
1091,6.0
1092,5.5
1093,4.5
1094,6.0
1095,7.142857143
1096,5.352941176
1097,4.6
1098,4.5
1099,6.0
1100,0.0
1101,3.2
1102,5.0
1103,8.0
1104,5.666666667
1105,5.234042553
1106,4.0
1107,6.666666667
1108,6.0
1109,6.0
1110,7.0
1111,4.882352941
1112,0.0
1113,5.0
1114,4.666666667
1115,3.6
1116,4.076923077
1117,4.333333333
1118,4.454545455
1119,5.0
1120,6.0
1121,8.0
1122,4.0
1123,0.0
1124,5.0
1125,4.4
1126,8.277310924
1127,5.234042553
1128,8.0
1129,6.0
1130,5.0
1131,5.5
1132,5.111111111
1133,6.75
1134,5.0
1135,5.583333333
1136,3.857142857
1137,5.0
1138,4.5
1139,4.5
1140,5.0
1141,2.5
1142,5.375
1143,5.0
1144,0.0
1145,4.875
1146,4.8
1147,4.333333333
1148,0.888888889
1149,6.0
1150,5.0
1151,4.5
1152,5.585365854
1153,6.5
1154,4.5
1155,5.0
1156,5.761904762
1157,5.0
1158,5.555555556
1159,5.0
1160,4.9
1161,4.76
1162,4.4
1163,5.769230769
1164,4.6
1165,7.304347826
1166,0.0
1167,4.692307692
1168,7.0
1169,5.0
1170,4.666666667
1171,4.666666667
1172,6.0
1173,4.813953488
1174,8.0
1175,5.0
1176,6.0
1177,6.0
1178,4.142857143
1179,5.709677419
1180,3.2
1181,5.678571429
1182,5.666666667
1183,4.571428571
1184,5.588235294
1185,6.0
1186,6.0
1187,5.0
1188,6.5
1189,5.0
1190,5.428571429
1191,6.0
1192,5.0
1193,5.0
1194,4.285714286
1195,5.0
1196,5.966101695
1197,5.714285714
1198,6.164835165
1199,5.615384615
1200,1.75
1201,6.444444444
1202,4.833333333
1203,5.074074074
1204,4.869565217
1205,5.408866995
1206,5.0
1207,4.5
1208,3.52
1209,4.88372093
1210,4.872727273
1211,6.487179487
1212,7.04
1213,6.161290323
1214,3.033898305
1215,0.0
1216,6.473684211
1217,4.9
1218,4.916666667
1219,5.292307692
1220,4.323076923
1221,4.84
1222,5.205882353
1223,8.0
1224,8.0
1225,4.647058824
1226,4.461538462
1227,5.552631579
1228,5.405405405
1229,7.672727273
1230,4.818181818
1231,5.956521739
1232,5.649122807
1233,6.0
1234,4.547619048
1235,4.756410256
1236,1.35483871
1237,5.784313725
1238,6.346153846
1239,6.2
1240,4.02173913
1241,6.0
1242,8.0
1243,8.277310924
1244,5.857142857
1245,5.0
1246,7.727272727
1247,4.863636364
1248,5.95
1249,6.181818182
1250,5.907407407
1251,6.348314607
1252,5.0
1253,3.727272727
1254,5.428571429
1255,6.777777778
1256,5.0
1257,5.789473684
1258,5.0
1259,5.176470588
1260,6.166666667
1261,5.0
1262,5.0
1263,6.210526316
1264,4.714285714
1265,5.0
1266,5.0
1267,6.0
1268,3.75
1269,5.25
1270,3.75
1271,8.0
1272,5.538461538
1273,5.6
1274,6.230769231
1275,5.0
1276,6.293577982
1277,5.736842105
1278,3.076923077
1279,6.34
1280,5.891304348
1281,5.302325581
1282,4.745098039
1283,5.603773585
1284,7.0
1285,5.0
1286,1.8
1287,6.285714286
1288,6.833333333
1289,4.647058824
1290,5.166666667
1291,4.6
1292,5.653061224
1293,5.0
1294,6.3125
1295,8.0
1296,4.6
1297,6.0
1298,5.272727273
1299,4.842105263
1300,7.466666667
1301,7.0
1302,8.0
1303,8.0
1304,5.0
1305,5.0
1306,0.0
1307,5.176470588
1308,5.863636364
1309,6.0
1310,5.0
1311,4.777777778
1312,4.692307692
1313,6.6
1314,4.666666667
1315,6.5
1316,4.909090909
1317,6.545454545
1318,5.333333333
1319,8.0
1320,4.75
1321,6.0
1322,6.0
1323,5.945945946
1324,2.8125
1325,6.0
1326,6.75
1327,6.0
1328,5.193548387
1329,7.285714286
1330,6.254385965
1331,6.0
1332,3.571428571
1333,4.8
1334,8.0
1335,6.090909091
1336,4.0
1337,4.888888889
1338,4.666666667
1339,5.768421053
1340,8.0
1341,4.860465116
1342,4.756097561
1343,6.266666667
1344,0.0
1345,4.75
1346,4.833333333
1347,4.142857143
1348,4.736842105
1349,0.0
1350,6.0
1351,4.736842105
1352,4.923076923
1353,4.590909091
1354,4.5
1355,3.896551724
1356,4.6
1357,4.6
1358,5.304347826
1359,6.5
1360,7.0
1361,6.259259259
1362,4.71875
1363,5.0
1364,4.730769231
1365,4.0
1366,7.04
1367,0.0
1368,5.857142857
1369,5.0
1370,5.5
1371,5.3125
1372,8.0
1373,4.5
1374,7.0
1375,5.516129032
1376,3.947368421
1377,6.714285714
1378,6.461538462
1379,4.818181818
1380,5.0
1381,5.0
1382,4.5625
1383,4.75
1384,4.727272727
1385,5.0
1386,4.791666667
1387,3.6
1388,6.0
1389,4.625
1390,5.285714286
1391,5.0
1392,6.153846154
1393,5.2
1394,8.0
1395,7.853658537
1396,6.8
1397,4.466666667
1398,4.714285714
1399,6.0
1400,5.642857143
1401,4.384615385
1402,4.666666667
1403,6.444444444
1404,3.666666667
1405,8.0
1406,8.0
1407,5.0
1408,6.166666667
1409,4.666666667
1410,4.666666667
1411,2.611111111
1412,8.0
1413,5.25
1414,5.307692308
1415,5.375
1416,6.0
1417,4.4
1418,4.8
1419,4.909090909
1420,0.0
1421,5.0
1422,4.0
1423,4.875
1424,4.111111111
1425,4.666666667
1426,5.0
1427,5.5
1428,7.2
1429,4.875
1430,6.0
1431,4.666666667
1432,4.6
1433,5.2
1434,4.5
1435,4.875
1436,5.0
1437,6.75
1438,4.5
1439,6.0
1440,6.846153846
1441,6.0
1442,4.666666667
1443,3.947368421
1444,4.8
1445,5.0
1446,4.777777778
1447,4.533333333
1448,5.375
1449,4.083333333
1450,5.0
1451,4.125
1452,6.5
1453,4.8
1454,5.0
1455,6.0
1456,5.905660377
1457,4.967741935
1458,6.0
1459,7.2
1460,4.666666667
1461,7.307692308
1462,5.107142857
1463,6.333333333
1464,6.0
1465,0.0
1466,4.6
1467,6.0
1468,4.833333333
1469,4.5
1470,4.8
1471,3.2
1472,0.0
1473,5.25
1474,4.454545455
1475,6.454545455
1476,6.0
1477,4.5
1478,4.333333333
1479,5.0
1480,0.0
1481,5.5
1482,6.0
1483,6.3
1484,5.352941176
1485,4.076923077
1486,5.0
1487,4.6
1488,0.0
1489,4.333333333
1490,5.0
1491,8.0
1492,4.882352941
1493,4.0
1494,5.666666667
1495,5.0
1496,4.8
1497,5.0
1498,5.84
1499,8.0
1500,8.0
1501,6.666666667
1502,4.0
1503,4.333333333
1504,8.277310924
1505,4.5
1506,4.666666667
1507,4.875
1508,5.0
1509,5.234042553
1510,5.0
1511,5.234042553
1512,5.0
1513,6.0
1514,4.5
1515,7.0
1516,0.0
1517,6.0
1518,4.9
1519,6.0
1520,5.25
1521,6.0
1522,5.585365854
1523,4.5
1524,5.0
1525,4.5
1526,4.76
1527,4.666666667
1528,5.111111111
1529,2.5
1530,5.5
1531,4.4
1532,5.0
1533,5.0
1534,3.857142857
1535,4.692307692
1536,6.75
1537,5.0
1538,4.666666667
1539,4.142857143
1540,5.0
1541,5.0
1542,8.0
1543,0.888888889
1544,4.4
1545,7.142857143
1546,4.6
1547,4.571428571
1548,5.555555556
1549,4.285714286
1550,6.5
1551,5.0
1552,5.666666667
1553,0.0
1554,4.813953488
1555,5.761904762
1556,6.0
1557,5.583333333
1558,5.769230769
1559,7.0
1560,5.0
1561,5.0
1562,5.0
1563,6.0
1564,0.0
1565,4.666666667
1566,6.0
1567,5.0
1568,3.2
1569,5.588235294
1570,5.0
1571,6.0
1572,5.0
1573,6.0
1574,6.0
1575,4.571428571
1576,5.428571429
1577,4.0
1578,6.0
1579,5.375
1580,5.0
1581,4.428571429
1582,5.678571429
1583,5.714285714
1584,5.966101695
1585,6.164835165
1586,5.615384615
1587,1.75
1588,6.444444444
1589,4.833333333
1590,5.074074074
1591,4.869565217
1592,5.408866995
1593,5.0
1594,4.5
1595,3.52
1596,4.88372093
1597,4.872727273
1598,7.04
1599,6.487179487
1600,6.161290323
1601,3.033898305
1602,4.461538462
1603,4.84
1604,6.714285714
1605,4.916666667
1606,4.647058824
1607,0.0
1608,4.323076923
1609,5.292307692
1610,5.552631579
1611,6.473684211
1612,8.0
1613,8.0
1614,4.818181818
1615,5.205882353
1616,4.756410256
1617,4.9
1618,7.672727273
1619,5.0
1620,5.405405405
1621,5.784313725
1622,5.956521739
1623,4.02173913
1624,4.547619048
1625,1.35483871
1626,6.0
1627,5.649122807
1628,6.346153846
1629,6.0
1630,6.2
1631,8.0
1632,5.857142857
1633,8.277310924
1634,5.0
1635,7.727272727
1636,6.25
1637,6.181818182
1638,4.863636364
1639,5.428571429
1640,6.348314607
1641,5.907407407
1642,3.727272727
1643,5.176470588
1644,5.95
1645,6.777777778
1646,6.166666667
1647,6.210526316
1648,4.714285714
1649,5.789473684
1650,3.75
1651,5.0
1652,5.0
1653,4.745098039
1654,6.293577982
1655,5.0
1656,3.75
1657,5.0
1658,5.736842105
1659,5.0
1660,4.6
1661,8.0
1662,5.538461538
1663,5.603773585
1664,1.8
1665,5.166666667
1666,6.34
1667,6.230769231
1668,4.647058824
1669,7.0
1670,5.302325581
1671,6.3125
1672,5.0
1673,5.0
1674,5.653061224
1675,6.833333333
1676,6.0
1677,8.0
1678,5.0
1679,3.076923077
1680,6.285714286
1681,5.272727273
1682,6.0
1683,4.692307692
1684,5.25
1685,7.0
1686,5.0
1687,4.842105263
1688,4.6
1689,5.0
1690,5.6
1691,8.0
1692,5.0
1693,7.466666667
1694,5.333333333
1695,5.891304348
1696,4.888888889
1697,4.756097561
1698,5.0
1699,4.777777778
1700,6.0
1701,4.75
1702,6.0
1703,6.5
1704,4.923076923
1705,4.8
1706,8.0
1707,4.75
1708,4.833333333
1709,5.176470588
1710,5.193548387
1711,4.666666667
1712,8.0
1713,6.6
1714,6.254385965
1715,6.545454545
1716,4.666666667
1717,0.0
1718,4.909090909
1719,6.0
1720,3.571428571
1721,4.0
1722,4.590909091
1723,6.0
1724,4.5
1725,6.75
1726,6.0
1727,4.142857143
1728,8.0
1729,6.0
1730,4.71875
1731,6.266666667
1732,4.736842105
1733,4.791666667
1734,4.736842105
1735,0.0
1736,4.860465116
1737,4.5
1738,4.0
1739,3.896551724
1740,5.768421053
1741,4.6
1742,2.8125
1743,7.285714286
1744,6.0
1745,5.863636364
1746,6.5
1747,5.0
1748,0.0
1749,4.6
1750,5.0
1751,5.0
1752,7.0
1753,4.730769231
1754,3.947368421
1755,5.945945946
1756,5.3125
1757,5.857142857
1758,4.818181818
1759,7.04
1760,5.0
1761,6.259259259
1762,4.466666667
1763,6.0
1764,4.5625
1765,8.0
1766,5.0
1767,5.516129032
1768,6.461538462
1769,3.6
1770,4.727272727
1771,5.5
1772,4.625
1773,4.666666667
1774,5.304347826
1775,4.384615385
1776,8.0
1777,6.090909091
1778,5.642857143
1779,4.111111111
1780,5.285714286
1781,4.75
1782,5.0
1783,6.0
1784,6.0
1785,5.0
1786,7.853658537
1787,4.875
1788,5.0
1789,4.666666667
1790,4.714285714
1791,4.666666667
1792,4.875
1793,6.8
1794,8.0
1795,4.0
1796,0.0
1797,7.0
1798,4.6
1799,4.666666667
1800,8.0
1801,8.0
1802,6.444444444
1803,6.714285714
1804,5.25
1805,5.307692308
1806,4.4
1807,4.8
1808,4.909090909
1809,8.0
1810,0.0
1811,3.947368421
1812,4.875
1813,4.666666667
1814,5.0
1815,6.0
1816,4.5
1817,6.0
1818,4.533333333
1819,5.0
1820,6.153846154
1821,4.083333333
1822,2.611111111
1823,7.2
1824,6.166666667
1825,5.375
1826,6.0
1827,5.2
1828,5.0
1829,5.5
1830,4.967741935
1831,5.0
1832,6.75
1833,3.666666667
1834,5.0
1835,4.5
1836,4.666666667
1837,4.454545455
1838,4.8
1839,6.0
1840,4.125
1841,5.375
1842,5.107142857
1843,4.8
1844,6.5
1845,3.2
1846,4.777777778
1847,4.833333333
1848,4.076923077
1849,4.5
1850,4.6
1851,4.8
1852,6.0
1853,5.0
1854,4.5
1855,6.333333333
1856,4.333333333
1857,4.8
1858,5.2
1859,4.5
1860,4.875
1861,5.0
1862,0.0
1863,4.333333333
1864,4.333333333
1865,5.905660377
1866,5.0
1867,0.0
1868,5.5
1869,5.0
1870,4.0
1871,8.0
1872,6.846153846
1873,4.666666667
1874,4.882352941
1875,4.666666667
1876,6.0
1877,5.0
1878,4.5
1879,5.352941176
1880,6.0
1881,4.9
1882,8.0
1883,5.0
1884,4.0
1885,4.6
1886,8.277310924
1887,5.666666667
1888,6.0
1889,6.666666667
1890,4.76
1891,5.0
1892,5.0
1893,5.585365854
1894,5.234042553
1895,4.142857143
1896,4.4
1897,4.692307692
1898,4.666666667
1899,6.0
1900,4.666666667
1901,4.285714286
1902,5.0
1903,4.5
1904,0.0
1905,5.234042553
1906,8.0
1907,5.0
1908,4.5
1909,7.0
1910,5.0
1911,2.5
1912,5.0
1913,4.571428571
1914,0.0
1915,5.111111111
1916,5.0
1917,6.0
1918,6.0
1919,4.6
1920,5.5
1921,5.666666667
1922,0.0
1923,4.666666667
1924,6.75
1925,5.0
1926,4.813953488
1927,3.857142857
1928,5.8125
1929,4.571428571
1930,5.0
1931,0.888888889
1932,0.0
1933,4.5
1934,6.0
1935,5.0
1936,4.55
1937,7.0
1938,4.428571429
1939,5.769230769
1940,3.2
1941,6.5
1942,5.0
1943,6.0
1944,6.0
1945,5.588235294
1946,4.0
1947,6.0
1948,5.0
1949,8.0
1950,4.4
1951,4.666666667
1952,3.947368421
1953,5.0
1954,5.0
1955,5.375
1956,4.789473684
1957,5.714285714
1958,5.966101695
1959,6.164835165
1960,5.615384615
1961,1.75
1962,4.833333333
1963,6.444444444
1964,4.869565217
1965,5.408866995
1966,5.074074074
1967,5.0
1968,4.5
1969,4.461538462
1970,4.88372093
1971,3.52
1972,4.872727273
1973,6.487179487
1974,7.04
1975,4.84
1976,6.161290323
1977,3.033898305
1978,4.647058824
1979,4.916666667
1980,5.552631579
1981,4.818181818
1982,6.714285714
1983,5.0
1984,5.292307692
1985,4.756410256
1986,4.323076923
1987,8.0
1988,8.0
1989,0.0
1990,6.473684211
1991,5.205882353
1992,4.02173913
1993,7.672727273
1994,5.784313725
1995,5.405405405
1996,1.35483871
1997,4.547619048
1998,5.649122807
1999,5.956521739
2000,4.9
2001,6.0
2002,6.0
2003,6.346153846
2004,5.857142857
2005,5.0
2006,8.0
2007,8.277310924
2008,5.428571429
2009,6.181818182
2010,7.727272727
2011,6.25
2012,6.2
2013,5.176470588
2014,6.348314607
2015,4.863636364
2016,4.745098039
2017,3.727272727
2018,5.907407407
2019,6.166666667
2020,3.75
2021,6.777777778
2022,6.210526316
2023,4.714285714
2024,4.6
2025,6.293577982
2026,5.95
2027,5.736842105
2028,4.692307692
2029,5.166666667
2030,5.0
2031,3.75
2032,1.8
2033,5.789473684
2034,6.3125
2035,4.647058824
2036,5.0
2037,8.0
2038,5.603773585
2039,8.0
2040,5.0
2041,6.34
2042,5.653061224
2043,7.0
2044,5.0
2045,5.538461538
2046,6.833333333
2047,5.302325581
2048,5.0
2049,7.0
2050,4.756097561
2051,6.230769231
2052,5.0
2053,5.0
2054,5.272727273
2055,4.75
2056,4.888888889
2057,6.0
2058,4.923076923
2059,5.0
2060,5.333333333
2061,4.842105263
2062,5.0
2063,5.0
2064,8.0
2065,6.285714286
2066,7.466666667
2067,6.0
2068,4.833333333
2069,4.791666667
2070,4.8
2071,4.6
2072,6.0
2073,4.590909091
2074,4.777777778
2075,5.0
2076,4.5
2077,4.75
2078,6.0
2079,3.076923077
2080,6.5
2081,4.71875
2082,5.0
2083,4.666666667
2084,4.142857143
2085,5.193548387
2086,3.571428571
2087,4.0
2088,6.254385965
2089,8.0
2090,4.5
2091,6.0
2092,8.0
2093,6.545454545
2094,8.0
2095,4.666666667
2096,4.736842105
2097,5.25
2098,6.0
2099,4.0
2100,6.6
2101,6.266666667
2102,4.736842105
2103,6.0
2104,3.896551724
2105,4.6
2106,6.75
2107,0.0
2108,4.466666667
2109,5.176470588
2110,0.0
2111,4.111111111
2112,6.5
2113,4.860465116
2114,0.0
2115,4.666666667
2116,5.0
2117,5.0
2118,4.909090909
2119,5.0
2120,4.6
2121,6.0
2122,4.818181818
2123,4.875
2124,3.947368421
2125,5.768421053
2126,7.0
2127,6.0
2128,5.0
2129,5.0
2130,4.730769231
2131,3.6
2132,5.3125
2133,4.384615385
2134,5.857142857
2135,7.285714286
2136,4.875
2137,4.5625
2138,5.642857143
2139,7.04
2140,5.516129032
2141,6.461538462
2142,5.6
2143,5.0
2144,4.6
2145,4.666666667
2146,6.259259259
2147,4.625
2148,8.0
2149,2.8125
2150,4.727272727
2151,6.0
2152,4.0
2153,4.666666667
2154,4.666666667
2155,5.891304348
2156,5.5
2157,5.285714286
2158,3.947368421
2159,5.863636364
2160,7.853658537
2161,4.666666667
2162,8.0
2163,5.0
2164,6.0
2165,4.75
2166,4.8
2167,4.533333333
2168,4.8
2169,4.875
2170,4.083333333
2171,8.0
2172,4.4
2173,4.909090909
2174,4.454545455
2175,6.8
2176,4.714285714
2177,5.25
2178,5.307692308
2179,4.967741935
2180,5.0
2181,6.0
2182,5.0
2183,0.0
2184,8.0
2185,4.5
2186,6.444444444
2187,6.0
2188,5.0
2189,4.076923077
2190,6.0
2191,8.0
2192,4.666666667
2193,7.2
2194,6.0
2195,5.0
2196,5.304347826
2197,5.0
2198,4.875
2199,4.333333333
2200,3.2
2201,6.75
2202,4.666666667
2203,6.0
2204,5.0
2205,5.0
2206,4.5
2207,4.5
2208,5.107142857
2209,4.833333333
2210,4.8
2211,5.5
2212,8.0
2213,2.611111111
2214,4.5
2215,5.375
2216,4.5
2217,4.9
2218,5.0
2219,4.6
2220,7.0
2221,4.125
2222,5.375
2223,5.945945946
2224,5.0
2225,4.333333333
2226,4.5
2227,5.2
2228,6.0
2229,5.0
2230,0.0
2231,6.5
2232,4.142857143
2233,8.0
2234,5.0
2235,4.777777778
2236,4.285714286
2237,8.277310924
2238,4.76
2239,5.0
2240,4.882352941
2241,4.0
2242,5.0
2243,4.333333333
2244,6.333333333
2245,5.0
2246,4.692307692
2247,5.5
2248,4.8
2249,6.714285714
2250,4.0
2251,4.4
2252,5.585365854
2253,5.352941176
2254,8.0
2255,5.0
2256,6.153846154
2257,0.0
2258,4.666666667
2259,6.0
2260,5.234042553
2261,6.0
2262,6.666666667
2263,6.0
2264,6.166666667
2265,4.6
2266,5.8125
2267,5.0
2268,5.666666667
2269,0.0
2270,5.905660377
2271,4.571428571
2272,4.5
2273,5.0
2274,4.5
2275,4.5
2276,5.0
2277,2.5
2278,5.0
2279,4.666666667
2280,4.666666667
2281,4.6
2282,4.571428571
2283,5.666666667
2284,0.0
2285,7.0
2286,5.0
2287,4.8
2288,5.234042553
2289,5.0
2290,4.813953488
2291,4.55
2292,4.789473684
2293,6.0
2294,4.428571429
2295,5.0
2296,6.0
2297,4.0
2298,6.0
2299,3.947368421
2300,5.0
2301,6.75
2302,0.0
2303,6.0
2304,4.5
2305,4.666666667
2306,3.2
2307,6.0
2308,5.111111111
2309,5.0
2310,6.0
2311,5.588235294
2312,4.6
2313,5.0
2314,0.888888889
2315,5.375
2316,7.0
2317,5.0
2318,5.0
2319,6.0
2320,5.769230769
2321,5.714285714
2322,5.966101695
2323,6.164835165
2324,5.615384615
2325,1.75
2326,4.833333333
2327,6.444444444
2328,4.869565217
2329,5.408866995
2330,5.074074074
2331,5.0
2332,4.461538462
2333,4.5
2334,4.84
2335,4.88372093
2336,3.52
2337,4.647058824
2338,4.872727273
2339,6.487179487
2340,3.033898305
2341,7.04
2342,5.0
2343,6.161290323
2344,5.552631579
2345,4.916666667
2346,4.818181818
2347,4.756410256
2348,8.0
2349,8.0
2350,5.292307692
2351,4.323076923
2352,4.02173913
2353,6.714285714
2354,5.784313725
2355,7.672727273
2356,5.205882353
2357,0.0
2358,6.473684211
2359,1.35483871
2360,5.405405405
2361,4.547619048
2362,5.649122807
2363,6.0
2364,5.0
2365,6.0
2366,6.346153846
2367,5.857142857
2368,5.428571429
2369,5.956521739
2370,8.277310924
2371,8.0
2372,6.181818182
2373,4.745098039
2374,7.727272727
2375,5.176470588
2376,6.25
2377,4.6
2378,4.692307692
2379,3.75
2380,6.166666667
2381,6.348314607
2382,6.293577982
2383,4.9
2384,4.863636364
2385,6.210526316
2386,3.727272727
2387,6.777777778
2388,5.907407407
2389,4.756097561
2390,5.166666667
2391,4.75
2392,5.0
2393,4.714285714
2394,5.736842105
2395,4.923076923
2396,1.8
2397,6.3125
2398,8.0
2399,6.2
2400,5.0
2401,4.647058824
2402,4.888888889
2403,5.0
2404,5.603773585
2405,7.0
2406,4.791666667
2407,3.75
2408,5.653061224
2409,6.34
2410,8.0
2411,7.0
2412,5.0
2413,5.272727273
2414,6.833333333
2415,5.0
2416,5.789473684
2417,6.0
2418,5.333333333
2419,5.95
2420,5.302325581
2421,4.833333333
2422,5.0
2423,5.0
2424,6.0
2425,5.0
2426,4.8
2427,4.590909091
2428,5.538461538
2429,4.842105263
2430,4.71875
2431,6.230769231
2432,4.5
2433,8.0
2434,7.466666667
2435,4.6
2436,5.0
2437,6.285714286
2438,4.5
2439,4.666666667
2440,6.0
2441,4.777777778
2442,4.75
2443,4.111111111
2444,4.142857143
2445,5.0
2446,6.5
2447,4.875
2448,4.466666667
2449,5.193548387
2450,4.0
2451,4.666666667
2452,8.0
2453,4.736842105
2454,3.571428571
2455,4.0
2456,6.254385965
2457,6.0
2458,5.0
2459,6.545454545
2460,6.0
2461,8.0
2462,3.896551724
2463,4.6
2464,5.0
2465,6.266666667
2466,4.736842105
2467,6.6
2468,0.0
2469,8.0
2470,0.0
2471,6.0
2472,4.875
2473,4.384615385
2474,5.0
2475,5.0
2476,4.666666667
2477,6.5
2478,4.818181818
2479,4.860465116
2480,4.6
2481,6.75
2482,6.0
2483,5.0
2484,3.947368421
2485,4.666666667
2486,5.0
2487,4.6
2488,3.6
2489,5.642857143
2490,7.0
2491,4.8
2492,5.0
2493,5.0
2494,6.0
2495,5.176470588
2496,3.076923077
2497,5.3125
2498,5.857142857
2499,4.0
2500,4.730769231
2501,0.0
2502,5.768421053
2503,4.454545455
2504,4.666666667
2505,3.947368421
2506,4.666666667
2507,4.909090909
2508,4.625
2509,5.516129032
2510,6.461538462
2511,6.0
2512,5.0
2513,7.04
2514,4.5625
2515,4.076923077
2516,4.666666667
2517,4.533333333
2518,4.083333333
2519,8.0
2520,7.285714286
2521,5.25
2522,4.875
2523,4.666666667
2524,4.875
2525,4.967741935
2526,4.8
2527,4.727272727
2528,6.0
2529,4.909090909
2530,7.853658537
2531,6.259259259
2532,4.4
2533,6.0
2534,4.333333333
2535,5.0
2536,4.5
2537,5.0
2538,8.0
2539,8.0
2540,5.0
2541,5.285714286
2542,0.0
2543,4.9
2544,5.25
2545,3.2
2546,6.8
2547,5.307692308
2548,4.666666667
2549,8.0
2550,4.5
2551,6.0
2552,5.5
2553,4.5
2554,5.0
2555,4.285714286
2556,5.0
2557,4.714285714
2558,5.0
2559,2.8125
2560,4.142857143
2561,6.444444444
2562,4.833333333
2563,5.0
2564,5.0
2565,4.5
2566,6.0
2567,6.0
2568,4.75
2569,6.0
2570,8.277310924
2571,4.76
2572,7.2
2573,5.0
2574,6.75
2575,4.333333333
2576,5.107142857
2577,4.6
2578,4.692307692
2579,8.0
2580,8.0
2581,5.0
2582,4.8
2583,4.5
2584,5.0
2585,0.0
2586,5.8125
2587,5.0
2588,4.4
2589,4.882352941
2590,4.0
2591,6.0
2592,5.585365854
2593,5.5
2594,4.666666667
2595,4.5
2596,4.5
2597,5.0
2598,2.611111111
2599,6.333333333
2600,4.0
2601,5.375
2602,4.333333333
2603,5.0
2604,5.5
2605,4.125
2606,5.863636364
2607,5.0
2608,4.8
2609,6.0
2610,8.0
2611,5.234042553
2612,6.5
2613,5.352941176
2614,4.571428571
2615,6.153846154
2616,5.375
2617,4.777777778
2618,6.666666667
2619,4.789473684
2620,4.571428571
2621,5.304347826
2622,5.0
2623,5.0
2624,6.0
2625,4.666666667
2626,5.666666667
2627,0.0
2628,6.0
2629,4.6
2630,4.5
2631,4.55
2632,4.5
2633,2.5
2634,5.666666667
2635,5.0
2636,4.6
2637,6.0
2638,4.428571429
2639,4.813953488
2640,5.0
2641,4.5
2642,3.947368421
2643,4.19047619
2644,4.6
2645,5.0
2646,0.0
2647,4.0
2648,6.0
2649,5.905660377
2650,5.0
2651,5.0
2652,5.234042553
2653,7.0
2654,4.666666667
2655,5.0
2656,5.891304348
2657,5.0
2658,4.666666667
2659,7.0
2660,6.0
2661,5.0
2662,5.0
2663,5.0
2664,5.0
2665,4.6
2666,5.945945946
2667,5.375
2668,6.0
2669,0.0
2670,5.588235294
2671,3.2
2672,5.0
2673,6.0
2674,5.714285714
2675,5.966101695
2676,1.75
2677,6.164835165
2678,5.615384615
2679,4.833333333
2680,4.869565217
2681,6.444444444
2682,4.461538462
2683,5.408866995
2684,5.074074074
2685,5.0
2686,4.5
2687,4.84
2688,5.0
2689,4.647058824
2690,4.88372093
2691,3.033898305
2692,6.487179487
2693,5.552631579
2694,7.04
2695,3.52
2696,4.872727273
2697,4.818181818
2698,6.161290323
2699,4.756410256
2700,4.916666667
2701,4.02173913
2702,8.0
2703,8.0
2704,5.292307692
2705,4.323076923
2706,5.784313725
2707,7.672727273
2708,6.714285714
2709,5.205882353
2710,6.473684211
2711,1.35483871
2712,0.0
2713,5.649122807
2714,6.0
2715,5.405405405
2716,4.547619048
2717,5.0
2718,5.428571429
2719,4.745098039
2720,4.692307692
2721,6.346153846
2722,5.857142857
2723,6.0
2724,4.75
2725,4.6
2726,6.181818182
2727,8.277310924
2728,4.756097561
2729,5.176470588
2730,7.727272727
2731,3.75
2732,4.923076923
2733,8.0
2734,4.791666667
2735,6.293577982
2736,5.0
2737,6.166666667
2738,6.25
2739,4.888888889
2740,5.956521739
2741,5.166666667
2742,5.0
2743,6.348314607
2744,6.210526316
2745,8.0
2746,6.3125
2747,5.0
2748,1.8
2749,5.736842105
2750,4.647058824
2751,7.0
2752,6.777777778
2753,3.727272727
2754,4.863636364
2755,5.907407407
2756,4.714285714
2757,5.603773585
2758,5.0
2759,5.653061224
2760,4.875
2761,5.272727273
2762,5.333333333
2763,6.34
2764,4.590909091
2765,5.0
2766,4.833333333
2767,4.71875
2768,7.0
2769,4.111111111
2770,3.75
2771,8.0
2772,4.8
2773,6.0
2774,6.833333333
2775,6.0
2776,4.5
2777,5.0
2778,4.5
2779,6.2
2780,4.6
2781,4.666666667
2782,6.0
2783,5.302325581
2784,4.466666667
2785,4.842105263
2786,5.0
2787,4.666666667
2788,5.789473684
2789,7.466666667
2790,8.0
2791,4.142857143
2792,4.75
2793,5.0
2794,5.0
2795,4.0
2796,6.285714286
2797,4.777777778
2798,8.0
2799,6.5
2800,4.736842105
2801,4.8
2802,4.0
2803,5.193548387
2804,6.230769231
2805,3.571428571
2806,5.95
2807,6.0
2808,4.6
2809,5.538461538
2810,3.896551724
2811,6.254385965
2812,4.875
2813,4.6
2814,4.384615385
2815,4.666666667
2816,0.0
2817,6.266666667
2818,6.0
2819,4.736842105
2820,6.545454545
2821,4.076923077
2822,5.0
2823,5.0
2824,6.5
2825,4.818181818
2826,0.0
2827,8.0
2828,6.6
2829,3.947368421
2830,5.642857143
2831,4.454545455
2832,5.0
2833,3.6
2834,4.875
2835,6.0
2836,4.860465116
2837,5.0
2838,5.0
2839,4.9
2840,4.0
2841,5.0
2842,5.0
2843,4.666666667
2844,7.0
2845,4.666666667
2846,4.666666667
2847,3.947368421
2848,4.6
2849,5.0
2850,5.0
2851,4.533333333
2852,6.75
2853,6.0
2854,5.3125
2855,8.0
2856,4.666666667
2857,5.857142857
2858,4.285714286
2859,6.0
2860,4.9
2861,4.083333333
2862,4.730769231
2863,4.967741935
2864,6.0
2865,4.333333333
2866,4.666666667
2867,4.625
2868,5.176470588
2869,4.5
2870,5.516129032
2871,4.875
2872,4.8
2873,4.5625
2874,4.142857143
2875,5.0
2876,3.2
2877,4.909090909
2878,5.0
2879,5.0
2880,6.0
2881,4.4
2882,4.5
2883,6.461538462
2884,4.5
2885,5.0
2886,7.04
2887,5.0
2888,4.666666667
2889,4.76
2890,5.8125
2891,8.277310924
2892,5.0
2893,8.0
2894,0.0
2895,5.0
2896,5.768421053
2897,7.853658537
2898,4.909090909
2899,8.0
2900,8.0
2901,8.0
2902,5.0
2903,6.0
2904,5.25
2905,4.692307692
2906,6.8
2907,0.0
2908,4.833333333
2909,4.5
2910,4.5
2911,4.333333333
2912,5.307692308
2913,6.259259259
2914,4.727272727
2915,5.0
2916,8.0
2917,6.0
2918,4.4
2919,7.285714286
2920,5.0
2921,5.285714286
2922,5.0
2923,5.585365854
2924,4.6
2925,4.5
2926,0.0
2927,6.0
2928,4.666666667
2929,4.789473684
2930,4.0
2931,5.107142857
2932,4.882352941
2933,6.444444444
2934,4.714285714
2935,5.0
2936,5.0
2937,6.75
2938,7.2
2939,6.0
2940,5.5
2941,5.0
2942,4.0
2943,4.8
2944,2.8125
2945,6.153846154
2946,4.571428571
2947,6.0
2948,4.571428571
2949,5.0
2950,6.333333333
2951,5.234042553
2952,4.333333333
2953,4.55
2954,5.0
2955,5.5
2956,8.0
2957,4.8
2958,5.352941176
2959,4.666666667
2960,5.5
2961,5.0
2962,6.0
2963,4.5
2964,5.375
2965,4.19047619
2966,4.5
2967,4.428571429
2968,5.0
2969,4.5
2970,5.666666667
2971,2.5
2972,2.611111111
2973,4.6
2974,4.777777778
2975,4.5
2976,4.6
2977,5.0
2978,5.0
2979,6.0
2980,0.0
2981,5.666666667
2982,4.6
2983,6.0
2984,4.813953488
2985,8.0
2986,4.75
2987,3.947368421
2988,6.5
2989,4.6
2990,5.0
2991,4.125
2992,4.0
2993,6.666666667
2994,5.0
2995,5.0
2996,6.0
2997,6.0
2998,4.666666667
2999,5.0
3000,5.0
3001,5.0
3002,0.0
3003,6.0
3004,5.0
3005,4.142857143
3006,5.0
3007,5.0
3008,4.727272727
3009,4.222222222
3010,6.0
3011,5.375
3012,4.75
3013,5.0
3014,5.234042553
3015,5.714285714
3016,1.75
3017,5.966101695
3018,6.164835165
3019,5.615384615
3020,4.461538462
3021,4.869565217
3022,6.444444444
3023,4.833333333
3024,5.074074074
3025,5.408866995
3026,5.0
3027,4.5
3028,5.0
3029,4.84
3030,4.647058824
3031,4.88372093
3032,3.033898305
3033,5.552631579
3034,6.487179487
3035,4.818181818
3036,4.756410256
3037,7.04
3038,3.52
3039,4.916666667
3040,4.02173913
3041,6.161290323
3042,4.872727273
3043,8.0
3044,8.0
3045,5.784313725
3046,5.292307692
3047,4.323076923
3048,7.672727273
3049,4.75
3050,6.714285714
3051,5.205882353
3052,4.692307692
3053,1.35483871
3054,5.649122807
3055,4.745098039
3056,6.0
3057,4.791666667
3058,4.756097561
3059,5.0
3060,6.473684211
3061,4.923076923
3062,4.547619048
3063,5.428571429
3064,5.405405405
3065,4.6
3066,0.0
3067,5.0
3068,5.857142857
3069,6.346153846
3070,3.75
3071,6.181818182
3072,4.875
3073,5.0
3074,5.176470588
3075,4.888888889
3076,6.0
3077,8.277310924
3078,7.727272727
3079,6.293577982
3080,5.166666667
3081,6.166666667
3082,8.0
3083,8.0
3084,6.3125
3085,4.111111111
3086,6.25
3087,5.0
3088,7.0
3089,6.210526316
3090,1.8
3091,4.71875
3092,4.647058824
3093,6.348314607
3094,4.590909091
3095,5.736842105
3096,6.777777778
3097,5.0
3098,3.727272727
3099,4.833333333
3100,4.666666667
3101,4.8
3102,6.0
3103,4.8
3104,5.333333333
3105,4.5
3106,5.603773585
3107,4.5
3108,5.653061224
3109,4.466666667
3110,5.956521739
3111,4.714285714
3112,5.0
3113,6.0
3114,4.863636364
3115,6.34
3116,5.272727273
3117,5.0
3118,6.0
3119,7.0
3120,6.833333333
3121,8.0
3122,5.907407407
3123,3.75
3124,5.0
3125,4.0
3126,4.142857143
3127,4.6
3128,5.0
3129,4.666666667
3130,4.076923077
3131,4.75
3132,4.6
3133,5.302325581
3134,8.0
3135,4.842105263
3136,7.466666667
3137,4.875
3138,4.736842105
3139,4.777777778
3140,4.875
3141,4.0
3142,4.384615385
3143,8.0
3144,5.0
3145,4.666666667
3146,6.285714286
3147,6.5
3148,3.896551724
3149,5.193548387
3150,4.6
3151,4.285714286
3152,6.0
3153,4.666666667
3154,3.571428571
3155,4.454545455
3156,6.254385965
3157,0.0
3158,4.9
3159,5.789473684
3160,4.818181818
3161,5.642857143
3162,6.266666667
3163,4.666666667
3164,6.5
3165,6.2
3166,5.0
3167,4.736842105
3168,5.0
3169,5.0
3170,6.0
3171,4.0
3172,3.947368421
3173,5.0
3174,0.0
3175,3.6
3176,3.947368421
3177,6.230769231
3178,4.533333333
3179,6.545454545
3180,5.0
3181,5.0
3182,6.6
3183,5.0
3184,7.0
3185,5.0
3186,4.860465116
3187,4.333333333
3188,5.8125
3189,8.0
3190,4.142857143
3191,4.5
3192,4.083333333
3193,4.666666667
3194,4.967741935
3195,4.6
3196,5.95
3197,5.0
3198,5.538461538
3199,8.277310924
3200,3.2
3201,4.76
3202,5.3125
3203,6.0
3204,6.0
3205,5.857142857
3206,4.5
3207,4.8
3208,6.75
3209,4.730769231
3210,4.666666667
3211,4.875
3212,4.625
3213,4.5
3214,4.789473684
3215,4.909090909
3216,6.0
3217,5.0
3218,6.0
3219,6.0
3220,5.0
3221,4.5
3222,4.666666667
3223,4.666666667
3224,8.0
3225,4.4
3226,5.516129032
3227,4.692307692
3228,4.5625
3229,4.333333333
3230,5.0
3231,4.833333333
3232,4.5
3233,4.4
3234,5.0
3235,5.585365854
3236,5.0
3237,7.853658537
3238,5.0
3239,8.0
3240,5.0
3241,4.0
3242,6.0
3243,4.666666667
3244,8.0
3245,5.176470588
3246,5.0
3247,0.0
3248,8.0
3249,6.259259259
3250,4.5
3251,4.882352941
3252,8.0
3253,5.25
3254,5.0
3255,7.04
3256,4.571428571
3257,5.307692308
3258,6.153846154
3259,4.6
3260,6.8
3261,6.0
3262,8.0
3263,6.461538462
3264,0.0
3265,4.55
3266,6.0
3267,4.19047619
3268,5.107142857
3269,6.75
3270,4.571428571
3271,4.5
3272,4.0
3273,6.0
3274,0.0
3275,5.0
3276,6.0
3277,5.0
3278,5.234042553
3279,4.666666667
3280,5.0
3281,5.768421053
3282,6.444444444
3283,5.0
3284,5.285714286
3285,4.909090909
3286,6.333333333
3287,7.2
3288,4.6
3289,8.0
3290,4.428571429
3291,4.333333333
3292,4.727272727
3293,4.6
3294,4.6
3295,4.5
3296,5.666666667
3297,4.8
3298,5.352941176
3299,2.8125
3300,4.5
3301,5.0
3302,2.5
3303,5.5
3304,5.0
3305,3.947368421
3306,4.222222222
3307,4.142857143
3308,5.0
3309,4.8
3310,2.611111111
3311,5.0
3312,5.0
3313,4.813953488
3314,5.375
3315,4.727272727
3316,4.0
3317,5.0
3318,4.666666667
3319,4.714285714
3320,5.0
3321,4.75
3322,6.0
3323,5.666666667
3324,4.428571429
3325,4.956521739
3326,5.0
3327,0.0
3328,6.0
3329,5.0
3330,5.0
3331,5.0
3332,5.0
3333,5.0
3334,6.0
3335,4.333333333
3336,6.0
3337,5.0
3338,5.0
3339,5.5
3340,5.5
3341,5.375
3342,7.285714286
3343,4.5
3344,5.0
3345,5.714285714
3346,4.461538462
3347,1.75
3348,6.164835165
3349,5.615384615
3350,5.966101695
3351,4.869565217
3352,6.444444444
3353,5.074074074
3354,5.408866995
3355,4.833333333
3356,5.0
3357,4.84
3358,4.5
3359,5.0
3360,4.647058824
3361,5.552631579
3362,3.033898305
3363,4.818181818
3364,4.88372093
3365,4.756410256
3366,6.487179487
3367,4.02173913
3368,7.04
3369,4.916666667
3370,3.52
3371,8.0
3372,6.161290323
3373,8.0
3374,5.784313725
3375,4.872727273
3376,4.75
3377,5.292307692
3378,4.791666667
3379,4.692307692
3380,4.323076923
3381,7.672727273
3382,4.875
3383,4.745098039
3384,4.756097561
3385,4.923076923
3386,5.0
3387,5.649122807
3388,5.205882353
3389,1.35483871
3390,6.0
3391,5.428571429
3392,4.6
3393,6.714285714
3394,4.547619048
3395,5.0
3396,4.888888889
3397,5.0
3398,5.857142857
3399,6.473684211
3400,4.111111111
3401,3.75
3402,6.181818182
3403,5.176470588
3404,5.405405405
3405,6.293577982
3406,8.277310924
3407,8.0
3408,6.346153846
3409,4.8
3410,7.727272727
3411,5.166666667
3412,6.0
3413,4.71875
3414,6.3125
3415,0.0
3416,5.0
3417,6.166666667
3418,4.666666667
3419,4.590909091
3420,7.0
3421,5.0
3422,1.8
3423,8.0
3424,4.076923077
3425,4.466666667
3426,4.833333333
3427,5.0
3428,4.5
3429,6.210526316
3430,5.0
3431,4.5
3432,4.875
3433,6.0
3434,3.727272727
3435,4.8
3436,5.736842105
3437,4.647058824
3438,6.777777778
3439,6.0
3440,6.348314607
3441,6.25
3442,5.333333333
3443,4.6
3444,4.0
3445,5.653061224
3446,4.285714286
3447,5.603773585
3448,4.142857143
3449,5.0
3450,6.0
3451,6.34
3452,7.0
3453,5.272727273
3454,8.0
3455,4.9
3456,4.863636364
3457,4.666666667
3458,4.75
3459,4.384615385
3460,4.666666667
3461,6.833333333
3462,4.875
3463,4.666666667
3464,5.302325581
3465,4.714285714
3466,4.736842105
3467,8.0
3468,7.466666667
3469,4.454545455
3470,5.956521739
3471,4.6
3472,4.842105263
3473,3.896551724
3474,4.777777778
3475,3.75
3476,4.6
3477,5.907407407
3478,5.8125
3479,5.0
3480,4.0
3481,4.666666667
3482,5.0
3483,6.5
3484,6.285714286
3485,5.642857143
3486,5.0
3487,6.254385965
3488,6.0
3489,5.193548387
3490,4.818181818
3491,4.533333333
3492,8.0
3493,3.947368421
3494,4.0
3495,4.142857143
3496,5.0
3497,4.333333333
3498,3.571428571
3499,0.0
3500,4.5
3501,6.5
3502,6.0
3503,6.266666667
3504,3.6
3505,5.0
3506,4.789473684
3507,5.0
3508,4.736842105
3509,4.76
3510,3.947368421
3511,8.277310924
3512,0.0
3513,4.083333333
3514,5.0
3515,3.2
3516,4.666666667
3517,4.967741935
3518,7.0
3519,5.0
3520,5.0
3521,4.860465116
3522,6.545454545
3523,4.5
3524,4.5
3525,6.6
3526,4.8
3527,5.0
3528,5.0
3529,5.3125
3530,4.692307692
3531,4.909090909
3532,4.6
3533,4.875
3534,4.5
3535,4.666666667
3536,5.0
3537,6.0
3538,6.0
3539,8.0
3540,6.259259259
3541,5.857142857
3542,4.625
3543,4.666666667
3544,5.789473684
3545,4.333333333
3546,6.230769231
3547,5.585365854
3548,4.4
3549,5.0
3550,6.75
3551,4.833333333
3552,4.730769231
3553,4.0
3554,4.4
3555,5.0
3556,6.153846154
3557,5.0
3558,8.0
3559,5.0
3560,4.5
3561,5.0
3562,4.19047619
3563,4.571428571
3564,4.666666667
3565,6.0
3566,6.0
3567,5.516129032
3568,4.55
3569,4.5625
3570,5.0
3571,4.5
3572,0.0
3573,4.5
3574,4.882352941
3575,6.0
3576,7.853658537
3577,6.0
3578,8.0
3579,5.0
3580,4.571428571
3581,6.0
3582,6.2
3583,4.6
3584,5.0
3585,6.75
3586,8.0
3587,4.0
3588,4.6
3589,5.0
3590,5.0
3591,5.307692308
3592,4.666666667
3593,5.25
3594,5.538461538
3595,8.0
3596,8.0
3597,5.234042553
3598,4.6
3599,6.0
3600,5.0
3601,4.222222222
3602,6.0
3603,5.107142857
3604,6.8
3605,4.6
3606,4.142857143
3607,4.428571429
3608,7.04
3609,5.0
3610,4.428571429
3611,8.0
3612,4.727272727
3613,8.0
3614,4.5
3615,6.333333333
3616,5.666666667
3617,5.0
3618,6.0
3619,4.956521739
3620,4.5
3621,4.75
3622,2.5
3623,5.0
3624,0.0
3625,3.947368421
3626,5.0
3627,6.444444444
3628,5.0
3629,4.8
3630,5.0
3631,5.0
3632,4.0
3633,4.333333333
3634,4.333333333
3635,4.666666667
3636,5.176470588
3637,6.0
3638,7.2
3639,5.0
3640,6.461538462
3641,5.0
3642,4.666666667
3643,5.0
3644,4.813953488
3645,5.0
3646,5.5
3647,4.5
3648,2.611111111
3649,5.0
3650,5.0
3651,6.0
3652,6.0
3653,5.0
3654,5.0
3655,4.5
3656,5.0
3657,5.768421053
3658,5.714285714
3659,4.461538462
3660,1.75
3661,6.164835165
3662,5.615384615
3663,4.869565217
3664,5.966101695
3665,5.0
3666,6.444444444
3667,5.074074074
3668,5.408866995
3669,4.833333333
3670,4.84
3671,4.5
3672,4.647058824
3673,5.0
3674,5.552631579
3675,3.033898305
3676,4.818181818
3677,4.756410256
3678,4.02173913
3679,4.88372093
3680,6.487179487
3681,4.75
3682,4.875
3683,7.04
3684,4.916666667
3685,8.0
3686,4.791666667
3687,8.0
3688,5.784313725
3689,3.52
3690,6.161290323
3691,4.692307692
3692,4.923076923
3693,5.0
3694,4.745098039
3695,4.756097561
3696,5.292307692
3697,7.672727273
3698,4.323076923
3699,4.872727273
3700,5.0
3701,5.649122807
3702,4.6
3703,4.111111111
3704,6.0
3705,4.8
3706,5.428571429
3707,4.888888889
3708,1.35483871
3709,5.0
3710,5.205882353
3711,4.547619048
3712,5.857142857
3713,4.076923077
3714,4.71875
3715,4.875
3716,8.0
3717,4.666666667
3718,5.0
3719,3.75
3720,5.176470588
3721,6.181818182
3722,8.277310924
3723,4.590909091
3724,6.293577982
3725,6.714285714
3726,5.166666667
3727,6.473684211
3728,6.3125
3729,4.285714286
3730,4.466666667
3731,7.0
3732,7.727272727
3733,6.346153846
3734,4.9
3735,5.0
3736,4.5
3737,5.0
3738,6.166666667
3739,6.0
3740,4.833333333
3741,3.727272727
3742,5.405405405
3743,4.5
3744,4.6
3745,6.0
3746,1.8
3747,6.0
3748,4.8
3749,4.0
3750,6.210526316
3751,4.142857143
3752,4.647058824
3753,5.736842105
3754,5.0
3755,0.0
3756,5.8125
3757,8.0
3758,8.0
3759,6.777777778
3760,4.666666667
3761,5.333333333
3762,4.384615385
3763,4.666666667
3764,5.653061224
3765,6.0
3766,4.666666667
3767,6.348314607
3768,5.0
3769,4.875
3770,5.302325581
3771,5.0
3772,4.454545455
3773,7.0
3774,4.75
3775,5.603773585
3776,6.25
3777,4.789473684
3778,6.34
3779,4.736842105
3780,4.666666667
3781,3.896551724
3782,6.833333333
3783,5.272727273
3784,4.6
3785,7.466666667
3786,4.142857143
3787,4.533333333
3788,4.5
3789,5.0
3790,5.642857143
3791,4.333333333
3792,3.947368421
3793,4.863636364
3794,4.842105263
3795,4.777777778
3796,4.76
3797,4.0
3798,6.5
3799,5.0
3800,8.277310924
3801,8.0
3802,6.254385965
3803,6.0
3804,5.0
3805,4.818181818
3806,4.0
3807,4.6
3808,3.2
3809,3.6
3810,5.193548387
3811,6.0
3812,6.5
3813,4.5
3814,4.083333333
3815,5.0
3816,4.967741935
3817,4.666666667
3818,6.266666667
3819,3.75
3820,6.259259259
3821,6.285714286
3822,5.0
3823,5.907407407
3824,3.571428571
3825,0.0
3826,4.714285714
3827,0.0
3828,4.736842105
3829,8.0
3830,4.5
3831,5.0
3832,4.860465116
3833,3.947368421
3834,7.0
3835,6.6
3836,5.0
3837,4.692307692
3838,4.8
3839,4.19047619
3840,6.153846154
3841,5.585365854
3842,4.5
3843,5.0
3844,4.0
3845,5.0
3846,4.666666667
3847,4.55
3848,5.0
3849,6.545454545
3850,5.0
3851,4.4
3852,4.333333333
3853,4.571428571
3854,6.0
3855,4.875
3856,4.5
3857,5.3125
3858,4.625
3859,4.909090909
3860,8.0
3861,5.0
3862,5.0
3863,4.833333333
3864,4.730769231
3865,4.666666667
3866,5.857142857
3867,4.5
3868,5.0
3869,0.0
3870,4.5625
3871,4.222222222
3872,4.5
3873,4.882352941
3874,6.0
3875,4.6
3876,4.6
3877,4.4
3878,4.666666667
3879,4.571428571
3880,4.142857143
3881,4.6
3882,5.0
3883,4.428571429
3884,6.0
3885,5.0
3886,4.0
3887,5.0
3888,5.516129032
3889,8.0
3890,4.6
3891,5.0
3892,4.666666667
3893,6.75
3894,4.6
3895,7.853658537
3896,5.956521739
3897,6.0
3898,4.956521739
3899,5.234042553
3900,4.727272727
3901,5.0
3902,6.75
3903,5.0
3904,4.428571429
3905,4.75
3906,5.0
3907,8.0
3908,5.0
3909,4.333333333
3910,6.0
3911,8.0
3912,5.0
3913,7.04
3914,6.0
3915,3.947368421
3916,4.5
3917,5.0
3918,6.0
3919,5.107142857
3920,2.5
3921,5.666666667
3922,4.5
3923,5.307692308
3924,5.0
3925,5.0
3926,8.0
3927,4.0
3928,4.666666667
3929,4.5
3930,6.0
3931,4.75
3932,5.25
3933,6.333333333
3934,6.0
3935,6.8
3936,5.0
3937,5.0
3938,5.0
3939,5.0
3940,5.0
3941,5.0
3942,8.0
3943,5.0
3944,4.0
3945,4.8
3946,4.5
3947,6.230769231
3948,4.0
3949,5.0
3950,6.0
3951,4.5
3952,5.0
3953,4.0
3954,5.0
3955,5.851851852
3956,6.444444444
3957,5.714285714
3958,4.461538462
3959,1.75
3960,6.164835165
3961,4.869565217
3962,5.615384615
3963,5.0
3964,5.074074074
3965,6.444444444
3966,5.966101695
3967,5.408866995
3968,4.84
3969,4.647058824
3970,4.5
3971,4.833333333
3972,4.875
3973,5.0
3974,3.033898305
3975,4.818181818
3976,4.75
3977,5.552631579
3978,4.02173913
3979,4.791666667
3980,4.756410256
3981,6.487179487
3982,8.0
3983,4.88372093
3984,4.692307692
3985,5.784313725
3986,8.0
3987,4.916666667
3988,7.04
3989,5.0
3990,5.0
3991,4.923076923
3992,4.756097561
3993,4.745098039
3994,6.161290323
3995,3.52
3996,4.8
3997,4.111111111
3998,4.076923077
3999,7.672727273
4000,5.292307692
4001,4.875
4002,4.6
4003,5.649122807
4004,4.888888889
4005,5.0
4006,4.323076923
4007,4.285714286
4008,5.428571429
4009,4.71875
4010,4.666666667
4011,6.0
4012,4.9
4013,1.35483871
4014,8.0
4015,4.590909091
4016,5.857142857
4017,4.466666667
4018,4.547619048
4019,6.3125
4020,5.205882353
4021,4.872727273
4022,5.166666667
4023,8.277310924
4024,5.176470588
4025,7.0
4026,5.0
4027,6.293577982
4028,4.6
4029,4.5
4030,6.181818182
4031,3.727272727
4032,3.75
4033,4.833333333
4034,4.5
4035,5.0
4036,7.727272727
4037,6.473684211
4038,6.0
4039,5.8125
4040,4.0
4041,5.0
4042,6.0
4043,6.166666667
4044,4.789473684
4045,6.346153846
4046,6.0
4047,4.142857143
4048,1.8
4049,4.8
4050,5.0
4051,4.666666667
4052,4.666666667
4053,4.384615385
4054,8.0
4055,5.0
4056,5.302325581
4057,4.454545455
4058,6.714285714
4059,4.875
4060,4.666666667
4061,4.666666667
4062,4.142857143
4063,6.210526316
4064,6.0
4065,4.647058824
4066,5.736842105
4067,5.653061224
4068,3.896551724
4069,5.333333333
4070,4.736842105
4071,4.533333333
4072,4.5
4073,5.0
4074,4.76
4075,6.777777778
4076,4.75
4077,4.333333333
4078,4.6
4079,7.0
4080,8.277310924
4081,3.947368421
4082,5.642857143
4083,6.833333333
4084,7.466666667
4085,6.348314607
4086,6.259259259
4087,8.0
4088,3.2
4089,5.0
4090,4.0
4091,5.0
4092,5.0
4093,6.34
4094,4.5
4095,5.603773585
4096,5.0
4097,4.083333333
4098,4.777777778
4099,6.254385965
4100,6.25
4101,6.5
4102,4.842105263
4103,6.0
4104,5.405405405
4105,4.818181818
4106,3.6
4107,4.967741935
4108,6.0
4109,4.19047619
4110,0.0
4111,6.153846154
4112,4.666666667
4113,4.5
4114,4.55
4115,5.0
4116,4.692307692
4117,6.5
4118,4.0
4119,4.6
4120,4.5
4121,5.193548387
4122,8.0
4123,5.585365854
4124,5.0
4125,4.222222222
4126,5.0
4127,4.571428571
4128,6.6
4129,0.0
4130,4.860465116
4131,6.266666667
4132,4.8
4133,5.0
4134,5.0
4135,4.333333333
4136,4.4
4137,4.736842105
4138,4.428571429
4139,4.730769231
4140,4.5
4141,8.0
4142,3.571428571
4143,7.0
4144,5.0
4145,5.0
4146,5.0
4147,5.0
4148,4.142857143
4149,4.666666667
4150,6.0
4151,0.0
4152,4.833333333
4153,4.666666667
4154,5.272727273
4155,4.6
4156,3.947368421
4157,8.0
4158,4.875
4159,4.0
4160,4.5
4161,5.0
4162,6.285714286
4163,4.625
4164,4.6
4165,4.909090909
4166,0.0
4167,4.882352941
4168,5.3125
4169,4.571428571
4170,4.5
4171,4.6
4172,4.956521739
4173,3.75
4174,4.5625
4175,5.0
4176,5.0
4177,4.727272727
4178,6.0
4179,5.0
4180,6.545454545
4181,4.0
4182,4.666666667
4183,5.0
4184,4.75
4185,4.333333333
4186,5.0
4187,4.5
4188,5.857142857
4189,4.4
4190,5.907407407
4191,8.0
4192,6.75
4193,5.234042553
4194,4.428571429
4195,5.0
4196,4.666666667
4197,4.75
4198,6.0
4199,6.0
4200,4.6
4201,7.853658537
4202,8.0
4203,3.947368421
4204,4.6
4205,5.0
4206,2.5
4207,4.863636364
4208,5.0
4209,7.04
4210,5.0
4211,5.516129032
4212,8.0
4213,4.5
4214,5.0
4215,5.0
4216,4.0
4217,4.666666667
4218,5.666666667
4219,6.0
4220,4.0
4221,5.0
4222,5.0
4223,4.5
4224,6.0
4225,5.0
4226,5.0
4227,5.0
4228,4.666666667
4229,4.619047619
4230,4.0
4231,5.851851852
4232,4.0
4233,4.333333333
4234,4.0
4235,4.5
4236,5.0
4237,4.5
4238,5.0
4239,4.714285714
4240,6.333333333
4241,4.0
4242,5.107142857
4243,5.714285714
4244,4.461538462
4245,1.75
4246,5.0
4247,6.164835165
4248,4.869565217
4249,5.615384615
4250,5.074074074
4251,6.444444444
4252,4.84
4253,4.875
4254,4.647058824
4255,5.408866995
4256,4.5
4257,5.966101695
4258,4.75
4259,4.791666667
4260,4.833333333
4261,3.033898305
4262,5.0
4263,4.818181818
4264,5.552631579
4265,4.02173913
4266,5.0
4267,5.0
4268,4.692307692
4269,4.756410256
4270,8.0
4271,6.487179487
4272,5.784313725
4273,4.923076923
4274,8.0
4275,4.076923077
4276,4.756097561
4277,4.745098039
4278,7.04
4279,4.875
4280,4.916666667
4281,4.8
4282,4.88372093
4283,4.111111111
4284,4.285714286
4285,6.161290323
4286,4.9
4287,3.52
4288,7.672727273
4289,5.0
4290,4.666666667
4291,4.71875
4292,4.6
4293,5.649122807
4294,4.888888889
4295,5.428571429
4296,4.590909091
4297,5.292307692
4298,8.0
4299,4.466666667
4300,6.0
4301,4.323076923
4302,4.6
4303,5.857142857
4304,5.8125
4305,5.0
4306,4.789473684
4307,1.35483871
4308,4.5
4309,5.166666667
4310,6.3125
4311,7.0
4312,4.0
4313,8.277310924
4314,4.5
4315,5.0
4316,3.727272727
4317,6.0
4318,5.176470588
4319,5.0
4320,4.833333333
4321,6.0
4322,4.547619048
4323,6.293577982
4324,4.142857143
4325,6.181818182
4326,4.666666667
4327,7.727272727
4328,4.666666667
4329,5.0
4330,6.473684211
4331,4.384615385
4332,6.166666667
4333,5.205882353
4334,3.75
4335,5.302325581
4336,8.0
4337,1.8
4338,4.454545455
4339,4.8
4340,4.666666667
4341,4.142857143
4342,5.0
4343,4.76
4344,6.0
4345,4.875
4346,4.666666667
4347,6.259259259
4348,6.346153846
4349,4.5
4350,8.277310924
4351,4.533333333
4352,4.333333333
4353,3.896551724
4354,4.736842105
4355,3.947368421
4356,6.0
4357,4.6
4358,5.642857143
4359,3.2
4360,6.210526316
4361,4.647058824
4362,4.75
4363,5.0
4364,4.5
4365,5.0
4366,6.153846154
4367,5.736842105
4368,5.333333333
4369,6.833333333
4370,5.0
4371,7.466666667
4372,5.0
4373,5.653061224
4374,4.19047619
4375,4.0
4376,4.083333333
4377,4.222222222
4378,4.872727273
4379,4.428571429
4380,7.0
4381,4.0
4382,4.967741935
4383,4.55
4384,6.777777778
4385,5.0
4386,4.5
4387,6.254385965
4388,5.0
4389,4.142857143
4390,4.666666667
4391,5.585365854
4392,6.5
4393,4.692307692
4394,6.0
4395,5.0
4396,6.0
4397,4.818181818
4398,3.6
4399,4.777777778
4400,5.0
4401,4.5
4402,4.571428571
4403,6.348314607
4404,4.6
4405,4.730769231
4406,4.842105263
4407,8.0
4408,4.6
4409,4.333333333
4410,4.4
4411,6.6
4412,5.0
4413,6.34
4414,5.0
4415,4.956521739
4416,6.5
4417,4.6
4418,4.833333333
4419,4.5
4420,4.8
4421,4.6
4422,0.0
4423,4.666666667
4424,4.860465116
4425,5.0
4426,6.714285714
4427,4.666666667
4428,5.0
4429,6.0
4430,7.0
4431,4.875
4432,4.333333333
4433,5.0
4434,6.266666667
4435,4.5
4436,4.882352941
4437,8.0
4438,5.0
4439,4.5
4440,4.571428571
4441,4.727272727
4442,0.0
4443,4.736842105
4444,4.5
4445,4.625
4446,5.0
4447,4.75
4448,5.0
4449,4.75
4450,8.0
4451,4.666666667
4452,5.0
4453,5.603773585
4454,3.571428571
4455,4.0
4456,6.0
4457,4.5625
4458,5.0
4459,5.193548387
4460,4.909090909
4461,5.0
4462,6.25
4463,5.3125
4464,3.947368421
4465,5.0
4466,5.0
4467,4.428571429
4468,8.0
4469,8.0
4470,5.234042553
4471,4.0
4472,3.947368421
4473,5.0
4474,8.0
4475,4.619047619
4476,8.0
4477,2.5
4478,6.75
4479,5.0
4480,4.0
4481,4.666666667
4482,4.5
4483,7.853658537
4484,4.0
4485,4.333333333
4486,6.285714286
4487,4.4
4488,5.0
4489,4.666666667
4490,4.5
4491,5.0
4492,6.0
4493,5.851851852
4494,0.0
4495,6.0
4496,5.0
4497,6.0
4498,4.5
4499,5.588235294
4500,4.6
4501,6.545454545
4502,5.0
4503,4.6
4504,4.0
4505,5.0
4506,5.0
4507,4.0
4508,4.089285714
4509,5.0
4510,4.636363636
4511,7.04
4512,4.0
4513,5.0
4514,4.333333333
4515,4.0
4516,4.5
4517,4.6
4518,5.666666667
4519,5.0
4520,5.714285714
4521,4.461538462
4522,5.0
4523,6.164835165
4524,1.75
4525,4.869565217
4526,4.875
4527,5.074074074
4528,5.615384615
4529,6.444444444
4530,4.84
4531,4.647058824
4532,4.75
4533,4.5
4534,5.408866995
4535,4.791666667
4536,5.0
4537,3.033898305
4538,4.02173913
4539,5.0
4540,5.552631579
4541,4.076923077
4542,4.692307692
4543,4.818181818
4544,5.966101695
4545,5.0
4546,8.0
4547,4.923076923
4548,4.875
4549,4.833333333
4550,5.784313725
4551,6.487179487
4552,4.745098039
4553,4.285714286
4554,4.8
4555,8.0
4556,4.756097561
4557,4.756410256
4558,4.111111111
4559,4.9
4560,4.916666667
4561,7.04
4562,4.666666667
4563,4.71875
4564,5.0
4565,5.649122807
4566,6.161290323
4567,4.590909091
4568,7.672727273
4569,4.6
4570,4.789473684
4571,4.466666667
4572,8.0
4573,5.428571429
4574,5.8125
4575,4.888888889
4576,5.0
4577,4.6
4578,4.88372093
4579,5.0
4580,4.5
4581,5.857142857
4582,4.0
4583,3.52
4584,5.0
4585,6.0
4586,7.0
4587,4.5
4588,5.292307692
4589,5.166666667
4590,8.277310924
4591,3.727272727
4592,1.35483871
4593,4.323076923
4594,4.142857143
4595,6.0
4596,4.833333333
4597,4.666666667
4598,4.666666667
4599,4.384615385
4600,6.0
4601,6.3125
4602,5.176470588
4603,5.302325581
4604,4.76
4605,4.666666667
4606,6.259259259
4607,6.293577982
4608,4.142857143
4609,8.0
4610,4.454545455
4611,8.277310924
4612,6.166666667
4613,4.547619048
4614,6.181818182
4615,4.5
4616,6.473684211
4617,7.727272727
4618,4.8
4619,4.333333333
4620,1.8
4621,4.533333333
4622,5.0
4623,4.666666667
4624,4.428571429
4625,6.153846154
4626,3.2
4627,4.222222222
4628,3.896551724
4629,3.947368421
4630,5.0
4631,4.875
4632,5.642857143
4633,4.736842105
4634,4.0
4635,4.19047619
4636,4.5
4637,6.0
4638,4.6
4639,6.0
4640,5.0
4641,4.55
4642,5.0
4643,4.142857143
4644,5.0
4645,5.0
4646,4.5
4647,3.75
4648,4.083333333
4649,7.466666667
4650,4.967741935
4651,6.346153846
4652,6.210526316
4653,4.0
4654,5.585365854
4655,5.0
4656,6.833333333
4657,5.0
4658,4.692307692
4659,5.333333333
4660,5.0
4661,5.736842105
4662,5.0
4663,4.956521739
4664,5.205882353
4665,4.75
4666,4.6
4667,4.730769231
4668,5.653061224
4669,4.571428571
4670,8.0
4671,4.333333333
4672,4.647058824
4673,4.5
4674,4.6
4675,5.0
4676,4.6
4677,4.666666667
4678,4.6
4679,6.0
4680,4.818181818
4681,7.0
4682,6.254385965
4683,4.333333333
4684,5.0
4685,4.4
4686,6.0
4687,5.0
4688,4.5
4689,4.75
4690,6.5
4691,3.6
4692,4.833333333
4693,4.666666667
4694,6.6
4695,4.5
4696,4.727272727
4697,6.5
4698,4.777777778
4699,6.777777778
4700,4.882352941
4701,7.0
4702,4.8
4703,5.0
4704,4.842105263
4705,4.75
4706,5.0
4707,4.571428571
4708,6.0
4709,5.0
4710,4.875
4711,0.0
4712,4.5
4713,4.5
4714,0.0
4715,5.0
4716,4.666666667
4717,5.0
4718,4.0
4719,5.0
4720,4.625
4721,4.0
4722,4.619047619
4723,6.0
4724,4.860465116
4725,6.266666667
4726,4.666666667
4727,5.0
4728,6.34
4729,4.428571429
4730,4.5
4731,4.5625
4732,4.0
4733,4.666666667
4734,4.6
4735,4.333333333
4736,5.588235294
4737,8.0
4738,6.348314607
4739,4.636363636
4740,3.947368421
4741,5.0
4742,5.234042553
4743,5.0
4744,4.333333333
4745,4.089285714
4746,5.851851852
4747,5.0
4748,4.909090909
4749,5.3125
4750,4.0
4751,5.0
4752,8.0
4753,8.0
4754,5.0
4755,4.5
4756,5.0
4757,2.5
4758,4.736842105
4759,4.0
4760,7.853658537
4761,4.0
4762,4.666666667
4763,5.0
4764,4.0
4765,4.636363636
4766,6.0
4767,5.0
4768,5.0
4769,5.0
4770,4.6
4771,4.5
4772,4.0
4773,5.0
4774,5.0
4775,5.818181818
4776,4.5
4777,4.5
4778,4.5
4779,4.0
4780,6.0
4781,6.75
4782,5.714285714
4783,4.461538462
4784,5.0
4785,4.875
4786,6.164835165
4787,4.869565217
4788,1.75
4789,5.074074074
4790,5.615384615
4791,6.444444444
4792,4.75
4793,4.84
4794,4.647058824
4795,5.0
4796,4.791666667
4797,4.5
4798,3.033898305
4799,4.076923077
4800,5.408866995
4801,5.0
4802,4.02173913
4803,4.692307692
4804,4.875
4805,4.285714286
4806,4.923076923
4807,5.552631579
4808,8.0
4809,4.8
4810,4.9
4811,4.745098039
4812,5.784313725
4813,6.487179487
4814,4.818181818
4815,4.111111111
4816,8.0
4817,4.756097561
4818,5.0
4819,4.666666667
4820,4.756410256
4821,4.71875
4822,7.04
4823,4.789473684
4824,4.590909091
4825,4.916666667
4826,5.0
4827,5.649122807
4828,5.0
4829,5.966101695
4830,5.8125
4831,4.466666667
4832,8.0
4833,4.833333333
4834,7.672727273
4835,4.6
4836,4.6
4837,5.428571429
4838,6.161290323
4839,5.0
4840,5.0
4841,4.888888889
4842,4.5
4843,4.0
4844,7.0
4845,4.5
4846,5.166666667
4847,5.857142857
4848,4.142857143
4849,8.277310924
4850,6.259259259
4851,4.76
4852,6.0
4853,4.384615385
4854,4.666666667
4855,3.727272727
4856,6.0
4857,1.35483871
4858,4.666666667
4859,4.666666667
4860,5.302325581
4861,4.428571429
4862,4.88372093
4863,4.142857143
4864,8.277310924
4865,8.0
4866,4.222222222
4867,6.0
4868,4.833333333
4869,5.292307692
4870,6.153846154
4871,4.5
4872,4.323076923
4873,4.454545455
4874,4.0
4875,5.0
4876,4.533333333
4877,5.176470588
4878,3.2
4879,6.293577982
4880,4.333333333
4881,6.3125
4882,3.947368421
4883,4.8
4884,4.666666667
4885,4.142857143
4886,3.896551724
4887,6.166666667
4888,1.8
4889,4.19047619
4890,3.52
4891,6.473684211
4892,4.55
4893,7.727272727
4894,4.5
4895,4.5
4896,5.642857143
4897,6.181818182
4898,4.736842105
4899,5.0
4900,5.0
4901,5.0
4902,4.333333333
4903,4.875
4904,5.0
4905,5.585365854
4906,4.956521739
4907,4.547619048
4908,4.6
4909,4.5
4910,5.0
4911,7.466666667
4912,6.0
4913,4.083333333
4914,4.6
4915,4.967741935
4916,4.75
4917,5.0
4918,4.692307692
4919,4.730769231
4920,5.0
4921,8.0
4922,4.6
4923,4.6
4924,6.0
4925,4.571428571
4926,5.0
4927,4.0
4928,5.0
4929,5.0
4930,4.333333333
4931,6.210526316
4932,6.833333333
4933,4.4
4934,4.6
4935,4.727272727
4936,6.0
4937,4.619047619
4938,6.346153846
4939,4.833333333
4940,4.818181818
4941,4.0
4942,5.0
4943,6.254385965
4944,4.666666667
4945,6.5
4946,4.75
4947,4.5
4948,5.653061224
4949,5.0
4950,6.0
4951,4.882352941
4952,4.5
4953,5.0
4954,5.736842105
4955,7.0
4956,5.333333333
4957,4.6
4958,4.571428571
4959,6.6
4960,4.5
4961,5.0
4962,4.666666667
4963,4.5
4964,5.0
4965,4.636363636
4966,4.875
4967,6.0
4968,6.5
4969,4.666666667
4970,4.0
4971,4.75
4972,4.666666667
4973,5.0
4974,5.588235294
4975,4.333333333
4976,0.0
4977,4.333333333
4978,4.5
4979,5.0
4980,6.0
4981,0.0
4982,4.0
4983,4.842105263
4984,5.0
4985,7.0
4986,4.089285714
4987,4.428571429
4988,4.625
4989,3.6
4990,4.636363636
4991,8.0
4992,4.0
4993,5.851851852
4994,5.0
4995,5.0
4996,4.777777778
4997,3.947368421
4998,5.0
4999,4.0
5000,5.0
5001,4.8
5002,5.0
5003,5.0
5004,5.0
5005,4.647058824
5006,4.5
5007,4.5
5008,4.5625
5009,4.5
5010,4.0
5011,4.6
5012,4.0
5013,5.234042553
5014,8.0
5015,5.0
5016,7.853658537
5017,4.0
5018,5.0
5019,6.0
5020,5.0
5021,5.0
5022,5.0
5023,5.818181818
5024,4.666666667
5025,6.266666667
5026,8.0
5027,6.777777778
5028,4.0
5029,4.333333333
5030,4.5
5031,6.34
5032,4.0
5033,4.0
5034,5.0
5035,5.0
5036,4.666666667
5037,4.0
5038,4.588235294
5039,5.714285714
5040,4.461538462
5041,4.875
5042,5.0
5043,6.164835165
5044,4.869565217
5045,5.074074074
5046,1.75
5047,4.75
5048,5.0
5049,5.615384615
5050,6.444444444
5051,4.791666667
5052,4.647058824
5053,4.84
5054,4.5
5055,4.076923077
5056,3.033898305
5057,5.0
5058,4.875
5059,4.285714286
5060,4.692307692
5061,4.9
5062,4.02173913
5063,4.923076923
5064,4.8
5065,5.408866995
5066,8.0
5067,4.745098039
5068,4.111111111
5069,5.784313725
5070,6.487179487
5071,5.552631579
5072,8.0
5073,4.666666667
5074,4.756097561
5075,4.789473684
5076,4.71875
5077,5.0
5078,4.818181818
5079,4.590909091
5080,5.8125
5081,4.466666667
5082,5.649122807
5083,8.0
5084,7.04
5085,5.0
5086,4.6
5087,4.756410256
5088,5.0
5089,4.916666667
5090,5.0
5091,5.0
5092,5.428571429
5093,4.5
5094,7.672727273
5095,4.0
5096,4.6
5097,6.259259259
5098,4.428571429
5099,4.76
5100,5.166666667
5101,7.0
5102,4.888888889
5103,4.5
5104,4.142857143
5105,6.161290323
5106,4.384615385
5107,4.222222222
5108,4.0
5109,8.277310924
5110,4.666666667
5111,4.666666667
5112,8.277310924
5113,6.0
5114,6.153846154
5115,4.666666667
5116,4.142857143
5117,5.857142857
5118,3.727272727
5119,5.0
5120,5.302325581
5121,1.35483871
5122,8.0
5123,4.5
5124,3.2
5125,4.533333333
5126,6.0
5127,4.142857143
5128,4.333333333
5129,4.454545455
5130,6.166666667
5131,4.333333333
5132,3.947368421
5133,4.19047619
5134,6.0
5135,4.55
5136,4.5
5137,4.666666667
5138,4.5
5139,3.896551724
5140,4.956521739
5141,4.5
5142,4.75
5143,5.176470588
5144,5.585365854
5145,5.642857143
5146,5.0
5147,5.0
5148,4.8
5149,1.8
5150,5.0
5151,6.293577982
5152,5.0
5153,5.292307692
5154,4.88372093
5155,4.833333333
5156,4.6
5157,4.736842105
5158,4.619047619
5159,4.323076923
5160,6.473684211
5161,4.730769231
5162,7.466666667
5163,4.6
5164,4.692307692
5165,7.727272727
5166,4.6
5167,5.0
5168,8.0
5169,6.3125
5170,5.0
5171,4.0
5172,4.083333333
5173,5.0
5174,6.0
5175,4.967741935
5176,5.0
5177,4.833333333
5178,4.6
5179,5.0
5180,4.6
5181,4.571428571
5182,6.181818182
5183,4.333333333
5184,4.636363636
5185,5.0
5186,4.727272727
5187,4.0
5188,4.333333333
5189,4.5
5190,4.75
5191,4.875
5192,4.4
5193,4.833333333
5194,4.666666667
5195,4.6
5196,4.882352941
5197,4.333333333
5198,4.0
5199,4.666666667
5200,5.588235294
5201,4.636363636
5202,6.0
5203,6.5
5204,5.0
5205,4.089285714
5206,6.833333333
5207,4.818181818
5208,7.0
5209,4.571428571
5210,6.254385965
5211,4.666666667
5212,5.0
5213,6.0
5214,5.0
5215,4.5
5216,4.0
5217,6.0
5218,4.5
5219,5.0
5220,4.5
5221,5.0
5222,5.0
5223,5.851851852
5224,4.5
5225,5.0
5226,4.0
5227,5.0
5228,8.0
5229,5.0
5230,6.6
5231,4.875
5232,6.210526316
5233,5.0
5234,6.0
5235,5.0
5236,4.428571429
5237,4.0
5238,4.0
5239,4.5
5240,5.0
5241,0.0
5242,6.0
5243,5.653061224
5244,5.0
5245,6.5
5246,4.6
5247,3.947368421
5248,5.0
5249,5.0
5250,5.333333333
5251,4.547619048
5252,4.5
5253,4.5
5254,4.0
5255,5.966101695
5256,5.0
5257,6.346153846
5258,5.818181818
5259,0.0
5260,4.333333333
5261,4.0
5262,5.0
5263,8.0
5264,4.0
5265,4.588235294
5266,7.853658537
5267,6.0
5268,5.0
5269,5.0
5270,4.625
5271,4.0
5272,5.0
5273,4.0
5274,4.842105263
5275,4.0
5276,4.666666667
5277,4.5
5278,5.0
5279,5.234042553
5280,4.6
5281,5.714285714
5282,4.461538462
5283,4.875
5284,5.0
5285,6.164835165
5286,4.869565217
5287,5.074074074
5288,5.0
5289,4.75
5290,1.75
5291,6.444444444
5292,5.615384615
5293,4.791666667
5294,4.076923077
5295,4.647058824
5296,4.5
5297,5.0
5298,4.285714286
5299,4.84
5300,4.875
5301,3.033898305
5302,4.692307692
5303,4.9
5304,4.8
5305,4.923076923
5306,8.0
5307,4.02173913
5308,4.745098039
5309,4.111111111
5310,5.784313725
5311,6.487179487
5312,4.666666667
5313,4.789473684
5314,5.0
5315,8.0
5316,4.71875
5317,4.756097561
5318,5.552631579
5319,5.8125
5320,4.590909091
5321,5.408866995
5322,4.466666667
5323,5.649122807
5324,8.0
5325,5.0
5326,4.428571429
5327,4.6
5328,6.259259259
5329,5.0
5330,7.04
5331,5.428571429
5332,4.0
5333,4.0
5334,4.76
5335,4.5
5336,4.818181818
5337,4.222222222
5338,5.0
5339,5.0
5340,8.277310924
5341,6.153846154
5342,5.166666667
5343,4.384615385
5344,4.916666667
5345,7.0
5346,4.333333333
5347,4.666666667
5348,7.672727273
5349,4.5
5350,4.6
5351,4.142857143
5352,6.0
5353,8.277310924
5354,4.666666667
5355,4.756410256
5356,4.142857143
5357,4.142857143
5358,5.302325581
5359,4.5
5360,3.727272727
5361,5.0
5362,3.2
5363,8.0
5364,4.888888889
5365,4.666666667
5366,4.533333333
5367,4.5
5368,6.161290323
5369,6.166666667
5370,4.75
5371,1.35483871
5372,4.5
5373,5.857142857
5374,4.619047619
5375,4.19047619
5376,4.956521739
5377,4.333333333
5378,4.55
5379,3.947368421
5380,4.454545455
5381,4.666666667
5382,5.585365854
5383,6.0
5384,4.0
5385,3.896551724
5386,4.6
5387,4.6
5388,5.0
5389,5.642857143
5390,5.0
5391,5.0
5392,4.636363636
5393,4.6
5394,4.730769231
5395,4.333333333
5396,6.0
5397,5.0
5398,4.6
5399,4.692307692
5400,8.0
5401,4.5
5402,5.0
5403,5.0
5404,5.0
5405,1.8
5406,7.466666667
5407,4.736842105
5408,4.636363636
5409,5.0
5410,5.0
5411,5.0
5412,4.5
5413,4.8
5414,4.333333333
5415,4.0
5416,4.089285714
5417,4.727272727
5418,4.333333333
5419,5.176470588
5420,5.588235294
5421,4.967741935
5422,4.571428571
5423,6.293577982
5424,4.666666667
5425,4.5
5426,5.0
5427,4.083333333
5428,4.75
5429,7.727272727
5430,6.0
5431,4.882352941
5432,5.0
5433,4.0
5434,4.0
5435,4.833333333
5436,4.6
5437,4.0
5438,4.4
5439,6.473684211
5440,4.666666667
5441,4.0
5442,5.0
5443,5.851851852
5444,5.0
5445,6.5
5446,4.6
5447,5.0
5448,4.666666667
5449,4.5
5450,8.0
5451,5.0
5452,4.571428571
5453,7.0
5454,6.0
5455,6.254385965
5456,4.0
5457,5.0
5458,4.5
5459,4.6
5460,6.3125
5461,4.333333333
5462,5.0
5463,6.181818182
5464,6.6
5465,4.588235294
5466,5.0
5467,5.0
5468,6.0
5469,5.0
5470,5.818181818
5471,4.0
5472,4.5
5473,3.947368421
5474,5.0
5475,4.428571429
5476,5.0
5477,5.0
5478,5.0
5479,6.0
5480,4.5
5481,4.875
5482,4.0
5483,6.833333333
5484,5.0
5485,4.0
5486,8.0
5487,4.6
5488,4.875
5489,6.0
5490,7.853658537
5491,4.0
5492,5.0
5493,5.0
5494,4.0
5495,6.011904762
5496,4.333333333
5497,4.0
5498,4.375
5499,0.0
5500,5.0
5501,4.3
5502,4.0
5503,4.117647059
5504,4.25
5505,4.833333333
5506,5.714285714
5507,4.461538462
5508,4.875
5509,5.0
5510,6.164835165
5511,4.869565217
5512,5.0
5513,5.074074074
5514,4.75
5515,6.444444444
5516,4.076923077
5517,4.791666667
5518,1.75
5519,5.615384615
5520,4.285714286
5521,4.875
5522,5.0
5523,3.033898305
5524,4.647058824
5525,4.5
5526,4.9
5527,4.692307692
5528,4.84
5529,4.8
5530,4.923076923
5531,4.111111111
5532,8.0
5533,4.745098039
5534,5.784313725
5535,6.487179487
5536,4.666666667
5537,4.02173913
5538,4.789473684
5539,5.0
5540,4.71875
5541,8.0
5542,5.8125
5543,4.590909091
5544,4.466666667
5545,5.649122807
5546,4.428571429
5547,8.0
5548,4.0
5549,5.0
5550,6.259259259
5551,4.756097561
5552,4.6
5553,5.552631579
5554,4.76
5555,4.222222222
5556,4.333333333
5557,4.0
5558,5.0
5559,6.153846154
5560,5.428571429
5561,8.277310924
5562,4.5
5563,5.0
5564,4.384615385
5565,5.166666667
5566,4.666666667
5567,7.04
5568,4.142857143
5569,7.0
5570,4.142857143
5571,4.619047619
5572,6.0
5573,4.75
5574,4.5
5575,4.5
5576,3.2
5577,5.302325581
5578,4.5
5579,8.0
5580,8.277310924
5581,6.166666667
5582,3.727272727
5583,7.672727273
5584,4.533333333
5585,4.956521739
5586,4.142857143
5587,4.5
5588,5.0
5589,5.408866995
5590,4.0
5591,4.19047619
5592,4.666666667
5593,4.6
5594,4.666666667
5595,4.333333333
5596,4.333333333
5597,4.636363636
5598,4.55
5599,3.947368421
5600,4.6
5601,5.585365854
5602,4.6
5603,4.916666667
5604,1.35483871
5605,5.857142857
5606,6.161290323
5607,4.636363636
5608,4.454545455
5609,3.896551724
5610,5.0
5611,4.666666667
5612,4.6
5613,4.730769231
5614,5.642857143
5615,4.6
5616,5.0
5617,4.818181818
5618,5.0
5619,8.0
5620,5.0
5621,4.089285714
5622,5.0
5623,4.5
5624,4.5
5625,5.0
5626,4.333333333
5627,4.692307692
5628,4.756410256
5629,4.0
5630,5.0
5631,5.0
5632,5.0
5633,6.0
5634,5.0
5635,4.0
5636,7.466666667
5637,5.588235294
5638,4.666666667
5639,4.0
5640,4.888888889
5641,4.727272727
5642,5.0
5643,4.736842105
5644,5.0
5645,4.0
5646,4.333333333
5647,4.5
5648,4.75
5649,1.8
5650,4.882352941
5651,4.571428571
5652,4.967741935
5653,5.0
5654,5.851851852
5655,5.0
5656,6.0
5657,4.6
5658,4.5
5659,5.0
5660,4.0
5661,4.833333333
5662,8.0
5663,5.0
5664,4.4
5665,7.727272727
5666,4.588235294
5667,4.083333333
5668,4.333333333
5669,5.0
5670,4.666666667
5671,4.6
5672,6.5
5673,4.666666667
5674,4.8
5675,4.571428571
5676,4.6
5677,5.0
5678,7.0
5679,5.818181818
5680,5.0
5681,6.0
5682,4.0
5683,4.0
5684,4.0
5685,6.254385965
5686,4.0
5687,4.5
5688,4.5
5689,5.0
5690,5.0
5691,5.0
5692,5.0
5693,3.947368421
5694,8.0
5695,4.375
5696,4.117647059
5697,4.333333333
5698,5.0
5699,4.0
5700,5.0
5701,6.0
5702,4.0
5703,4.428571429
5704,6.0
5705,5.0
5706,6.6
5707,5.176470588
5708,5.0
5709,7.853658537
5710,4.3
5711,5.0
5712,4.25
5713,6.0
5714,4.0
5715,5.0
5716,5.0
5717,6.293577982
5718,3.5
5719,4.0
5720,5.0
5721,4.461538462
5722,5.714285714
5723,4.875
5724,5.0
5725,6.164835165
5726,5.0
5727,4.869565217
5728,4.75
5729,5.074074074
5730,4.076923077
5731,6.444444444
5732,4.791666667
5733,4.285714286
5734,4.875
5735,5.615384615
5736,5.0
5737,3.033898305
5738,4.9
5739,1.75
5740,4.5
5741,4.647058824
5742,4.8
5743,4.692307692
5744,4.745098039
5745,4.111111111
5746,5.784313725
5747,5.0
5748,8.0
5749,4.923076923
5750,6.487179487
5751,4.789473684
5752,4.666666667
5753,4.84
5754,4.02173913
5755,4.71875
5756,5.8125
5757,4.428571429
5758,4.0
5759,4.466666667
5760,4.590909091
5761,8.0
5762,5.649122807
5763,5.0
5764,6.259259259
5765,4.333333333
5766,8.0
5767,5.0
5768,4.222222222
5769,4.76
5770,4.6
5771,6.153846154
5772,4.0
5773,4.619047619
5774,8.277310924
5775,4.756097561
5776,4.384615385
5777,5.166666667
5778,5.428571429
5779,4.75
5780,4.5
5781,4.666666667
5782,4.5
5783,4.142857143
5784,6.0
5785,4.5
5786,4.142857143
5787,5.552631579
5788,3.2
5789,6.166666667
5790,5.0
5791,4.333333333
5792,7.0
5793,4.0
5794,5.302325581
5795,4.956521739
5796,4.6
5797,4.636363636
5798,8.0
5799,4.533333333
5800,4.5
5801,7.04
5802,3.727272727
5803,8.277310924
5804,4.142857143
5805,4.19047619
5806,4.5
5807,4.636363636
5808,4.6
5809,4.333333333
5810,4.55
5811,5.585365854
5812,3.947368421
5813,4.5
5814,4.666666667
5815,7.672727273
5816,4.089285714
5817,4.6
5818,4.0
5819,5.0
5820,4.730769231
5821,4.0
5822,4.6
5823,4.333333333
5824,5.0
5825,3.896551724
5826,4.5
5827,4.0
5828,5.0
5829,5.0
5830,5.0
5831,8.0
5832,4.666666667
5833,5.857142857
5834,5.642857143
5835,5.0
5836,5.588235294
5837,4.454545455
5838,4.666666667
5839,4.692307692
5840,4.0
5841,1.35483871
5842,5.0
5843,5.0
5844,5.0
5845,5.0
5846,7.466666667
5847,5.0
5848,5.0
5849,4.6
5850,5.0
5851,4.0
5852,4.727272727
5853,5.851851852
5854,4.5
5855,4.6
5856,5.0
5857,4.75
5858,4.882352941
5859,5.0
5860,4.333333333
5861,4.588235294
5862,6.161290323
5863,4.666666667
5864,5.0
5865,4.736842105
5866,8.0
5867,4.6
5868,4.333333333
5869,4.571428571
5870,5.0
5871,4.833333333
5872,5.0
5873,4.0
5874,4.0
5875,1.8
5876,4.6
5877,5.0
5878,5.0
5879,4.0
5880,4.967741935
5881,4.4
5882,4.117647059
5883,5.818181818
5884,5.0
5885,4.375
5886,4.0
5887,4.666666667
5888,4.5
5889,4.333333333
5890,4.571428571
5891,5.0
5892,7.727272727
5893,5.0
5894,5.0
5895,4.5
5896,5.0
5897,8.0
5898,6.5
5899,4.3
5900,3.5
5901,4.25
5902,4.916666667
5903,7.0
5904,4.5
5905,3.947368421
5906,6.0
5907,4.666666667
5908,5.0
5909,7.853658537
5910,6.254385965
5911,6.0
5912,4.0
5913,4.0
5914,4.0
5915,4.75
5916,6.0
5917,5.0
5918,4.461538462
5919,5.714285714
5920,4.875
5921,5.0
5922,5.0
5923,6.164835165
5924,4.869565217
5925,4.75
5926,5.074074074
5927,4.076923077
5928,6.444444444
5929,4.285714286
5930,4.875
5931,4.791666667
5932,3.033898305
5933,4.9
5934,5.0
5935,5.615384615
5936,4.5
5937,5.0
5938,4.8
5939,4.692307692
5940,4.745098039
5941,5.784313725
5942,4.647058824
5943,4.789473684
5944,6.487179487
5945,8.0
5946,4.666666667
5947,4.111111111
5948,1.75
5949,4.0
5950,4.923076923
5951,4.71875
5952,4.428571429
5953,4.333333333
5954,5.8125
5955,4.466666667
5956,4.590909091
5957,6.259259259
5958,4.02173913
5959,5.0
5960,4.619047619
5961,4.84
5962,8.0
5963,5.649122807
5964,5.0
5965,4.222222222
5966,4.76
5967,6.153846154
5968,8.0
5969,8.277310924
5970,4.75
5971,4.5
5972,4.0
5973,4.6
5974,4.333333333
5975,5.166666667
5976,4.384615385
5977,4.142857143
5978,4.666666667
5979,4.636363636
5980,6.166666667
5981,4.0
5982,4.6
5983,3.2
5984,5.428571429
5985,4.956521739
5986,6.0
5987,4.5
5988,4.5
5989,5.302325581
5990,4.142857143
5991,8.0
5992,4.5
5993,4.756097561
5994,4.142857143
5995,4.636363636
5996,7.0
5997,4.5
5998,4.533333333
5999,4.0
6000,4.089285714
6001,4.0
6002,4.6
6003,3.727272727
6004,5.585365854
6005,4.19047619
6006,5.0
6007,8.277310924
6008,4.0
6009,5.0
6010,4.333333333
6011,5.0
6012,4.55
6013,4.333333333
6014,4.5
6015,4.6
6016,3.947368421
6017,4.730769231
6018,4.6
6019,5.0
6020,5.0
6021,5.0
6022,5.0
6023,4.5
6024,8.0
6025,7.04
6026,4.666666667
6027,4.0
6028,5.552631579
6029,3.896551724
6030,5.588235294
6031,4.666666667
6032,5.0
6033,4.0
6034,7.672727273
6035,4.666666667
6036,5.857142857
6037,5.0
6038,4.588235294
6039,4.5
6040,5.642857143
6041,5.851851852
6042,7.466666667
6043,4.6
6044,4.6
6045,4.0
6046,5.0
6047,5.0
6048,4.0
6049,5.0
6050,4.692307692
6051,4.882352941
6052,4.454545455
6053,4.727272727
6054,4.333333333
6055,8.0
6056,5.0
6057,5.0
6058,5.0
6059,4.75
6060,5.0
6061,4.117647059
6062,4.0
6063,5.0
6064,5.0
6065,5.0
6066,4.6
6067,4.333333333
6068,4.833333333
6069,4.375
6070,5.0
6071,4.333333333
6072,5.818181818
6073,4.0
6074,5.0
6075,3.5
6076,5.0
6077,4.571428571
6078,4.0
6079,5.0
6080,4.5
6081,4.736842105
6082,4.3
6083,4.75
6084,5.0
6085,4.25
6086,8.0
6087,4.0
6088,5.0
6089,4.4
6090,4.0
6091,1.8
6092,4.666666667
6093,4.0
6094,5.0
6095,6.0
6096,4.571428571
6097,7.853658537
6098,1.35483871
6099,6.0
6100,4.0
6101,3.947368421
