,Unknown
0,"56,487"
1,"54,057"
2,"47,563"
3,"28,004"
4,"29,125"
5,"31,701"
6,"26,135"
7,"16,550"
8,"26,619"
9,"21,042"
10,"20,324"
11,"21,049"
12,"27,670"
13,"17,242"
14,"13,629"
15,"14,505"
16,"15,698"
17,"14,460"
18,"14,395"
19,"13,442"
20,"11,519"
21,"10,776"
22,"11,806"
23,
24,"9,921"
25,"9,893"
26,"12,042"
27,"9,443"
28,"9,574"
29,"9,465"
30,"8,346"
31,"6,282"
32,
33,"6,388"
34,"6,847"
35,"8,830"
36,"6,147"
37,"8,177"
38,"9,727"
39,"7,892"
40,"5,547"
41,"5,547"
42,"5,547"
43,"5,547"
44,"7,427"
45,"8,166"
46,"8,166"
47,"6,616"
48,"5,917"
49,"7,814"
50,"4,208"
51,"4,208"
52,"5,507"
53,"3,857"
54,
55,"5,908"
56,"3,778"
57,"3,968"
58,"4,395"
59,"5,274"
60,"5,986"
61,"4,536"
62,"4,503"
63,"6,070"
64,"5,151"
65,
66,"4,024"
67,"4,647"
68,"5,714"
69,"3,850"
70,"5,032"
71,"4,671"
72,"4,747"
73,"3,897"
74,"3,722"
75,
76,"4,431"
77,"3,354"
78,"4,531"
79,"4,776"
80,"2,239"
81,"2,336"
82,"3,268"
83,"5,707"
84,"3,559"
85,"1,991"
86,"2,693"
87,"2,947"
88,"2,532"
89,"3,538"
90,"3,194"
91,"2,388"
92,"2,902"
93,"4,330"
94,"3,286"
95,"2,019"
96,"3,794"
97,"2,374"
98,"3,081"
99,"1,642"
100,"2,246"
101,"2,495"
102,"2,059"
103,"1,940"
104,"2,342"
105,"2,781"
106,"2,161"
107,"1,331"
108,"4,383"
109,"1,853"
110,"2,481"
111,"1,626"
112,"2,834"
113,"1,831"
114,"2,413"
115,"2,645"
116,"1,750"
117,"2,148"
118,"2,113"
119,"1,758"
120,"1,547"
121,"1,599"
122,"1,496"
123,"1,348"
124,"1,856"
125,"1,694"
126,"2,551"
127,"1,516"
128,"1,215"
129,"1,689"
130,"1,231"
131,"1,747"
132,"1,264"
133,"1,712"
134,907
135,"1,748"
136,"1,320"
137,"1,082"
138,"1,973"
139,"1,692"
140,"1,597"
141,"1,891"
142,"1,071"
143,"1,566"
144,"1,749"
145,"1,340"
146,"1,072"
147,"1,154"
148,999
149,"1,421"
150,"1,296"
151,"1,320"
152,"1,630"
153,660
154,"1,332"
155,"1,099"
156,989
157,"1,284"
158,"1,245"
159,"1,499"
160,"1,217"
161,866
162,"1,044"
163,"1,069"
164,989
165,"1,307"
166,883
167,906
168,"1,075"
169,763
170,837
171,"1,268"
172,981
173,"1,064"
174,925
175,"1,055"
176,930
177,963
178,995
179,672
180,607
181,900
182,"1,352"
183,661
184,"1,029"
185,789
186,"1,288"
187,879
188,"1,211"
189,969
190,893
191,799
192,905
193,"1,118"
194,811
195,728
196,967
197,571
198,823
199,731
200,646
201,694
202,744
203,769
204,620
205,615
206,782
207,739
208,550
209,290
210,899
211,640
212,569
213,716
214,630
215,666
216,405
217,737
218,668
219,573
220,392
221,715
222,662
223,641
224,579
225,636
226,545
227,383
228,404
229,543
230,406
231,425
232,325
233,412
234,608
235,187
236,463
237,371
238,223
239,427
240,571
241,322
242,383
243,472
244,578
245,420
246,430
247,209
248,433
249,395
250,320
251,362
252,249
253,385
254,460
255,195
256,675
257,417
258,231
259,346
260,352
261,218
262,397
263,281
264,348
265,310
266,390
267,275
268,340
269,300
270,379
271,364
272,214
273,294
274,410
275,271
276,246
277,282
278,398
279,238
280,214
281,224
282,317
283,191
284,139
285,201
286,147
287,296
288,189
289,162
290,148
291,180
292,244
293,249
294,161
295,301
296,260
297,220
298,90
299,160
300,181
301,225
302,101
303,139
304,144
305,164
306,116
307,65
308,224
309,162
310,209
311,251
312,267
313,222
314,153
315,141
316,165
317,148
318,81
319,221
320,170
321,186
322,129
323,145
324,174
325,142
326,52
327,159
328,129
329,104
330,137
331,111
332,150
333,142
334,110
335,129
336,141
337,138
338,132
339,126
340,166
341,73
342,110
343,144
344,131
345,126
346,96
347,174
348,122
349,102
350,102
351,116
352,58
353,88
354,105
355,90
356,127
357,62
358,113
359,80
360,56
361,102
362,100
363,172
364,70
365,153
366,112
367,80
368,96
369,131
370,103
371,166
372,100
373,73
374,124
375,72
376,74
377,52
378,85
379,96
380,119
381,94
382,48
383,76
384,46
385,53
386,61
387,56
388,75
389,68
390,67
391,46
392,53
393,65
394,29
395,64
396,45
397,61
398,22
399,50
400,49
401,79
402,41
403,39
404,35
405,46
406,39
407,66
408,37
409,33
410,"55,632"
411,"51,752"
412,"46,958"
413,"29,419"
414,"29,479"
415,"31,568"
416,"27,961"
417,"18,006"
418,"27,535"
419,"22,917"
420,"21,570"
421,"21,581"
422,"26,065"
423,"16,921"
424,"14,718"
425,"13,635"
426,"14,903"
427,"12,325"
428,"12,382"
429,"14,091"
430,"13,166"
431,"12,747"
432,"9,837"
433,"9,472"
434,"9,045"
435,"10,002"
436,"9,958"
437,"9,135"
438,"6,512"
439,"7,948"
440,"9,106"
441,"8,839"
442,"5,781"
443,"5,816"
444,"9,522"
445,"5,623"
446,"6,924"
447,"8,184"
448,"4,872"
449,"5,215"
450,"6,301"
451,"4,727"
452,"5,917"
453,"4,687"
454,"7,595"
455,"5,409"
456,"4,056"
457,"4,917"
458,"4,307"
459,"4,202"
460,"5,249"
461,"6,032"
462,"3,308"
463,"6,785"
464,"3,413"
465,"4,330"
466,"4,404"
467,"3,044"
468,"5,809"
469,"4,231"
470,"5,392"
471,"4,569"
472,"3,656"
473,"3,375"
474,"4,140"
475,"3,559"
476,"4,095"
477,"3,939"
478,"3,959"
479,"4,588"
480,"2,747"
481,"2,544"
482,"4,206"
483,"3,815"
484,"3,503"
485,"3,200"
486,"3,733"
487,"2,806"
488,"1,934"
489,"2,467"
490,"2,708"
491,"2,279"
492,"2,477"
493,"1,872"
494,"3,626"
495,"2,998"
496,"2,798"
497,"1,514"
498,"1,993"
499,"3,497"
500,"1,977"
501,"1,976"
502,"2,050"
503,"1,454"
504,"1,853"
505,"2,472"
506,"1,528"
507,"2,338"
508,"4,055"
509,"1,305"
510,"1,970"
511,"1,497"
512,"2,622"
513,"1,528"
514,"2,027"
515,"3,564"
516,"1,946"
517,"1,093"
518,"1,571"
519,"1,527"
520,"1,613"
521,"2,229"
522,"2,706"
523,"1,587"
524,"1,962"
525,"2,123"
526,"1,793"
527,"1,762"
528,"1,777"
529,"1,386"
530,"1,783"
531,"1,608"
532,"1,305"
533,"1,645"
534,"1,596"
535,"1,364"
536,"1,977"
537,"1,951"
538,"1,640"
539,"1,737"
540,814
541,"1,576"
542,"1,429"
543,"1,393"
544,"1,305"
545,902
546,"1,324"
547,"1,656"
548,"1,335"
549,"1,323"
550,"1,573"
551,919
552,"1,026"
553,"1,176"
554,834
555,933
556,"1,024"
557,883
558,"1,356"
559,675
560,"1,030"
561,982
562,"1,042"
563,894
564,"1,066"
565,827
566,"1,104"
567,"1,085"
568,855
569,645
570,966
571,597
572,892
573,767
574,680
575,"1,229"
576,"1,251"
577,881
578,955
579,"1,023"
580,"1,272"
581,614
582,592
583,880
584,913
585,875
586,755
587,920
588,751
589,"1,144"
590,821
591,668
592,613
593,539
594,471
595,771
596,919
597,749
598,357
599,472
600,749
601,896
602,764
603,660
604,652
605,656
606,870
607,522
608,603
609,633
610,543
611,667
612,777
613,746
614,563
615,424
616,542
617,580
618,722
619,735
620,655
621,646
622,767
623,553
624,667
625,584
626,549
627,522
628,525
629,601
630,534
631,538
632,428
633,450
634,313
635,397
636,197
637,317
638,393
639,443
640,472
641,398
642,321
643,571
644,261
645,379
646,409
647,361
648,255
649,455
650,397
651,377
652,390
653,221
654,307
655,308
656,294
657,391
658,302
659,443
660,320
661,245
662,308
663,363
664,130
665,311
666,252
667,214
668,386
669,279
670,357
671,234
672,262
673,243
674,201
675,397
676,269
677,118
678,318
679,339
680,225
681,264
682,219
683,182
684,430
685,263
686,302
687,198
688,219
689,162
690,242
691,249
692,90
693,186
694,148
695,208
696,148
697,195
698,204
699,155
700,291
701,182
702,146
703,210
704,210
705,129
706,209
707,172
708,195
709,103
710,136
711,162
712,225
713,144
714,215
715,149
716,146
717,160
718,153
719,105
720,109
721,171
722,169
723,111
724,66
725,147
726,153
727,155
728,143
729,129
730,126
731,119
732,111
733,90
734,106
735,126
736,97
737,97
738,152
739,92
740,95
741,61
742,102
743,149
744,115
745,149
746,135
747,66
748,86
749,111
750,116
751,177
752,65
753,126
754,96
755,146
756,113
757,52
758,84
759,78
760,76
761,99
762,87
763,71
764,88
765,97
766,64
767,73
768,42
769,64
770,85
771,54
772,56
773,82
774,83
775,41
776,47
777,48
778,49
779,52
780,66
781,52
782,31
783,59
784,19
785,41
786,68
787,64
788,39
789,24
790,30
791,48
792,81
793,55
794,45
795,77
796,56
797,48
798,44
799,60
800,28
801,30
802,44
803,82
804,"54,201"
805,"49,604"
806,"46,520"
807,"30,997"
808,"29,801"
809,"29,526"
810,"31,498"
811,"19,464"
812,"28,179"
813,"24,716"
814,"22,056"
815,"21,985"
816,"24,591"
817,"12,682"
818,"14,984"
819,"14,824"
820,"16,685"
821,"13,541"
822,"12,627"
823,"10,864"
824,"12,173"
825,"13,225"
826,"9,031"
827,"9,388"
828,"10,283"
829,"8,972"
830,"9,570"
831,"8,118"
832,"6,596"
833,"7,666"
834,"8,989"
835,"8,401"
836,"6,780"
837,"5,320"
838,"5,426"
839,"5,886"
840,"6,983"
841,"9,342"
842,"5,692"
843,"8,139"
844,"5,252"
845,"6,411"
846,"4,561"
847,"4,286"
848,"4,059"
849,"3,961"
850,"4,600"
851,"5,130"
852,"6,057"
853,"5,039"
854,"3,856"
855,"3,945"
856,"3,137"
857,"4,705"
858,"4,001"
859,"2,829"
860,"4,727"
861,"3,748"
862,"5,540"
863,"5,015"
864,"5,645"
865,"4,748"
866,"3,632"
867,"3,113"
868,"4,145"
869,"3,702"
870,"4,091"
871,"2,973"
872,"3,493"
873,"4,513"
874,"3,729"
875,"2,736"
876,"2,995"
877,"2,029"
878,"3,806"
879,"2,668"
880,"3,278"
881,"3,835"
882,"2,997"
883,"2,545"
884,"2,257"
885,"2,284"
886,"2,510"
887,"1,654"
888,"2,125"
889,"2,719"
890,"2,863"
891,"2,146"
892,"3,432"
893,"1,998"
894,"2,658"
895,"3,299"
896,"2,067"
897,"1,635"
898,"1,483"
899,"2,439"
900,"2,134"
901,"2,231"
902,"1,640"
903,"1,632"
904,"2,395"
905,"1,585"
906,"1,083"
907,"2,083"
908,"1,934"
909,"2,875"
910,"3,495"
911,"2,368"
912,"1,720"
913,"1,858"
914,"1,565"
915,"1,097"
916,"1,109"
917,"1,737"
918,972
919,"2,009"
920,"1,115"
921,"1,584"
922,"1,792"
923,"1,188"
924,"1,653"
925,"2,010"
926,"1,558"
927,"1,480"
928,"1,557"
929,"1,490"
930,752
931,"1,595"
932,"1,670"
933,735
934,"1,115"
935,"1,434"
936,"1,707"
937,"1,002"
938,"1,135"
939,"1,346"
940,"1,297"
941,"1,635"
942,"1,164"
943,807
944,"1,101"
945,"1,292"
946,"1,015"
947,"1,166"
948,"1,356"
949,789
950,"1,109"
951,"1,139"
952,"1,106"
953,"2,187"
954,"1,097"
955,959
956,"1,138"
957,"1,372"
958,828
959,935
960,933
961,"1,065"
962,585
963,842
964,743
965,717
966,917
967,"1,128"
968,768
969,"1,252"
970,"1,011"
971,763
972,970
973,809
974,903
975,904
976,689
977,987
978,"1,190"
979,654
980,712
981,505
982,529
983,525
984,833
985,504
986,762
987,536
988,727
989,997
990,706
991,741
992,766
993,767
994,673
995,854
996,747
997,890
998,503
999,656
1000,781
1001,749
1002,652
1003,945
1004,593
1005,644
1006,650
1007,760
1008,718
1009,569
1010,337
1011,576
1012,579
1013,525
1014,509
1015,486
1016,475
1017,672
1018,430
1019,620
1020,367
1021,447
1022,524
1023,364
1024,498
1025,495
1026,426
1027,444
1028,492
1029,563
1030,358
1031,411
1032,300
1033,466
1034,199
1035,477
1036,374
1037,423
1038,372
1039,424
1040,295
1041,293
1042,236
1043,392
1044,352
1045,341
1046,506
1047,232
1048,284
1049,392
1050,411
1051,379
1052,152
1053,302
1054,313
1055,461
1056,297
1057,326
1058,291
1059,294
1060,159
1061,263
1062,227
1063,298
1064,240
1065,361
1066,103
1067,357
1068,283
1069,204
1070,312
1071,276
1072,233
1073,316
1074,247
1075,290
1076,241
1077,289
1078,183
1079,245
1080,201
1081,236
1082,159
1083,177
1084,150
1085,226
1086,225
1087,83
1088,176
1089,172
1090,276
1091,131
1092,187
1093,157
1094,265
1095,175
1096,203
1097,201
1098,193
1099,165
1100,129
1101,177
1102,116
1103,123
1104,142
1105,175
1106,70
1107,125
1108,161
1109,55
1110,187
1111,117
1112,116
1113,142
1114,142
1115,177
1116,74
1117,148
1118,108
1119,115
1120,126
1121,79
1122,171
1123,114
1124,135
1125,91
1126,76
1127,174
1128,129
1129,160
1130,149
1131,92
1132,91
1133,137
1134,99
1135,103
1136,86
1137,174
1138,111
1139,100
1140,124
1141,135
1142,60
1143,155
1144,190
1145,80
1146,89
1147,100
1148,136
1149,73
1150,79
1151,97
1152,63
1153,76
1154,93
1155,96
1156,70
1157,71
1158,70
1159,83
1160,36
1161,88
1162,83
1163,78
1164,41
1165,116
1166,86
1167,68
1168,59
1169,34
1170,59
1171,67
1172,56
1173,58
1174,39
1175,88
1176,55
1177,85
1178,67
1179,55
1180,27
1181,57
1182,54
1183,59
1184,40
1185,54
1186,34
1187,63
1188,40
1189,41
1190,57
1191,42
1192,47
1193,39
1194,48
1195,38
1196,"50,915"
1197,"48,115"
1198,"45,399"
1199,"31,372"
1200,"20,076"
1201,"29,650"
1202,"30,018"
1203,"31,184"
1204,"28,921"
1205,"25,860"
1206,"22,096"
1207,"22,042"
1208,"23,662"
1209,"12,710"
1210,"14,603"
1211,"14,302"
1212,"16,256"
1213,"13,036"
1214,"13,792"
1215,"11,236"
1216,"10,912"
1217,"8,859"
1218,"9,978"
1219,"9,004"
1220,"10,284"
1221,"8,217"
1222,"8,281"
1223,"8,674"
1224,"6,571"
1225,"6,968"
1226,"6,050"
1227,"6,612"
1228,"7,248"
1229,"8,917"
1230,"5,991"
1231,"6,866"
1232,"4,987"
1233,"6,788"
1234,"9,013"
1235,"5,666"
1236,"8,043"
1237,"6,807"
1238,"4,995"
1239,"6,886"
1240,"5,525"
1241,"5,053"
1242,"3,827"
1243,"3,997"
1244,"5,980"
1245,"4,223"
1246,"4,838"
1247,"3,413"
1248,"3,378"
1249,"4,814"
1250,"3,592"
1251,"2,934"
1252,"3,297"
1253,"5,496"
1254,"4,334"
1255,"4,699"
1256,"2,365"
1257,"3,239"
1258,"3,276"
1259,"3,851"
1260,"4,369"
1261,"4,978"
1262,"3,320"
1263,"3,689"
1264,"2,488"
1265,"2,830"
1266,"2,414"
1267,"2,773"
1268,"2,334"
1269,"3,493"
1270,"2,284"
1271,"2,675"
1272,"2,027"
1273,"3,274"
1274,"3,361"
1275,"2,110"
1276,"2,903"
1277,"2,146"
1278,"2,720"
1279,"2,351"
1280,"1,890"
1281,"2,577"
1282,"2,811"
1283,"1,956"
1284,"2,694"
1285,"1,279"
1286,"1,747"
1287,"1,502"
1288,"3,183"
1289,"2,182"
1290,"2,258"
1291,"2,223"
1292,"2,312"
1293,"1,691"
1294,"2,634"
1295,"1,651"
1296,"3,075"
1297,"2,791"
1298,"1,758"
1299,"1,828"
1300,"1,514"
1301,"1,826"
1302,"1,617"
1303,"2,143"
1304,"2,075"
1305,"1,626"
1306,"3,120"
1307,"1,770"
1308,761
1309,"1,170"
1310,"1,389"
1311,"2,073"
1312,"1,560"
1313,947
1314,"1,402"
1315,"1,524"
1316,"1,379"
1317,"1,014"
1318,"1,265"
1319,"1,476"
1320,"1,500"
1321,"1,146"
1322,"1,269"
1323,705
1324,"1,190"
1325,680
1326,"1,531"
1327,790
1328,"1,302"
1329,"1,256"
1330,"1,656"
1331,"1,322"
1332,"1,680"
1333,"1,124"
1334,809
1335,606
1336,"1,237"
1337,"1,208"
1338,"1,549"
1339,694
1340,"1,157"
1341,"1,242"
1342,998
1343,"1,116"
1344,"1,361"
1345,944
1346,"1,300"
1347,"1,136"
1348,"1,113"
1349,515
1350,660
1351,769
1352,976
1353,"1,191"
1354,895
1355,"1,102"
1356,"1,163"
1357,690
1358,964
1359,674
1360,810
1361,737
1362,887
1363,"1,247"
1364,556
1365,754
1366,820
1367,554
1368,739
1369,504
1370,796
1371,892
1372,676
1373,806
1374,890
1375,701
1376,779
1377,746
1378,481
1379,722
1380,900
1381,766
1382,732
1383,852
1384,686
1385,834
1386,527
1387,823
1388,"1,039"
1389,637
1390,708
1391,597
1392,516
1393,418
1394,618
1395,630
1396,429
1397,614
1398,526
1399,728
1400,474
1401,575
1402,616
1403,663
1404,819
1405,448
1406,503
1407,407
1408,456
1409,401
1410,419
1411,422
1412,457
1413,448
1414,492
1415,417
1416,390
1417,409
1418,505
1419,417
1420,543
1421,404
1422,518
1423,198
1424,406
1425,321
1426,538
1427,258
1428,340
1429,358
1430,377
1431,341
1432,401
1433,315
1434,204
1435,377
1436,373
1437,273
1438,531
1439,245
1440,373
1441,286
1442,301
1443,435
1444,402
1445,305
1446,332
1447,228
1448,281
1449,313
1450,294
1451,186
1452,283
1453,237
1454,326
1455,251
1456,263
1457,239
1458,371
1459,337
1460,250
1461,167
1462,256
1463,174
1464,238
1465,335
1466,183
1467,289
1468,189
1469,192
1470,153
1471,235
1472,81
1473,133
1474,150
1475,116
1476,144
1477,222
1478,82
1479,279
1480,228
1481,172
1482,114
1483,126
1484,199
1485,95
1486,124
1487,196
1488,124
1489,183
1490,184
1491,136
1492,150
1493,75
1494,143
1495,122
1496,147
1497,212
1498,66
1499,132
1500,87
1501,121
1502,210
1503,148
1504,78
1505,145
1506,128
1507,112
1508,154
1509,156
1510,95
1511,185
1512,169
1513,154
1514,122
1515,154
1516,107
1517,116
1518,61
1519,117
1520,38
1521,88
1522,86
1523,122
1524,165
1525,105
1526,86
1527,95
1528,78
1529,140
1530,78
1531,103
1532,168
1533,111
1534,69
1535,88
1536,109
1537,35
1538,85
1539,98
1540,93
1541,73
1542,89
1543,112
1544,56
1545,101
1546,53
1547,88
1548,56
1549,72
1550,77
1551,57
1552,67
1553,89
1554,67
1555,62
1556,78
1557,69
1558,76
1559,57
1560,72
1561,82
1562,76
1563,51
1564,59
1565,72
1566,87
1567,49
1568,28
1569,34
1570,57
1571,62
1572,47
1573,42
1574,47
1575,44
1576,46
1577,72
1578,64
1579,28
1580,43
1581,34
1582,44
1583,"46,103"
1584,"46,478"
1585,"43,908"
1586,"31,507"
1587,"20,913"
1588,"29,168"
1589,"29,678"
1590,"30,621"
1591,"29,002"
1592,"26,377"
1593,"21,685"
1594,"21,908"
1595,"22,449"
1596,"12,340"
1597,"13,902"
1598,"15,678"
1599,"13,639"
1600,"12,486"
1601,"14,246"
1602,"8,563"
1603,"9,813"
1604,"11,941"
1605,"10,353"
1606,"8,029"
1607,"9,702"
1608,"9,944"
1609,"8,387"
1610,"7,216"
1611,"9,631"
1612,"8,335"
1613,"6,273"
1614,"6,562"
1615,"7,408"
1616,"6,621"
1617,"6,702"
1618,"8,496"
1619,"5,879"
1620,"6,221"
1621,"7,130"
1622,"6,007"
1623,"6,134"
1624,"8,487"
1625,"7,821"
1626,"6,402"
1627,"4,694"
1628,"4,500"
1629,"4,915"
1630,"5,501"
1631,"3,582"
1632,"5,788"
1633,"3,370"
1634,"3,336"
1635,"4,516"
1636,"4,671"
1637,"4,751"
1638,"2,893"
1639,"4,491"
1640,"2,674"
1641,"2,958"
1642,"5,466"
1643,"3,927"
1644,"2,437"
1645,"4,304"
1646,"4,279"
1647,"3,573"
1648,"2,292"
1649,"2,626"
1650,"2,276"
1651,"2,651"
1652,"1,967"
1653,"3,084"
1654,"3,111"
1655,"2,755"
1656,"2,161"
1657,"4,187"
1658,"2,176"
1659,"1,975"
1660,"2,494"
1661,"2,278"
1662,"1,797"
1663,"1,833"
1664,"1,727"
1665,"2,375"
1666,"2,116"
1667,"2,903"
1668,"2,195"
1669,"2,554"
1670,"2,345"
1671,"2,740"
1672,"1,643"
1673,"1,706"
1674,"2,373"
1675,"3,118"
1676,"1,991"
1677,"1,707"
1678,"2,412"
1679,"2,116"
1680,"1,235"
1681,"1,715"
1682,"2,833"
1683,"2,183"
1684,"3,193"
1685,"1,965"
1686,"1,720"
1687,"1,742"
1688,"2,910"
1689,"1,778"
1690,"2,054"
1691,"1,605"
1692,"2,172"
1693,"1,427"
1694,"1,427"
1695,"1,139"
1696,"1,685"
1697,"1,306"
1698,603
1699,"2,050"
1700,"1,364"
1701,"1,236"
1702,"1,243"
1703,"1,520"
1704,"1,372"
1705,"1,259"
1706,"1,773"
1707,"1,546"
1708,"1,526"
1709,"1,503"
1710,"1,328"
1711,"1,251"
1712,"1,307"
1713,823
1714,"1,582"
1715,808
1716,"1,674"
1717,"2,537"
1718,"1,160"
1719,"1,275"
1720,"1,716"
1721,"1,292"
1722,"1,432"
1723,"1,018"
1724,"1,118"
1725,"1,416"
1726,590
1727,"1,219"
1728,"1,130"
1729,806
1730,"1,025"
1731,"1,153"
1732,821
1733,759
1734,"1,069"
1735,"1,337"
1736,"1,124"
1737,962
1738,819
1739,"1,127"
1740,607
1741,"1,223"
1742,862
1743,956
1744,572
1745,402
1746,660
1747,842
1748,545
1749,614
1750,"1,224"
1751,507
1752,862
1753,500
1754,750
1755,394
1756,831
1757,680
1758,758
1759,687
1760,896
1761,580
1762,732
1763,446
1764,705
1765,592
1766,826
1767,567
1768,447
1769,843
1770,611
1771,583
1772,639
1773,558
1774,725
1775,672
1776,456
1777,286
1778,475
1779,624
1780,676
1781,752
1782,602
1783,862
1784,684
1785,467
1786,590
1787,264
1788,540
1789,618
1790,469
1791,432
1792,495
1793,342
1794,387
1795,599
1796,196
1797,437
1798,527
1799,447
1800,433
1801,464
1802,576
1803,434
1804,426
1805,481
1806,380
1807,507
1808,432
1809,410
1810,523
1811,509
1812,394
1813,358
1814,535
1815,416
1816,581
1817,315
1818,290
1819,408
1820,325
1821,361
1822,328
1823,290
1824,293
1825,288
1826,280
1827,248
1828,347
1829,240
1830,322
1831,357
1832,245
1833,545
1834,303
1835,182
1836,264
1837,214
1838,230
1839,347
1840,157
1841,269
1842,254
1843,230
1844,236
1845,281
1846,271
1847,225
1848,142
1849,239
1850,177
1851,319
1852,304
1853,249
1854,246
1855,161
1856,210
1857,146
1858,192
1859,211
1860,172
1861,132
1862,275
1863,211
1864,79
1865,188
1866,288
1867,147
1868,158
1869,145
1870,79
1871,115
1872,216
1873,174
1874,142
1875,150
1876,123
1877,137
1878,190
1879,186
1880,108
1881,101
1882,124
1883,180
1884,225
1885,189
1886,79
1887,142
1888,177
1889,121
1890,121
1891,185
1892,76
1893,101
1894,203
1895,139
1896,134
1897,134
1898,122
1899,104
1900,103
1901,103
1902,94
1903,120
1904,107
1905,138
1906,79
1907,110
1908,101
1909,128
1910,154
1911,131
1912,173
1913,106
1914,28
1915,56
1916,87
1917,99
1918,92
1919,58
1920,62
1921,76
1922,111
1923,90
1924,90
1925,72
1926,60
1927,53
1928,82
1929,66
1930,81
1931,92
1932,92
1933,56
1934,60
1935,83
1936,75
1937,51
1938,41
1939,60
1940,24
1941,55
1942,59
1943,86
1944,38
1945,31
1946,76
1947,77
1948,61
1949,56
1950,23
1951,47
1952,52
1953,39
1954,40
1955,43
1956,41
1957,"46,639"
1958,"42,183"
1959,"43,224"
1960,"32,061"
1961,"22,553"
1962,"29,628"
1963,"29,041"
1964,"30,028"
1965,"27,294"
1966,"31,388"
1967,"21,638"
1968,"22,096"
1969,"12,209"
1970,"11,877"
1971,"20,700"
1972,"13,000"
1973,"13,503"
1974,"15,325"
1975,"11,691"
1976,"11,840"
1977,"14,703"
1978,"9,657"
1979,"10,552"
1980,"8,112"
1981,"7,223"
1982,"10,347"
1983,"8,055"
1984,"8,206"
1985,"7,653"
1986,"9,610"
1987,"8,275"
1988,"6,470"
1989,"8,060"
1990,"8,332"
1991,"6,630"
1992,"6,971"
1993,"8,362"
1994,"7,556"
1995,"5,520"
1996,"7,853"
1997,"7,882"
1998,"4,641"
1999,"5,114"
2000,"4,805"
2001,"5,822"
2002,"4,952"
2003,"4,046"
2004,"5,644"
2005,"3,377"
2006,"3,260"
2007,"3,154"
2008,"4,839"
2009,"4,791"
2010,"4,077"
2011,"4,247"
2012,"3,921"
2013,"3,969"
2014,"2,446"
2015,"2,503"
2016,"3,581"
2017,"5,045"
2018,"2,575"
2019,"4,169"
2020,"2,330"
2021,"3,872"
2022,"3,404"
2023,"2,056"
2024,"2,910"
2025,"3,344"
2026,"1,878"
2027,"2,165"
2028,"2,971"
2029,"2,560"
2030,"1,756"
2031,"2,162"
2032,"1,783"
2033,"1,931"
2034,"2,866"
2035,"2,284"
2036,"1,712"
2037,"1,964"
2038,"1,711"
2039,"1,831"
2040,"2,224"
2041,"1,921"
2042,"2,365"
2043,"2,355"
2044,"1,914"
2045,"1,472"
2046,"2,975"
2047,"2,084"
2048,"2,083"
2049,"2,149"
2050,"1,749"
2051,"2,357"
2052,"1,675"
2053,"3,145"
2054,"1,672"
2055,"1,809"
2056,"2,142"
2057,"2,687"
2058,"1,889"
2059,"1,932"
2060,"1,652"
2061,"1,636"
2062,"2,228"
2063,"1,187"
2064,"1,632"
2065,"1,137"
2066,"1,317"
2067,"1,454"
2068,"1,838"
2069,"1,199"
2070,"1,523"
2071,"2,579"
2072,"1,191"
2073,"1,788"
2074,"2,061"
2075,"1,323"
2076,"1,313"
2077,"1,535"
2078,"1,267"
2079,"1,442"
2080,"1,456"
2081,"1,272"
2082,"2,727"
2083,"1,818"
2084,"1,394"
2085,"1,338"
2086,"1,790"
2087,"1,296"
2088,"1,551"
2089,"1,519"
2090,"1,168"
2091,"1,247"
2092,"1,180"
2093,731
2094,"1,114"
2095,"1,090"
2096,871
2097,"1,349"
2098,949
2099,933
2100,713
2101,"1,162"
2102,"1,042"
2103,537
2104,"1,210"
2105,"1,252"
2106,"1,208"
2107,"1,290"
2108,977
2109,"1,117"
2110,544
2111,933
2112,623
2113,"1,027"
2114,"1,919"
2115,792
2116,"1,211"
2117,504
2118,862
2119,900
2120,521
2121,461
2122,778
2123,406
2124,731
2125,477
2126,814
2127,561
2128,868
2129,834
2130,480
2131,860
2132,802
2133,798
2134,616
2135,688
2136,656
2137,642
2138,501
2139,559
2140,513
2141,370
2142,897
2143,511
2144,710
2145,592
2146,476
2147,582
2148,459
2149,535
2150,531
2151,713
2152,673
2153,460
2154,607
2155,373
2156,441
2157,528
2158,622
2159,180
2160,537
2161,448
2162,364
2163,533
2164,672
2165,603
2166,537
2167,359
2168,396
2169,457
2170,459
2171,415
2172,362
2173,424
2174,282
2175,266
2176,339
2177,398
2178,482
2179,411
2180,438
2181,339
2182,555
2183,513
2184,390
2185,605
2186,514
2187,224
2188,405
2189,212
2190,406
2191,273
2192,297
2193,249
2194,288
2195,304
2196,383
2197,302
2198,257
2199,319
2200,333
2201,220
2202,317
2203,367
2204,90
2205,317
2206,293
2207,263
2208,258
2209,227
2210,211
2211,263
2212,198
2213,258
2214,124
2215,195
2216,269
2217,165
2218,189
2219,177
2220,216
2221,112
2222,225
2223,98
2224,135
2225,253
2226,250
2227,145
2228,285
2229,153
2230,179
2231,182
2232,206
2233,143
2234,220
2235,204
2236,175
2237,106
2238,184
2239,154
2240,157
2241,85
2242,296
2243,86
2244,148
2245,146
2246,185
2247,151
2248,126
2249,172
2250,262
2251,181
2252,129
2253,168
2254,131
2255,229
2256,146
2257,222
2258,132
2259,101
2260,226
2261,72
2262,112
2263,125
2264,130
2265,158
2266,148
2267,135
2268,95
2269,54
2270,135
2271,134
2272,114
2273,120
2274,104
2275,105
2276,162
2277,141
2278,88
2279,98
2280,111
2281,65
2282,89
2283,105
2284,92
2285,92
2286,141
2287,142
2288,101
2289,110
2290,77
2291,92
2292,81
2293,119
2294,54
2295,84
2296,58
2297,94
2298,50
2299,69
2300,49
2301,59
2302,77
2303,72
2304,56
2305,55
2306,26
2307,97
2308,27
2309,58
2310,35
2311,26
2312,29
2313,43
2314,72
2315,48
2316,50
2317,28
2318,46
2319,45
2320,48
2321,"46,985"
2322,"37,430"
2323,"42,908"
2324,"32,611"
2325,"24,270"
2326,"29,387"
2327,"29,146"
2328,"30,501"
2329,"27,336"
2330,"31,329"
2331,"20,767"
2332,"16,596"
2333,"21,996"
2334,"13,580"
2335,"11,134"
2336,"18,926"
2337,"11,281"
2338,"11,582"
2339,"13,157"
2340,"15,023"
2341,"14,690"
2342,"10,555"
2343,"11,295"
2344,"9,271"
2345,"10,254"
2346,"7,911"
2347,"8,846"
2348,"6,759"
2349,"8,428"
2350,"7,896"
2351,"9,203"
2352,"8,029"
2353,"8,761"
2354,"8,062"
2355,"8,233"
2356,"5,997"
2357,"6,484"
2358,"7,368"
2359,"7,633"
2360,"4,820"
2361,"7,332"
2362,"4,568"
2363,"4,880"
2364,"3,293"
2365,"5,262"
2366,"3,793"
2367,"5,493"
2368,"5,129"
2369,"3,652"
2370,"2,880"
2371,"2,904"
2372,"4,739"
2373,"4,026"
2374,"3,942"
2375,"3,943"
2376,"3,850"
2377,"3,280"
2378,"3,973"
2379,"2,365"
2380,"3,992"
2381,"2,352"
2382,"3,599"
2383,"2,706"
2384,"2,001"
2385,"3,246"
2386,"4,421"
2387,"3,495"
2388,"2,067"
2389,"2,399"
2390,"2,749"
2391,"2,526"
2392,"2,612"
2393,"1,680"
2394,"2,104"
2395,"2,553"
2396,"1,885"
2397,"2,936"
2398,"1,963"
2399,"2,597"
2400,"1,736"
2401,"2,286"
2402,"2,779"
2403,"1,478"
2404,"1,599"
2405,"2,315"
2406,"1,753"
2407,"2,298"
2408,"2,374"
2409,"1,715"
2410,"1,736"
2411,"2,190"
2412,"2,018"
2413,"1,568"
2414,"2,805"
2415,"1,925"
2416,"1,459"
2417,"2,541"
2418,"1,786"
2419,"1,181"
2420,"1,813"
2421,"2,089"
2422,"2,399"
2423,"1,614"
2424,"1,612"
2425,"1,433"
2426,"1,703"
2427,"2,136"
2428,"1,079"
2429,"1,544"
2430,"1,595"
2431,"1,875"
2432,"1,583"
2433,"1,531"
2434,"1,325"
2435,"2,721"
2436,"1,203"
2437,"1,024"
2438,"1,404"
2439,"1,955"
2440,"1,442"
2441,"2,122"
2442,"1,599"
2443,"1,345"
2444,"1,506"
2445,"2,161"
2446,"1,461"
2447,648
2448,"1,264"
2449,"1,284"
2450,"1,371"
2451,"1,049"
2452,"1,231"
2453,908
2454,"1,898"
2455,"1,023"
2456,"1,523"
2457,"1,269"
2458,"1,202"
2459,639
2460,960
2461,"1,320"
2462,"1,269"
2463,"1,286"
2464,688
2465,"1,118"
2466,973
2467,680
2468,548
2469,938
2470,"1,243"
2471,483
2472,875
2473,966
2474,"1,196"
2475,513
2476,808
2477,598
2478,836
2479,908
2480,952
2481,"1,071"
2482,709
2483,"2,422"
2484,696
2485,777
2486,880
2487,416
2488,846
2489,564
2490,803
2491,707
2492,759
2493,581
2494,389
2495,820
2496,745
2497,717
2498,569
2499,756
2500,426
2501,"1,399"
2502,388
2503,407
2504,579
2505,766
2506,507
2507,618
2508,547
2509,415
2510,303
2511,672
2512,668
2513,446
2514,542
2515,325
2516,590
2517,462
2518,570
2519,380
2520,475
2521,267
2522,393
2523,520
2524,490
2525,478
2526,533
2527,446
2528,308
2529,420
2530,476
2531,334
2532,344
2533,363
2534,417
2535,256
2536,592
2537,558
2538,318
2539,342
2540,450
2541,392
2542,448
2543,228
2544,350
2545,414
2546,231
2547,432
2548,324
2549,333
2550,404
2551,396
2552,292
2553,365
2554,293
2555,331
2556,377
2557,269
2558,277
2559,298
2560,305
2561,446
2562,244
2563,272
2564,231
2565,282
2566,260
2567,441
2568,365
2569,354
2570,148
2571,270
2572,216
2573,299
2574,219
2575,301
2576,238
2577,168
2578,281
2579,167
2580,172
2581,174
2582,162
2583,275
2584,269
2585,193
2586,233
2587,181
2588,230
2589,186
2590,99
2591,281
2592,173
2593,423
2594,178
2595,95
2596,177
2597,306
2598,190
2599,163
2600,306
2601,165
2602,78
2603,254
2604,158
2605,70
2606,78
2607,185
2608,113
2609,152
2610,134
2611,235
2612,136
2613,135
2614,167
2615,146
2616,118
2617,138
2618,113
2619,142
2620,115
2621,193
2622,126
2623,137
2624,79
2625,136
2626,95
2627,167
2628,67
2629,138
2630,107
2631,116
2632,106
2633,135
2634,103
2635,162
2636,69
2637,47
2638,82
2639,93
2640,115
2641,91
2642,89
2643,69
2644,44
2645,105
2646,74
2647,111
2648,54
2649,71
2650,53
2651,86
2652,86
2653,66
2654,59
2655,65
2656,57
2657,52
2658,49
2659,49
2660,102
2661,38
2662,31
2663,35
2664,61
2665,37
2666,24
2667,52
2668,47
2669,55
2670,25
2671,19
2672,42
2673,26
2674,"47,501"
2675,"32,498"
2676,"25,764"
2677,"41,756"
2678,"31,846"
2679,"27,359"
2680,"31,312"
2681,"28,569"
2682,"21,131"
2683,"26,127"
2684,"30,912"
2685,"19,341"
2686,"21,478"
2687,"15,097"
2688,"13,104"
2689,"12,753"
2690,"9,990"
2691,"15,081"
2692,"12,713"
2693,"9,715"
2694,"14,625"
2695,"17,095"
2696,"9,319"
2697,"8,348"
2698,"10,623"
2699,"9,517"
2700,"9,495"
2701,"8,721"
2702,"6,639"
2703,"8,288"
2704,"6,908"
2705,"8,385"
2706,"8,260"
2707,"8,030"
2708,"7,273"
2709,"5,535"
2710,"6,552"
2711,"7,288"
2712,"4,898"
2713,"4,556"
2714,"4,599"
2715,"3,948"
2716,"7,108"
2717,"3,244"
2718,"5,110"
2719,"4,395"
2720,"4,932"
2721,"3,429"
2722,"5,120"
2723,"4,678"
2724,"3,609"
2725,"3,527"
2726,"4,573"
2727,"2,513"
2728,"3,057"
2729,"3,826"
2730,"3,715"
2731,"2,338"
2732,"3,380"
2733,"2,522"
2734,"2,469"
2735,"3,647"
2736,"2,958"
2737,"3,814"
2738,"3,481"
2739,"3,199"
2740,"2,297"
2741,"2,850"
2742,"2,692"
2743,"2,426"
2744,"3,109"
2745,"2,042"
2746,"2,976"
2747,"1,672"
2748,"1,945"
2749,"1,945"
2750,"2,155"
2751,"2,409"
2752,"3,059"
2753,"3,562"
2754,"1,398"
2755,"1,605"
2756,"1,318"
2757,"1,483"
2758,"2,081"
2759,"2,291"
2760,"1,031"
2761,"1,418"
2762,"1,814"
2763,"1,492"
2764,"2,408"
2765,"1,198"
2766,"2,232"
2767,"1,823"
2768,"2,029"
2769,"1,882"
2770,"2,033"
2771,"1,511"
2772,"1,783"
2773,"1,737"
2774,"2,654"
2775,"2,343"
2776,"1,737"
2777,"2,434"
2778,"1,656"
2779,"1,635"
2780,"2,907"
2781,"1,355"
2782,"1,644"
2783,"1,561"
2784,"1,535"
2785,"1,381"
2786,"1,508"
2787,"1,964"
2788,994
2789,"1,247"
2790,"1,395"
2791,"1,562"
2792,"1,599"
2793,"1,194"
2794,"1,061"
2795,"1,158"
2796,871
2797,"2,090"
2798,"1,238"
2799,"1,424"
2800,938
2801,"1,112"
2802,"1,298"
2803,"1,216"
2804,"1,356"
2805,"1,833"
2806,655
2807,"1,308"
2808,"1,180"
2809,699
2810,"1,313"
2811,"1,453"
2812,976
2813,"1,288"
2814,"1,099"
2815,908
2816,510
2817,"1,019"
2818,877
2819,901
2820,528
2821,516
2822,"1,158"
2823,483
2824,609
2825,834
2826,"1,195"
2827,"1,115"
2828,588
2829,646
2830,566
2831,536
2832,617
2833,828
2834,613
2835,407
2836,822
2837,575
2838,474
2839,529
2840,767
2841,825
2842,642
2843,780
2844,776
2845,721
2846,630
2847,888
2848,315
2849,"1,064"
2850,713
2851,519
2852,860
2853,338
2854,630
2855,649
2856,494
2857,456
2858,573
2859,440
2860,369
2861,602
2862,399
2863,525
2864,628
2865,515
2866,582
2867,469
2868,571
2869,573
2870,302
2871,508
2872,520
2873,442
2874,439
2875,376
2876,469
2877,387
2878,273
2879,370
2880,359
2881,297
2882,417
2883,200
2884,596
2885,590
2886,308
2887,454
2888,348
2889,346
2890,391
2891,213
2892,430
2893,290
2894,851
2895,"1,222"
2896,283
2897,392
2898,299
2899,270
2900,316
2901,311
2902,278
2903,370
2904,285
2905,311
2906,245
2907,367
2908,244
2909,300
2910,255
2911,327
2912,353
2913,223
2914,261
2915,294
2916,186
2917,296
2918,314
2919,256
2920,218
2921,253
2922,211
2923,193
2924,153
2925,294
2926,193
2927,246
2928,231
2929,251
2930,111
2931,199
2932,181
2933,337
2934,181
2935,344
2936,242
2937,182
2938,142
2939,246
2940,171
2941,287
2942,290
2943,110
2944,191
2945,171
2946,157
2947,147
2948,203
2949,145
2950,153
2951,235
2952,69
2953,164
2954,164
2955,136
2956,118
2957,93
2958,113
2959,151
2960,423
2961,150
2962,94
2963,140
2964,123
2965,123
2966,113
2967,93
2968,124
2969,93
2970,117
2971,129
2972,95
2973,74
2974,90
2975,45
2976,72
2977,139
2978,120
2979,159
2980,145
2981,58
2982,103
2983,56
2984,95
2985,63
2986,101
2987,99
2988,75
2989,53
2990,62
2991,31
2992,115
2993,69
2994,53
2995,65
2996,60
2997,33
2998,79
2999,69
3000,75
3001,70
3002,72
3003,116
3004,82
3005,53
3006,38
3007,24
3008,53
3009,43
3010,39
3011,50
3012,39
3013,45
3014,66
3015,"49,080"
3016,"26,609"
3017,"26,904"
3018,"40,848"
3019,"30,690"
3020,"26,080"
3021,"30,430"
3022,"27,418"
3023,"24,182"
3024,"30,205"
3025,"23,486"
3026,"17,942"
3027,"20,608"
3028,"15,639"
3029,"16,104"
3030,"13,928"
3031,"8,743"
3032,"14,424"
3033,"9,910"
3034,"11,793"
3035,"8,546"
3036,"9,474"
3037,"13,601"
3038,"15,482"
3039,"9,307"
3040,"9,517"
3041,"9,327"
3042,"6,980"
3043,"8,107"
3044,"6,460"
3045,"8,350"
3046,"6,447"
3047,"7,297"
3048,"7,504"
3049,"4,918"
3050,"6,079"
3051,"4,774"
3052,"5,871"
3053,"6,820"
3054,"4,390"
3055,"4,757"
3056,"4,231"
3057,"3,360"
3058,"3,734"
3059,"2,910"
3060,"5,330"
3061,"4,325"
3062,"6,273"
3063,"5,199"
3064,"2,920"
3065,"3,648"
3066,"3,419"
3067,"3,650"
3068,"4,775"
3069,"2,957"
3070,"2,194"
3071,"4,292"
3072,"1,777"
3073,"3,139"
3074,"3,649"
3075,"3,483"
3076,"4,046"
3077,"2,281"
3078,"3,334"
3079,"3,651"
3080,"2,863"
3081,"3,564"
3082,"2,123"
3083,"2,164"
3084,"2,914"
3085,"2,551"
3086,"2,877"
3087,"1,540"
3088,"2,529"
3089,"2,752"
3090,"1,868"
3091,"2,129"
3092,"1,982"
3093,"2,029"
3094,"2,740"
3095,"1,773"
3096,"2,821"
3097,"2,092"
3098,"2,858"
3099,"2,254"
3100,"1,675"
3101,"1,761"
3102,"1,825"
3103,"1,803"
3104,"1,723"
3105,"1,897"
3106,"1,251"
3107,"1,836"
3108,"2,073"
3109,"1,869"
3110,"1,367"
3111,"1,022"
3112,"1,882"
3113,"1,747"
3114,909
3115,"1,204"
3116,"1,111"
3117,"2,481"
3118,"2,122"
3119,"1,752"
3120,"2,437"
3121,"1,313"
3122,"1,071"
3123,"1,476"
3124,838
3125,"1,327"
3126,"1,599"
3127,"2,853"
3128,943
3129,"1,985"
3130,751
3131,"1,620"
3132,"1,454"
3133,"1,391"
3134,"1,285"
3135,"1,213"
3136,"1,126"
3137,"1,002"
3138,979
3139,"2,073"
3140,"1,042"
3141,"1,239"
3142,"1,194"
3143,"1,213"
3144,935
3145,"1,036"
3146,716
3147,"1,358"
3148,"1,387"
3149,"1,069"
3150,"1,314"
3151,987
3152,"1,335"
3153,"1,079"
3154,"1,699"
3155,702
3156,"1,305"
3157,447
3158,598
3159,593
3160,807
3161,678
3162,922
3163,824
3164,609
3165,910
3166,"1,063"
3167,766
3168,551
3169,633
3170,761
3171,793
3172,602
3173,449
3174,"1,092"
3175,819
3176,953
3177,918
3178,592
3179,418
3180,774
3181,788
3182,499
3183,542
3184,714
3185,492
3186,706
3187,653
3188,641
3189,877
3190,577
3191,738
3192,650
3193,474
3194,553
3195,267
3196,280
3197,456
3198,375
3199,298
3200,551
3201,476
3202,561
3203,252
3204,242
3205,372
3206,452
3207,482
3208,667
3209,348
3210,526
3211,437
3212,419
3213,404
3214,405
3215,380
3216,515
3217,495
3218,320
3219,340
3220,459
3221,598
3222,352
3223,332
3224,439
3225,257
3226,232
3227,357
3228,364
3229,375
3230,303
3231,272
3232,320
3233,375
3234,327
3235,236
3236,242
3237,340
3238,236
3239,198
3240,237
3241,124
3242,336
3243,260
3244,266
3245,353
3246,426
3247,200
3248,236
3249,232
3250,301
3251,181
3252,212
3253,222
3254,290
3255,194
3256,252
3257,271
3258,213
3259,147
3260,238
3261,248
3262,201
3263,96
3264,491
3265,191
3266,260
3267,190
3268,166
3269,182
3270,212
3271,217
3272,289
3273,161
3274,218
3275,264
3276,146
3277,188
3278,222
3279,168
3280,188
3281,479
3282,249
3283,107
3284,147
3285,173
3286,123
3287,101
3288,104
3289,106
3290,106
3291,53
3292,148
3293,89
3294,91
3295,99
3296,125
3297,60
3298,69
3299,125
3300,93
3301,96
3302,120
3303,103
3304,123
3305,106
3306,80
3307,79
3308,76
3309,31
3310,73
3311,113
3312,143
3313,82
3314,74
3315,74
3316,107
3317,65
3318,82
3319,109
3320,78
3321,76
3322,60
3323,47
3324,48
3325,92
3326,90
3327,101
3328,33
3329,63
3330,59
3331,38
3332,53
3333,34
3334,109
3335,35
3336,43
3337,31
3338,42
3339,127
3340,37
3341,49
3342,52
3343,54
3344,19
3345,"51,273"
3346,"31,295"
3347,"26,372"
3348,"38,948"
3349,"29,155"
3350,"21,230"
3351,"29,555"
3352,"25,689"
3353,"28,941"
3354,"20,606"
3355,"19,704"
3356,"18,092"
3357,"16,562"
3358,"19,278"
3359,"15,869"
3360,"14,762"
3361,"9,436"
3362,"13,551"
3363,"8,385"
3364,"7,120"
3365,"9,109"
3366,"10,423"
3367,"9,196"
3368,"11,166"
3369,"7,634"
3370,"12,984"
3371,"7,797"
3372,"7,796"
3373,"6,169"
3374,"8,171"
3375,"4,961"
3376,"6,595"
3377,"5,721"
3378,"4,501"
3379,"6,650"
3380,"6,152"
3381,"6,806"
3382,"2,972"
3383,"5,129"
3384,"4,154"
3385,"5,027"
3386,"4,659"
3387,"4,106"
3388,"3,996"
3389,"5,889"
3390,"3,843"
3391,"5,021"
3392,"3,484"
3393,"4,482"
3394,"4,866"
3395,"2,427"
3396,"3,520"
3397,"3,124"
3398,"4,524"
3399,"4,219"
3400,"3,180"
3401,"1,867"
3402,"4,074"
3403,"3,394"
3404,"1,936"
3405,"3,532"
3406,"2,190"
3407,"2,169"
3408,"2,311"
3409,"2,543"
3410,"2,932"
3411,"2,802"
3412,"3,383"
3413,"2,341"
3414,"2,842"
3415,"1,978"
3416,"1,726"
3417,"3,106"
3418,"2,057"
3419,"3,045"
3420,"2,475"
3421,"2,015"
3422,"1,786"
3423,"1,569"
3424,"1,185"
3425,"2,198"
3426,"2,183"
3427,"1,234"
3428,"2,017"
3429,"2,210"
3430,"2,186"
3431,"2,010"
3432,"1,617"
3433,"1,863"
3434,"2,586"
3435,"1,693"
3436,"1,519"
3437,"1,663"
3438,"2,387"
3439,"1,767"
3440,"1,793"
3441,"2,100"
3442,"1,480"
3443,"1,708"
3444,"1,479"
3445,"1,852"
3446,"1,574"
3447,947
3448,"1,584"
3449,"2,331"
3450,"1,902"
3451,940
3452,"1,550"
3453,853
3454,"1,283"
3455,"1,012"
3456,635
3457,"1,838"
3458,"1,509"
3459,"1,334"
3460,"1,151"
3461,"1,928"
3462,"1,064"
3463,"1,225"
3464,"1,262"
3465,720
3466,"1,025"
3467,922
3468,957
3469,789
3470,744
3471,"2,242"
3472,999
3473,"1,407"
3474,"1,960"
3475,829
3476,"1,356"
3477,693
3478,"1,012"
3479,864
3480,"1,046"
3481,956
3482,730
3483,"1,195"
3484,571
3485,635
3486,426
3487,"1,140"
3488,"1,198"
3489,897
3490,778
3491,667
3492,970
3493,997
3494,805
3495,748
3496,605
3497,770
3498,"1,377"
3499,371
3500,912
3501,556
3502,689
3503,808
3504,737
3505,794
3506,618
3507,922
3508,648
3509,597
3510,531
3511,395
3512,969
3513,646
3514,693
3515,629
3516,458
3517,546
3518,625
3519,487
3520,327
3521,617
3522,346
3523,490
3524,456
3525,394
3526,452
3527,340
3528,539
3529,540
3530,390
3531,338
3532,202
3533,385
3534,596
3535,316
3536,430
3537,192
3538,329
3539,538
3540,307
3541,236
3542,354
3543,452
3544,220
3545,378
3546,462
3547,261
3548,391
3549,374
3550,508
3551,294
3552,296
3553,147
3554,238
3555,200
3556,271
3557,223
3558,225
3559,251
3560,322
3561,494
3562,299
3563,304
3564,285
3565,375
3566,183
3567,181
3568,239
3569,274
3570,317
3571,278
3572,208
3573,297
3574,185
3575,157
3576,283
3577,255
3578,220
3579,148
3580,236
3581,269
3582,271
3583,126
3584,159
3585,184
3586,234
3587,287
3588,155
3589,202
3590,209
3591,213
3592,184
3593,146
3594,134
3595,135
3596,144
3597,216
3598,124
3599,142
3600,219
3601,132
3602,167
3603,121
3604,182
3605,96
3606,126
3607,109
3608,113
3609,109
3610,76
3611,97
3612,104
3613,104
3614,92
3615,94
3616,119
3617,81
3618,91
3619,123
3620,92
3621,98
3622,122
3623,109
3624,208
3625,103
3626,117
3627,157
3628,46
3629,47
3630,69
3631,71
3632,100
3633,32
3634,47
3635,97
3636,124
3637,55
3638,60
3639,97
3640,29
3641,84
3642,49
3643,39
3644,62
3645,58
3646,44
3647,44
3648,63
3649,42
3650,59
3651,112
3652,40
3653,30
3654,32
3655,64
3656,38
3657,193
3658,"52,404"
3659,"35,505"
3660,"24,759"
3661,"36,934"
3662,"25,876"
3663,"27,614"
3664,"16,111"
3665,"19,471"
3666,"23,758"
3667,"27,477"
3668,"17,112"
3669,"13,905"
3670,"15,920"
3671,"17,596"
3672,"14,235"
3673,"13,284"
3674,"8,271"
3675,"12,687"
3676,"7,462"
3677,"7,956"
3678,"8,638"
3679,"5,089"
3680,"9,103"
3681,"8,473"
3682,"4,865"
3683,"9,362"
3684,"6,026"
3685,"7,204"
3686,"5,709"
3687,"6,037"
3688,"7,655"
3689,"10,629"
3690,"6,528"
3691,"6,909"
3692,"5,475"
3693,"5,443"
3694,"5,331"
3695,"4,335"
3696,"4,993"
3697,"5,813"
3698,"4,764"
3699,"2,825"
3700,"2,951"
3701,"3,530"
3702,"3,124"
3703,"3,764"
3704,"3,531"
3705,"3,275"
3706,"4,385"
3707,"3,276"
3708,"4,844"
3709,"2,984"
3710,"3,123"
3711,"3,902"
3712,"4,196"
3713,"1,746"
3714,"2,616"
3715,"2,406"
3716,"2,152"
3717,"2,404"
3718,"1,881"
3719,"1,503"
3720,"3,032"
3721,"3,778"
3722,"2,140"
3723,"3,298"
3724,"3,382"
3725,"3,156"
3726,"2,637"
3727,"3,234"
3728,"2,660"
3729,"2,325"
3730,"2,383"
3731,"2,334"
3732,"2,445"
3733,"1,681"
3734,"1,556"
3735,"1,838"
3736,"2,091"
3737,"2,233"
3738,"2,565"
3739,"2,748"
3740,"1,968"
3741,"2,679"
3742,"1,077"
3743,"2,061"
3744,"2,054"
3745,"1,831"
3746,"1,748"
3747,"1,686"
3748,"1,494"
3749,"1,548"
3750,"1,693"
3751,"1,551"
3752,"1,296"
3753,"1,204"
3754,848
3755,"1,063"
3756,"1,512"
3757,"1,286"
3758,"1,033"
3759,"1,860"
3760,"1,108"
3761,"1,181"
3762,"1,388"
3763,"1,277"
3764,"1,597"
3765,"1,651"
3766,"1,647"
3767,"1,063"
3768,"1,989"
3769,"1,010"
3770,"1,238"
3771,998
3772,796
3773,"1,244"
3774,"1,273"
3775,701
3776,"1,526"
3777,946
3778,658
3779,829
3780,"1,075"
3781,"1,437"
3782,"1,584"
3783,557
3784,"1,338"
3785,865
3786,930
3787,752
3788,"1,011"
3789,917
3790,672
3791,855
3792,"1,069"
3793,356
3794,799
3795,"1,676"
3796,760
3797,676
3798,"1,056"
3799,637
3800,504
3801,665
3802,989
3803,903
3804,743
3805,662
3806,758
3807,"1,330"
3808,708
3809,671
3810,691
3811,620
3812,475
3813,520
3814,597
3815,488
3816,507
3817,444
3818,697
3819,536
3820,479
3821,432
3822,738
3823,396
3824,"1,088"
3825,266
3826,357
3827,822
3828,522
3829,760
3830,419
3831,566
3832,447
3833,410
3834,511
3835,379
3836,526
3837,435
3838,424
3839,363
3840,307
3841,323
3842,540
3843,227
3844,168
3845,400
3846,287
3847,323
3848,394
3849,248
3850,538
3851,374
3852,390
3853,354
3854,312
3855,316
3856,353
3857,494
3858,305
3859,284
3860,235
3861,249
3862,292
3863,264
3864,323
3865,264
3866,147
3867,318
3868,336
3869,195
3870,253
3871,192
3872,283
3873,205
3874,131
3875,126
3876,204
3877,205
3878,326
3879,231
3880,191
3881,177
3882,120
3883,149
3884,245
3885,208
3886,291
3887,201
3888,123
3889,198
3890,153
3891,114
3892,200
3893,187
3894,109
3895,282
3896,107
3897,185
3898,186
3899,237
3900,166
3901,122
3902,199
3903,168
3904,115
3905,135
3906,194
3907,188
3908,88
3909,69
3910,122
3911,92
3912,55
3913,101
3914,146
3915,98
3916,83
3917,102
3918,88
3919,71
3920,110
3921,94
3922,80
3923,94
3924,83
3925,68
3926,62
3927,92
3928,102
3929,77
3930,56
3931,65
3932,55
3933,63
3934,52
3935,42
3936,44
3937,61
3938,62
3939,32
3940,82
3941,48
3942,60
3943,27
3944,30
3945,36
3946,64
3947,83
3948,54
3949,65
3950,95
3951,60
3952,43
3953,30
3954,26
3955,27
3956,69
3957,"50,604"
3958,"36,055"
3959,"20,920"
3960,"33,723"
3961,"25,211"
3962,"22,070"
3963,"19,120"
3964,"25,529"
3965,"20,400"
3966,"11,332"
3967,"13,869"
3968,"14,344"
3969,"12,944"
3970,"15,205"
3971,"9,094"
3972,"6,408"
3973,"10,289"
3974,"11,238"
3975,"6,189"
3976,"9,742"
3977,"6,915"
3978,"7,392"
3979,"6,239"
3980,"6,117"
3981,"7,533"
3982,"6,512"
3983,"3,567"
3984,"6,542"
3985,"6,815"
3986,"5,365"
3987,"4,633"
3988,"7,411"
3989,"5,833"
3990,"3,746"
3991,"5,474"
3992,"4,036"
3993,"5,095"
3994,"5,134"
3995,"8,183"
3996,"3,660"
3997,"4,039"
3998,"2,141"
3999,"4,835"
4000,"3,995"
4001,"3,065"
4002,"2,641"
4003,"3,043"
4004,"2,677"
4005,"2,795"
4006,"3,182"
4007,"3,124"
4008,"3,537"
4009,"2,619"
4010,"2,486"
4011,"2,830"
4012,"2,095"
4013,"3,769"
4014,"2,031"
4015,"3,558"
4016,"3,577"
4017,"2,435"
4018,"2,968"
4019,"2,438"
4020,"2,292"
4021,"1,189"
4022,"2,286"
4023,"1,771"
4024,"2,743"
4025,"2,204"
4026,"2,195"
4027,"3,105"
4028,"2,190"
4029,"2,095"
4030,"3,421"
4031,"2,574"
4032,"1,064"
4033,"1,742"
4034,"2,052"
4035,"1,313"
4036,"1,986"
4037,"2,526"
4038,"1,479"
4039,"1,709"
4040,"1,584"
4041,"1,557"
4042,"1,642"
4043,"1,966"
4044,"1,267"
4045,"1,287"
4046,"2,221"
4047,"1,493"
4048,"1,562"
4049,"1,182"
4050,"1,144"
4051,997
4052,"1,142"
4053,"1,367"
4054,"1,198"
4055,"1,293"
4056,"1,274"
4057,802
4058,"1,691"
4059,857
4060,"1,433"
4061,"1,139"
4062,"1,003"
4063,"1,153"
4064,"1,469"
4065,948
4066,890
4067,"1,299"
4068,"1,390"
4069,876
4070,706
4071,724
4072,978
4073,"1,373"
4074,840
4075,"1,261"
4076,"1,039"
4077,871
4078,"1,295"
4079,921
4080,484
4081,985
4082,593
4083,"1,337"
4084,683
4085,707
4086,651
4087,587
4088,750
4089,555
4090,610
4091,649
4092,406
4093,394
4094,456
4095,427
4096,447
4097,519
4098,"1,196"
4099,798
4100,938
4101,768
4102,593
4103,751
4104,241
4105,544
4106,552
4107,471
4108,524
4109,422
4110,379
4111,392
4112,381
4113,349
4114,360
4115,496
4116,424
4117,327
4118,186
4119,567
4120,397
4121,441
4122,381
4123,310
4124,613
4125,278
4126,430
4127,365
4128,317
4129,656
4130,342
4131,561
4132,330
4133,522
4134,370
4135,373
4136,343
4137,377
4138,291
4139,326
4140,470
4141,231
4142,710
4143,340
4144,335
4145,278
4146,280
4147,194
4148,284
4149,225
4150,290
4151,180
4152,239
4153,213
4154,154
4155,254
4156,266
4157,634
4158,272
4159,305
4160,305
4161,290
4162,220
4163,247
4164,186
4165,207
4166,196
4167,183
4168,429
4169,214
4170,269
4171,234
4172,269
4173,166
4174,210
4175,190
4176,213
4177,187
4178,240
4179,211
4180,111
4181,279
4182,193
4183,140
4184,155
4185,104
4186,121
4187,128
4188,37
4189,136
4190,115
4191,159
4192,155
4193,208
4194,114
4195,102
4196,167
4197,106
4198,124
4199,67
4200,82
4201,169
4202,74
4203,100
4204,57
4205,113
4206,106
4207,49
4208,77
4209,77
4210,125
4211,54
4212,69
4213,74
4214,72
4215,80
4216,88
4217,98
4218,69
4219,55
4220,34
4221,61
4222,39
4223,78
4224,63
4225,32
4226,80
4227,38
4228,48
4229,35
4230,52
4231,30
4232,45
4233,51
4234,57
4235,58
4236,25
4237,33
4238,35
4239,33
4240,51
4241,40
4242,36
4243,"49,373"
4244,"36,882"
4245,"17,634"
4246,"19,163"
4247,"30,875"
4248,"23,564"
4249,"18,629"
4250,"23,757"
4251,"17,871"
4252,"12,989"
4253,"8,226"
4254,"11,715"
4255,"11,454"
4256,"13,437"
4257,"7,182"
4258,"11,058"
4259,"6,668"
4260,"5,505"
4261,"9,816"
4262,"7,807"
4263,"5,110"
4264,"5,684"
4265,"6,526"
4266,"4,550"
4267,"6,190"
4268,"6,480"
4269,"4,785"
4270,"5,870"
4271,"6,443"
4272,"6,252"
4273,"5,469"
4274,"4,827"
4275,"2,706"
4276,"4,015"
4277,"5,020"
4278,"5,760"
4279,"3,779"
4280,"3,605"
4281,"3,803"
4282,"2,355"
4283,"4,381"
4284,"3,902"
4285,"4,020"
4286,"2,601"
4287,"5,772"
4288,"4,080"
4289,"2,690"
4290,"2,585"
4291,"2,533"
4292,"2,256"
4293,"2,698"
4294,"2,275"
4295,"2,628"
4296,"3,824"
4297,"2,733"
4298,"2,036"
4299,"2,466"
4300,"2,389"
4301,"2,195"
4302,"2,423"
4303,"3,149"
4304,"2,022"
4305,"2,158"
4306,"1,658"
4307,"2,793"
4308,"2,116"
4309,"1,984"
4310,"2,009"
4311,"2,037"
4312,"1,593"
4313,"1,548"
4314,"2,141"
4315,"1,655"
4316,"1,690"
4317,"1,390"
4318,"2,263"
4319,"1,197"
4320,"1,474"
4321,"1,535"
4322,"1,959"
4323,"2,624"
4324,"1,419"
4325,"2,638"
4326,898
4327,"1,594"
4328,"1,073"
4329,"1,214"
4330,"2,054"
4331,"1,401"
4332,"1,585"
4333,"1,330"
4334,726
4335,"1,210"
4336,"1,124"
4337,"1,411"
4338,811
4339,950
4340,"1,182"
4341,"1,023"
4342,813
4343,949
4344,"1,639"
4345,737
4346,"1,316"
4347,879
4348,871
4349,964
4350,548
4351,737
4352,862
4353,"1,411"
4354,630
4355,999
4356,"1,204"
4357,"1,150"
4358,555
4359,799
4360,837
4361,646
4362,782
4363,688
4364,442
4365,629
4366,510
4367,607
4368,652
4369,"1,022"
4370,477
4371,575
4372,442
4373,893
4374,466
4375,484
4376,498
4377,409
4378,241
4379,453
4380,611
4381,231
4382,422
4383,439
4384,712
4385,329
4386,454
4387,635
4388,714
4389,352
4390,309
4391,336
4392,567
4393,421
4394,421
4395,472
4396,611
4397,416
4398,420
4399,562
4400,439
4401,305
4402,364
4403,390
4404,359
4405,343
4406,407
4407,256
4408,302
4409,381
4410,336
4411,279
4412,301
4413,204
4414,306
4415,376
4416,258
4417,219
4418,205
4419,415
4420,231
4421,295
4422,540
4423,191
4424,237
4425,309
4426,394
4427,206
4428,219
4429,256
4430,287
4431,246
4432,157
4433,282
4434,400
4435,193
4436,166
4437,178
4438,247
4439,267
4440,237
4441,200
4442,180
4443,249
4444,274
4445,220
4446,218
4447,190
4448,290
4449,168
4450,175
4451,201
4452,204
4453,138
4454,196
4455,245
4456,215
4457,163
4458,124
4459,175
4460,432
4461,98
4462,223
4463,334
4464,128
4465,124
4466,133
4467,108
4468,121
4469,374
4470,175
4471,49
4472,97
4473,98
4474,73
4475,57
4476,76
4477,104
4478,102
4479,91
4480,75
4481,66
4482,53
4483,92
4484,90
4485,82
4486,53
4487,66
4488,68
4489,89
4490,85
4491,59
4492,44
4493,40
4494,45
4495,61
4496,39
4497,68
4498,63
4499,51
4500,38
4501,37
4502,48
4503,48
4504,47
4505,42
4506,45
4507,58
4508,59
4509,70
4510,36
4511,57
4512,55
4513,41
4514,24
4515,13
4516,48
4517,34
4518,53
4519,31
4520,"48,137"
4521,"37,824"
4522,"19,354"
4523,"28,578"
4524,"14,694"
4525,"21,661"
4526,"9,863"
4527,"21,896"
4528,"15,752"
4529,"15,566"
4530,"12,053"
4531,"10,568"
4532,"11,932"
4533,"11,562"
4534,"9,344"
4535,"7,000"
4536,"5,293"
4537,"8,988"
4538,"5,728"
4539,"6,336"
4540,"4,797"
4541,"3,153"
4542,"6,240"
4543,"3,824"
4544,"4,165"
4545,"5,982"
4546,"5,319"
4547,"5,382"
4548,"4,243"
4549,"2,709"
4550,"5,608"
4551,"5,673"
4552,"4,864"
4553,"4,484"
4554,"3,834"
4555,"4,331"
4556,"3,820"
4557,"3,657"
4558,"4,629"
4559,"3,068"
4560,"2,744"
4561,"4,417"
4562,"2,722"
4563,"2,491"
4564,"2,436"
4565,"2,403"
4566,"3,167"
4567,"3,999"
4568,"3,331"
4569,"1,830"
4570,"2,008"
4571,"2,513"
4572,"1,996"
4573,"2,120"
4574,"2,115"
4575,"1,806"
4576,"2,091"
4577,"2,511"
4578,"1,361"
4579,"2,029"
4580,"2,155"
4581,"2,727"
4582,"1,592"
4583,"3,285"
4584,"1,183"
4585,"2,038"
4586,"1,942"
4587,"2,193"
4588,"1,838"
4589,"1,632"
4590,"1,366"
4591,"1,338"
4592,"2,021"
4593,"1,354"
4594,"1,392"
4595,"1,302"
4596,"1,220"
4597,832
4598,"1,030"
4599,"1,402"
4600,"1,155"
4601,"1,449"
4602,"1,592"
4603,"1,122"
4604,"1,064"
4605,"1,230"
4606,"1,012"
4607,"1,696"
4608,"1,090"
4609,"1,030"
4610,750
4611,603
4612,"1,055"
4613,"1,204"
4614,"1,480"
4615,974
4616,"1,465"
4617,"1,177"
4618,772
4619,813
4620,"1,215"
4621,758
4622,803
4623,"1,137"
4624,635
4625,647
4626,798
4627,514
4628,"1,332"
4629,"1,007"
4630,455
4631,497
4632,499
4633,505
4634,274
4635,492
4636,412
4637,"1,101"
4638,933
4639,"1,008"
4640,576
4641,526
4642,415
4643,447
4644,449
4645,435
4646,504
4647,336
4648,408
4649,441
4650,393
4651,468
4652,505
4653,405
4654,342
4655,734
4656,694
4657,393
4658,427
4659,412
4660,429
4661,411
4662,494
4663,476
4664,408
4665,452
4666,330
4667,341
4668,616
4669,360
4670,234
4671,195
4672,368
4673,264
4674,319
4675,301
4676,249
4677,235
4678,292
4679,357
4680,316
4681,379
4682,467
4683,406
4684,336
4685,294
4686,473
4687,253
4688,225
4689,220
4690,335
4691,265
4692,194
4693,192
4694,232
4695,361
4696,206
4697,182
4698,246
4699,298
4700,162
4701,234
4702,179
4703,269
4704,233
4705,221
4706,239
4707,221
4708,211
4709,227
4710,193
4711,424
4712,252
4713,232
4714,154
4715,161
4716,192
4717,189
4718,76
4719,114
4720,167
4721,232
4722,100
4723,192
4724,103
4725,224
4726,116
4727,121
4728,83
4729,108
4730,86
4731,123
4732,110
4733,80
4734,66
4735,108
4736,70
4737,77
4738,113
4739,60
4740,103
4741,103
4742,140
4743,93
4744,55
4745,79
4746,54
4747,46
4748,75
4749,126
4750,85
4751,87
4752,73
4753,95
4754,67
4755,83
4756,42
4757,77
4758,73
4759,91
4760,82
4761,50
4762,80
4763,56
4764,21
4765,44
4766,51
4767,47
4768,39
4769,44
4770,38
4771,44
4772,55
4773,30
4774,60
4775,47
4776,47
4777,45
4778,35
4779,19
4780,46
4781,51
4782,"47,370"
4783,"38,200"
4784,"19,517"
4785,"11,606"
4786,"26,380"
4787,"19,793"
4788,"12,731"
4789,"19,927"
4790,"13,638"
4791,"13,931"
4792,"12,533"
4793,"11,113"
4794,"9,831"
4795,"5,874"
4796,"7,227"
4797,"10,640"
4798,"7,963"
4799,"3,565"
4800,"7,389"
4801,"6,416"
4802,"4,921"
4803,"5,934"
4804,"4,661"
4805,"5,110"
4806,"5,310"
4807,"3,744"
4808,"4,780"
4809,"3,862"
4810,"3,323"
4811,"4,710"
4812,"5,092"
4813,"5,225"
4814,"2,826"
4815,"4,684"
4816,"3,924"
4817,"3,529"
4818,"4,422"
4819,"2,930"
4820,"2,671"
4821,"2,423"
4822,"3,729"
4823,"2,228"
4824,"4,017"
4825,"2,068"
4826,"2,369"
4827,"2,149"
4828,"2,017"
4829,"2,278"
4830,"2,160"
4831,"2,620"
4832,"1,980"
4833,"1,175"
4834,"2,747"
4835,"2,566"
4836,"1,489"
4837,"1,864"
4838,"2,425"
4839,"1,974"
4840,"1,201"
4841,"1,396"
4842,"2,162"
4843,"1,516"
4844,"1,899"
4845,"2,100"
4846,"1,350"
4847,"2,267"
4848,"1,402"
4849,"1,231"
4850,"1,108"
4851,"1,153"
4852,"1,812"
4853,"1,442"
4854,"1,030"
4855,"1,035"
4856,"1,132"
4857,"1,625"
4858,729
4859,"1,204"
4860,"1,102"
4861,875
4862,927
4863,"1,109"
4864,602
4865,956
4866,628
4867,829
4868,860
4869,"1,177"
4870,724
4871,983
4872,833
4873,624
4874,367
4875,489
4876,694
4877,"1,084"
4878,790
4879,"1,106"
4880,694
4881,987
4882,"1,003"
4883,672
4884,"1,004"
4885,501
4886,"1,244"
4887,637
4888,"1,047"
4889,476
4890,807
4891,"1,047"
4892,572
4893,834
4894,386
4895,530
4896,419
4897,832
4898,417
4899,395
4900,546
4901,426
4902,314
4903,347
4904,389
4905,391
4906,603
4907,588
4908,713
4909,377
4910,754
4911,398
4912,807
4913,337
4914,363
4915,311
4916,319
4917,441
4918,444
4919,329
4920,480
4921,208
4922,346
4923,263
4924,649
4925,304
4926,298
4927,285
4928,357
4929,262
4930,396
4931,315
4932,461
4933,270
4934,224
4935,229
4936,292
4937,166
4938,232
4939,166
4940,219
4941,126
4942,216
4943,351
4944,159
4945,175
4946,231
4947,158
4948,375
4949,176
4950,365
4951,150
4952,288
4953,221
4954,205
4955,204
4956,174
4957,100
4958,196
4959,139
4960,99
4961,193
4962,271
4963,200
4964,224
4965,92
4966,160
4967,169
4968,187
4969,183
4970,127
4971,208
4972,97
4973,109
4974,96
4975,128
4976,137
4977,93
4978,190
4979,171
4980,174
4981,291
4982,194
4983,147
4984,107
4985,162
4986,102
4987,100
4988,119
4989,103
4990,84
4991,75
4992,124
4993,69
4994,75
4995,96
4996,91
4997,103
4998,44
4999,28
5000,53
5001,82
5002,92
5003,77
5004,93
5005,109
5006,74
5007,63
5008,79
5009,49
5010,57
5011,45
5012,87
5013,111
5014,52
5015,51
5016,90
5017,30
5018,44
5019,52
5020,55
5021,30
5022,47
5023,58
5024,69
5025,84
5026,60
5027,69
5028,51
5029,44
5030,41
5031,40
5032,65
5033,26
5034,24
5035,52
5036,28
5037,72
5038,24
5039,"44,195"
5040,"37,823"
5041,"12,660"
5042,"18,587"
5043,"24,006"
5044,"17,877"
5045,"17,770"
5046,"10,400"
5047,"12,796"
5048,"5,954"
5049,"11,469"
5050,"12,269"
5051,"7,091"
5052,"9,199"
5053,"9,606"
5054,"9,493"
5055,"3,667"
5056,"7,084"
5057,"6,232"
5058,"4,863"
5059,"5,378"
5060,"5,582"
5061,"3,305"
5062,"4,126"
5063,"5,328"
5064,"3,715"
5065,"5,170"
5066,"4,440"
5067,"4,305"
5068,"4,707"
5069,"4,726"
5070,"4,720"
5071,"2,742"
5072,"3,429"
5073,"2,988"
5074,"3,072"
5075,"2,410"
5076,"2,248"
5077,"2,485"
5078,"1,934"
5079,"3,875"
5080,"2,081"
5081,"2,603"
5082,"1,803"
5083,"1,909"
5084,"2,894"
5085,"2,630"
5086,"2,541"
5087,"1,758"
5088,"1,531"
5089,"1,504"
5090,"1,152"
5091,"1,828"
5092,"1,635"
5093,"2,121"
5094,"2,135"
5095,"1,423"
5096,"1,099"
5097,"1,197"
5098,"1,044"
5099,"1,212"
5100,"1,190"
5101,"1,651"
5102,"1,076"
5103,"1,959"
5104,"1,239"
5105,"1,721"
5106,"1,400"
5107,751
5108,449
5109,"1,117"
5110,"1,031"
5111,"1,165"
5112,628
5113,"1,025"
5114,844
5115,628
5116,"1,090"
5117,"1,697"
5118,832
5119,511
5120,925
5121,"1,322"
5122,881
5123,992
5124,793
5125,633
5126,"1,276"
5127,555
5128,411
5129,513
5130,538
5131,578
5132,964
5133,435
5134,558
5135,585
5136,526
5137,894
5138,462
5139,"1,143"
5140,728
5141,363
5142,373
5143,678
5144,418
5145,324
5146,384
5147,378
5148,430
5149,841
5150,494
5151,692
5152,779
5153,612
5154,413
5155,426
5156,361
5157,357
5158,226
5159,377
5160,625
5161,329
5162,357
5163,290
5164,477
5165,511
5166,352
5167,401
5168,227
5169,455
5170,462
5171,163
5172,240
5173,318
5174,607
5175,223
5176,251
5177,136
5178,159
5179,375
5180,441
5181,271
5182,440
5183,357
5184,145
5185,212
5186,246
5187,222
5188,143
5189,114
5190,226
5191,148
5192,247
5193,134
5194,156
5195,176
5196,139
5197,167
5198,148
5199,110
5200,102
5201,135
5202,219
5203,134
5204,203
5205,115
5206,267
5207,149
5208,146
5209,177
5210,237
5211,170
5212,101
5213,252
5214,71
5215,199
5216,144
5217,236
5218,151
5219,112
5220,84
5221,116
5222,193
5223,77
5224,90
5225,98
5226,41
5227,86
5228,100
5229,141
5230,92
5231,130
5232,122
5233,53
5234,163
5235,148
5236,101
5237,45
5238,148
5239,67
5240,59
5241,115
5242,107
5243,151
5244,80
5245,102
5246,48
5247,100
5248,88
5249,91
5250,64
5251,83
5252,113
5253,65
5254,64
5255,76
5256,67
5257,62
5258,57
5259,154
5260,47
5261,34
5262,44
5263,48
5264,62
5265,34
5266,82
5267,53
5268,36
5269,29
5270,54
5271,89
5272,37
5273,51
5274,45
5275,64
5276,52
5277,40
5278,17
5279,60
5280,29
5281,"41,603"
5282,"36,804"
5283,"13,752"
5284,"16,906"
5285,"22,701"
5286,"16,147"
5287,"15,933"
5288,"6,123"
5289,"13,083"
5290,"7,595"
5291,"11,061"
5292,"9,880"
5293,"6,881"
5294,"3,792"
5295,"7,834"
5296,"8,278"
5297,"6,116"
5298,"5,691"
5299,"7,959"
5300,"4,872"
5301,"6,336"
5302,"5,137"
5303,"3,315"
5304,"3,690"
5305,"5,180"
5306,"3,916"
5307,"3,397"
5308,"3,911"
5309,"4,728"
5310,"4,491"
5311,"4,199"
5312,"3,091"
5313,"2,548"
5314,"2,636"
5315,"3,119"
5316,"2,116"
5317,"2,530"
5318,"2,021"
5319,"1,981"
5320,"3,751"
5321,"2,625"
5322,"2,610"
5323,"1,675"
5324,"1,739"
5325,"1,107"
5326,"1,230"
5327,"2,444"
5328,"1,286"
5329,"1,540"
5330,"2,069"
5331,"1,408"
5332,531
5333,"1,329"
5334,"1,285"
5335,"2,009"
5336,"1,124"
5337,826
5338,954
5339,530
5340,672
5341,930
5342,"1,045"
5343,"1,369"
5344,972
5345,"1,531"
5346,597
5347,"1,121"
5348,"1,523"
5349,"1,799"
5350,778
5351,"1,073"
5352,982
5353,954
5354,"1,000"
5355,"1,003"
5356,848
5357,571
5358,869
5359,"1,039"
5360,696
5361,"1,234"
5362,802
5363,787
5364,745
5365,468
5366,561
5367,517
5368,"1,139"
5369,553
5370,483
5371,"1,016"
5372,598
5373,"1,148"
5374,398
5375,412
5376,850
5377,547
5378,578
5379,930
5380,408
5381,797
5382,436
5383,844
5384,216
5385,"1,087"
5386,349
5387,218
5388,792
5389,292
5390,376
5391,343
5392,226
5393,310
5394,318
5395,241
5396,343
5397,414
5398,321
5399,451
5400,223
5401,308
5402,297
5403,366
5404,253
5405,637
5406,308
5407,254
5408,172
5409,256
5410,407
5411,374
5412,119
5413,231
5414,213
5415,175
5416,151
5417,230
5418,336
5419,361
5420,128
5421,153
5422,244
5423,371
5424,125
5425,137
5426,111
5427,151
5428,225
5429,304
5430,374
5431,118
5432,195
5433,179
5434,66
5435,102
5436,133
5437,63
5438,189
5439,274
5440,125
5441,161
5442,98
5443,86
5444,71
5445,107
5446,168
5447,60
5448,156
5449,98
5450,105
5451,100
5452,145
5453,109
5454,115
5455,172
5456,46
5457,96
5458,125
5459,53
5460,122
5461,50
5462,81
5463,149
5464,67
5465,54
5466,83
5467,153
5468,122
5469,83
5470,64
5471,68
5472,73
5473,88
5474,101
5475,86
5476,103
5477,44
5478,62
5479,127
5480,81
5481,89
5482,90
5483,103
5484,51
5485,130
5486,46
5487,40
5488,50
5489,49
5490,81
5491,38
5492,28
5493,24
5494,31
5495,43
5496,38
5497,69
5498,20
5499,55
5500,25
5501,28
5502,48
5503,19
5504,23
5505,46
5506,"39,028"
5507,"35,418"
5508,"14,365"
5509,"15,783"
5510,"21,896"
5511,"14,325"
5512,"6,248"
5513,"14,041"
5514,"13,622"
5515,"10,136"
5516,"3,885"
5517,"6,671"
5518,"5,486"
5519,"8,352"
5520,"5,938"
5521,"5,037"
5522,"5,953"
5523,"5,992"
5524,"6,395"
5525,"6,962"
5526,"3,214"
5527,"4,548"
5528,"5,854"
5529,"3,643"
5530,"4,596"
5531,"4,726"
5532,"3,568"
5533,"3,553"
5534,"4,284"
5535,"3,912"
5536,"3,161"
5537,"2,718"
5538,"2,702"
5539,"2,831"
5540,"1,976"
5541,"2,727"
5542,"1,928"
5543,"3,473"
5544,"2,575"
5545,"1,484"
5546,"1,321"
5547,"1,624"
5548,620
5549,"1,048"
5550,"1,376"
5551,"1,889"
5552,"2,328"
5553,"1,340"
5554,"1,365"
5555,885
5556,775
5557,"1,212"
5558,545
5559,998
5560,"1,159"
5561,752
5562,"1,774"
5563,"1,236"
5564,"1,336"
5565,938
5566,"1,097"
5567,"1,458"
5568,592
5569,"1,443"
5570,"1,079"
5571,553
5572,989
5573,535
5574,642
5575,"1,073"
5576,780
5577,814
5578,"1,500"
5579,666
5580,792
5581,594
5582,595
5583,"1,059"
5584,534
5585,961
5586,570
5587,614
5588,506
5589,729
5590,269
5591,418
5592,370
5593,275
5594,777
5595,386
5596,469
5597,325
5598,567
5599,861
5600,394
5601,457
5602,346
5603,437
5604,700
5605,872
5606,702
5607,235
5608,307
5609,974
5610,755
5611,669
5612,336
5613,316
5614,260
5615,351
5616,300
5617,373
5618,318
5619,229
5620,322
5621,186
5622,229
5623,200
5624,143
5625,294
5626,256
5627,409
5628,353
5629,199
5630,153
5631,322
5632,334
5633,466
5634,395
5635,104
5636,241
5637,140
5638,139
5639,99
5640,213
5641,219
5642,145
5643,192
5644,310
5645,225
5646,302
5647,245
5648,208
5649,443
5650,122
5651,213
5652,122
5653,78
5654,115
5655,189
5656,158
5657,121
5658,97
5659,97
5660,69
5661,94
5662,98
5663,88
5664,149
5665,186
5666,59
5667,89
5668,69
5669,96
5670,128
5671,53
5672,85
5673,83
5674,83
5675,130
5676,54
5677,53
5678,82
5679,60
5680,74
5681,164
5682,57
5683,151
5684,73
5685,123
5686,47
5687,66
5688,98
5689,67
5690,45
5691,87
5692,55
5693,79
5694,45
5695,23
5696,26
5697,43
5698,28
5699,64
5700,56
5701,93
5702,80
5703,61
5704,52
5705,58
5706,39
5707,74
5708,31
5709,87
5710,38
5711,28
5712,31
5713,45
5714,60
5715,64
5716,95
5717,95
5718,44
5719,45
5720,57
5721,"32,073"
5722,"34,585"
5723,"14,277"
5724,"14,031"
5725,"20,261"
5726,"5,959"
5727,"12,347"
5728,"13,598"
5729,"12,371"
5730,"3,792"
5731,"9,008"
5732,"5,934"
5733,"5,884"
5734,"4,975"
5735,"6,741"
5736,"5,434"
5737,"5,468"
5738,"2,978"
5739,"3,686"
5740,"5,716"
5741,"4,931"
5742,"3,504"
5743,"3,850"
5744,"3,142"
5745,"4,370"
5746,"4,124"
5747,"2,910"
5748,"3,119"
5749,"3,894"
5750,"3,796"
5751,"2,749"
5752,"3,138"
5753,"3,850"
5754,"2,065"
5755,"1,884"
5756,"1,818"
5757,"1,406"
5758,663
5759,"2,475"
5760,"3,196"
5761,"2,216"
5762,"1,141"
5763,993
5764,"1,480"
5765,929
5766,"1,541"
5767,683
5768,890
5769,"1,371"
5770,"2,102"
5771,"1,096"
5772,"1,118"
5773,673
5774,739
5775,"1,309"
5776,"1,276"
5777,862
5778,953
5779,569
5780,771
5781,"1,059"
5782,"1,546"
5783,568
5784,975
5785,"1,090"
5786,"1,009"
5787,778
5788,746
5789,627
5790,779
5791,482
5792,"1,321"
5793,275
5794,730
5795,"1,053"
5796,314
5797,430
5798,587
5799,497
5800,637
5801,963
5802,484
5803,597
5804,451
5805,381
5806,"1,016"
5807,248
5808,352
5809,389
5810,516
5811,427
5812,791
5813,266
5814,248
5815,616
5816,244
5817,336
5818,130
5819,731
5820,302
5821,245
5822,337
5823,280
5824,171
5825,869
5826,152
5827,122
5828,314
5829,222
5830,307
5831,231
5832,541
5833,611
5834,210
5835,181
5836,131
5837,225
5838,145
5839,344
5840,242
5841,336
5842,216
5843,338
5844,194
5845,260
5846,199
5847,125
5848,85
5849,152
5850,248
5851,89
5852,209
5853,116
5854,109
5855,121
5856,226
5857,211
5858,100
5859,99
5860,253
5861,73
5862,265
5863,280
5864,178
5865,120
5866,96
5867,66
5868,84
5869,179
5870,80
5871,85
5872,90
5873,80
5874,77
5875,268
5876,49
5877,67
5878,49
5879,177
5880,56
5881,121
5882,35
5883,63
5884,72
5885,34
5886,67
5887,99
5888,72
5889,45
5890,104
5891,61
5892,95
5893,32
5894,29
5895,74
5896,58
5897,47
5898,57
5899,38
5900,55
5901,35
5902,49
5903,50
5904,69
5905,62
5906,45
5907,34
5908,22
5909,89
5910,78
5911,92
5912,59
5913,37
5914,54
5915,30
5916,80
5917,47
5918,"29,926"
5919,"32,401"
5920,"14,367"
5921,"12,015"
5922,"6,021"
5923,"19,424"
5924,"10,990"
5925,"13,729"
5926,"11,863"
5927,"3,797"
5928,"8,143"
5929,"6,014"
5930,"5,149"
5931,"5,115"
5932,"5,236"
5933,"2,950"
5934,"4,784"
5935,"5,052"
5936,"4,754"
5937,"3,091"
5938,"3,283"
5939,"3,338"
5940,"2,994"
5941,"4,029"
5942,"3,324"
5943,"2,796"
5944,"3,802"
5945,"2,848"
5946,"2,997"
5947,"3,792"
5948,"2,153"
5949,804
5950,"3,001"
5951,"1,861"
5952,"1,541"
5953,"1,085"
5954,"1,713"
5955,"2,459"
5956,"2,975"
5957,"1,679"
5958,"1,554"
5959,716
5960,866
5961,"2,057"
5962,"1,424"
5963,953
5964,767
5965,956
5966,"1,419"
5967,"1,185"
5968,"1,776"
5969,780
5970,662
5971,916
5972,978
5973,"1,946"
5974,646
5975,818
5976,"1,275"
5977,545
5978,"1,041"
5979,556
5980,687
5981,345
5982,368
5983,749
5984,770
5985,"1,153"
5986,898
5987,"1,074"
5988,"1,252"
5989,707
5990,872
5991,551
5992,655
5993,802
5994,480
5995,336
5996,"1,057"
5997,322
5998,488
5999,201
6000,322
6001,189
6002,355
6003,383
6004,442
6005,312
6006,416
6007,481
6008,258
6009,203
6010,343
6011,256
6012,439
6013,324
6014,156
6015,364
6016,732
6017,303
6018,349
6019,713
6020,345
6021,326
6022,197
6023,602
6024,244
6025,495
6026,180
6027,279
6028,321
6029,786
6030,156
6031,145
6032,96
6033,107
6034,346
6035,415
6036,469
6037,233
6038,103
6039,111
6040,125
6041,150
6042,204
6043,106
6044,118
6045,134
6046,280
6047,104
6048,138
6049,97
6050,240
6051,85
6052,84
6053,165
6054,89
6055,91
6056,161
6057,120
6058,165
6059,178
6060,186
6061,55
6062,209
6063,80
6064,163
6065,65
6066,55
6067,173
6068,73
6069,35
6070,42
6071,52
6072,66
6073,58
6074,57
6075,63
6076,82
6077,120
6078,70
6079,24
6080,63
6081,67
6082,46
6083,52
6084,52
6085,36
6086,47
6087,26
6088,58
6089,84
6090,47
6091,161
6092,80
6093,67
6094,27
6095,42
6096,65
6097,80
6098,66
6099,81
6100,49
6101,40
